seed,method,global_auc,local_auc,difference
96100000,historical_moment,0.006947343034506338,0.006249824831471667,-0.0006975182030346709
96100001,historical_moment,0.003691898274773941,0.003139621095956516,-0.0005522771788174247
96100002,historical_moment,0.005003970542640941,0.004786247969337093,-0.00021772257330384803
96100003,historical_moment,0.003942267792808218,0.0041176146525622485,0.00017534685975403082
96100004,historical_moment,0.006740415512290311,0.006015305245134367,-0.0007251102671559442
96100005,historical_moment,0.006376889627033691,0.0058848151819938166,-0.0004920744450398742
96100006,historical_moment,0.006322492890139805,0.00542801221041615,-0.0008944806797236545
96100007,historical_moment,0.004115585536805062,0.0034008363760851873,-0.0007147491607198747
96100008,historical_moment,0.004544018984462791,0.0037797111866763465,-0.0007643077977864446
96100009,historical_moment,0.006098038283878848,0.004883064940644436,-0.0012149733432344116
96100010,historical_moment,0.004647785595342551,0.003973489827680057,-0.0006742957676624944
96100011,historical_moment,0.005541889012863212,0.004910688713506784,-0.0006312002993564278
96100012,historical_moment,0.005705608585303631,0.005628880678090301,-7.672790721333003e-05
96100013,historical_moment,0.0038914398882128097,0.003060123124532163,-0.0008313167636806468
96100014,historical_moment,0.007173131498963267,0.006653263771585502,-0.000519867727377765
96100015,historical_moment,0.0063704994169261385,0.004963275726695795,-0.0014072236902303433
96100016,historical_moment,0.004538900433134356,0.00442160767960451,-0.0001172927535298459
96100017,historical_moment,0.005209142765410327,0.0050254580520600065,-0.00018368471335032058
96100018,historical_moment,0.0045741932933605406,0.0035591400668982805,-0.00101505322646226
96100019,historical_moment,0.005187015253217297,0.0046659138671517894,-0.0005211013860655072
96100020,historical_moment,0.006215833586115857,0.005133120060884593,-0.0010827135252312638
96100021,historical_moment,0.005880935557876491,0.004198955471175387,-0.0016819800867011042
96100022,historical_moment,0.008897883369150457,0.0070977594530343205,-0.0018001239161161368
96100023,historical_moment,0.004817407909660845,0.004680922605171512,-0.0001364853044893326
96100024,historical_moment,0.004920065296591701,0.00436072085571832,-0.000559344440873381
96100025,historical_moment,0.005162484889507803,0.0048496437166030875,-0.0003128411729047152
96100026,historical_moment,0.006570651259765701,0.00553926592537982,-0.001031385334385881
96100027,historical_moment,0.004309408544647778,0.004057944054613482,-0.000251464490034296
96100028,historical_moment,0.004480897617881741,0.003762808392450284,-0.0007180892254314568
96100029,historical_moment,0.004823409466826499,0.0039193253356132295,-0.0009040841312132697
96100030,historical_moment,0.0055368837330290474,0.004512596005100624,-0.0010242877279284237
96100031,historical_moment,0.0036769373288918403,0.0033904482240626533,-0.000286489104829187
96100000,random_growth128,0.006132078771264588,0.005457247810633746,-0.0006748309606308418
96100001,random_growth128,0.0044820052788243836,0.003686388499820844,-0.0007956167790035395
96100002,random_growth128,0.0056373758506871804,0.005382423248577426,-0.00025495260210975455
96100003,random_growth128,0.004799676083333927,0.0042566377007749925,-0.0005430383825589342
96100004,random_growth128,0.005676544307317804,0.003971364430257334,-0.0017051798770604705
96100005,random_growth128,0.00659714943350886,0.006315840313696571,-0.000281309119812289
96100006,random_growth128,0.00680263144039974,0.006379403874681198,-0.0004232275657185423
96100007,random_growth128,0.005440847468581717,0.004441122436746034,-0.0009997250318356833
96100008,random_growth128,0.003953667060815787,0.0035954089359034112,-0.0003582581249123762
96100009,random_growth128,0.006043413135874391,0.004634714095045671,-0.00140869904082872
96100010,random_growth128,0.004947743782225572,0.00445426116870326,-0.0004934826135223119
96100011,random_growth128,0.00519629692134402,0.005048825970862541,-0.00014747095048147849
96100012,random_growth128,0.006479883346030052,0.005905862800245824,-0.0005740205457842283
96100013,random_growth128,0.004877651124274264,0.0038081896544169005,-0.0010694614698573634
96100014,random_growth128,0.008306347531639483,0.007576512770262652,-0.0007298347613768309
96100015,random_growth128,0.00625419015077195,0.006289256182520406,3.506603174845569e-05
96100016,random_growth128,0.0050139692641537935,0.004492626672673884,-0.0005213425914799095
96100017,random_growth128,0.005785567839490012,0.005065464920335918,-0.0007201029191540942
96100018,random_growth128,0.003736643393055855,0.0030942505950011987,-0.0006423927980546561
96100019,random_growth128,0.0059534097767022405,0.004656547993127851,-0.0012968617835743892
96100020,random_growth128,0.006438649454624423,0.006074127094642222,-0.00036452235998220023
96100021,random_growth128,0.00563364439145997,0.005088171280398997,-0.0005454731110609724
96100022,random_growth128,0.008988681993902112,0.00814179949051831,-0.0008468825033838018
96100023,random_growth128,0.005117685283362771,0.0047282200804692216,-0.0003894652028935495
96100024,random_growth128,0.005378199943767931,0.015989749142085972,0.01061154919831804
96100025,random_growth128,0.007340106013027579,0.007079390638380305,-0.00026071537464727405
96100026,random_growth128,0.007589792621059619,0.006374509252552098,-0.0012152833685075215
96100027,random_growth128,0.004624803555982776,0.004459088080133143,-0.00016571547584963257
96100028,random_growth128,0.007074703503753602,0.005221895004573737,-0.001852808499179865
96100029,random_growth128,0.005284982792776621,0.004489072206518234,-0.0007959105862583868
96100030,random_growth128,0.006258075154140036,0.005668935118922383,-0.0005891400352176527
96100031,random_growth128,0.003995139732074679,0.0036333029757822325,-0.00036183675629244613
96100000,random_growth138,0.006014868903617438,0.004319028543118215,-0.001695840360499223
96100001,random_growth138,0.004152958379747131,0.00373485633515837,-0.0004181020445887611
96100002,random_growth138,0.00568776813952038,0.00436614357643294,-0.00132162456308744
96100003,random_growth138,0.004296592665359712,0.0036641686899056896,-0.0006324239754540223
96100004,random_growth138,0.005996739812865442,0.004717500725476777,-0.0012792390873886646
96100005,random_growth138,0.008022016699880457,0.008197639450404333,0.00017562275052387596
96100006,random_growth138,0.007274214376829124,0.005794926502850337,-0.001479287873978787
96100007,random_growth138,0.00500592396910387,0.004228920487235226,-0.000777003481868644
96100008,random_growth138,0.004581095623493086,0.003500567921529706,-0.0010805277019633797
96100009,random_growth138,0.007246251464279879,0.005507429137043547,-0.001738822327236332
96100010,random_growth138,0.004177486266649322,0.004012884548051831,-0.00016460171859749087
96100011,random_growth138,0.006380338858164148,0.005103425368008274,-0.0012769134901558744
96100012,random_growth138,0.0060187901803205966,0.0057331794352048545,-0.00028561074511574205
96100013,random_growth138,0.004936346460436732,0.003925723546885193,-0.0010106229135515383
96100014,random_growth138,0.007516559025540551,0.006757222701137693,-0.0007593363244028581
96100015,random_growth138,0.005986973084128602,0.006494319943513328,0.0005073468593847262
96100016,random_growth138,0.005408176603797042,0.0048769167797048,-0.0005312598240922416
96100017,random_growth138,0.004881351551207632,0.0046590776950117185,-0.0002222738561959139
96100018,random_growth138,0.004452125017460209,0.003922047594732975,-0.0005300774227272338
96100019,random_growth138,0.005600079394350547,0.004886016110151754,-0.000714063284198793
96100020,random_growth138,0.007642826423949427,0.0067155367227797755,-0.0009272897011696514
96100021,random_growth138,0.005385494905862323,0.004933617115718191,-0.00045187779014413225
96100022,random_growth138,0.009114372495638052,0.006931468733944708,-0.0021829037616933446
96100023,random_growth138,0.0074350629970076415,0.0066126592821934595,-0.000822403714814182
96100024,random_growth138,0.004922111639120773,0.020879388834393473,0.0159572771952727
96100025,random_growth138,0.00599656396732179,0.005593609840996894,-0.00040295412632489636
96100026,random_growth138,0.007520985250274194,0.006713362334665049,-0.000807622915609145
96100027,random_growth138,0.005405475101308123,0.004455401543496457,-0.0009500735578116658
96100028,random_growth138,0.005908349800753531,0.00504671308098467,-0.0008616367197688615
96100029,random_growth138,0.004514152825527284,0.004379705937268811,-0.00013444688825847272
96100030,random_growth138,0.007415837511491972,0.0064555133325021235,-0.0009603241789898484
96100031,random_growth138,0.005104750422204624,0.00449237175002483,-0.0006123786721797938
96100000,fixed7,0.004402293380410235,0.004402293380410235,0.0
96100001,fixed7,0.00404527940785504,0.00404527940785504,0.0
96100002,fixed7,0.004836359095662429,0.004836359095662429,0.0
96100003,fixed7,0.5493268095399018,0.5493268095399018,0.0
96100004,fixed7,0.005518661255961482,0.005518661255961482,0.0
96100005,fixed7,0.007201759684692406,0.007201759684692406,0.0
96100006,fixed7,0.007864343205208369,0.007864343205208369,0.0
96100007,fixed7,0.00478433071721816,0.00478433071721816,0.0
96100008,fixed7,0.004230875238172616,0.004230875238172616,0.0
96100009,fixed7,0.004530406318191748,0.004530406318191748,0.0
96100010,fixed7,0.005142873811463819,0.005142873811463819,0.0
96100011,fixed7,0.0045184693635017,0.0045184693635017,0.0
96100012,fixed7,0.005837695258199649,0.005837695258199649,0.0
96100013,fixed7,0.0043295751416329705,0.0043295751416329705,0.0
96100014,fixed7,0.00675560440286554,0.00675560440286554,0.0
96100015,fixed7,0.00589313492359306,0.00589313492359306,0.0
96100016,fixed7,0.0053690283165965975,0.0053690283165965975,0.0
96100017,fixed7,0.005524461528737199,0.005524461528737199,0.0
96100018,fixed7,0.004216487374437216,0.004216487374437216,0.0
96100019,fixed7,0.005172023181686481,0.005172023181686481,0.0
96100020,fixed7,0.0064985277574497475,0.0064985277574497475,0.0
96100021,fixed7,0.0046691544241412196,0.0046691544241412196,0.0
96100022,fixed7,0.0067837594460729315,0.0067837594460729315,0.0
96100023,fixed7,0.006943028895055061,0.006943028895055061,0.0
96100024,fixed7,0.0048922179630299005,0.0048922179630299005,0.0
96100025,fixed7,0.08937505294363879,0.08937505294363879,0.0
96100026,fixed7,0.0060422586212901435,0.0060422586212901435,0.0
96100027,fixed7,0.006088518092613909,0.006088518092613909,0.0
96100028,fixed7,0.00402332397341553,0.00402332397341553,0.0
96100029,fixed7,0.004653461605263127,0.004653461605263127,0.0
96100030,fixed7,0.006050040615077465,0.006050040615077465,0.0
96100031,fixed7,0.004327782912449107,0.004327782912449107,0.0
