group,method,n,mean,sd,se,ci95_low,ci95_high
indefinite_noisy_global,historical_moment,256,0.005357298928833661,0.0010225123550094265,6.390702218808916e-05,0.005231446154551026,0.0054831517031162956
indefinite_noisy_global,random_growth128,256,0.005938753791271546,0.001172194194747036,7.326213717168976e-05,0.005794477890169546,0.006083029692373547
indefinite_noisy_global,random_growth138,256,0.005788382147621285,0.001089884449169344,6.8117778073084e-05,0.005654237087267273,0.005922527207975297
indefinite_noisy_global,fixed7,256,0.014979392406183716,0.0557353845839316,0.003483461536495725,0.008119374782697197,0.021839410029670235
null_global,historical_moment,32,0.008164419686675653,0.002543786758478331,0.0004496822167031435,0.0072472867591042486,0.009081552614247057
null_global,random_growth128,32,0.009188847435145852,0.00247916883480864,0.0004382592736998852,0.008295011753427011,0.010082683116864692
null_global,random_growth138,32,0.008923372228717745,0.002980960403095972,0.0005269643288694364,0.00784862139421727,0.00999812306321822
null_global,fixed7,32,0.00724326956661355,0.003070159520403349,0.0005427326540504117,0.006136359020879325,0.008350180112347774
lowrank_noiseless_global,historical_moment,32,1.1422146276390513e-06,8.027730255273635e-07,1.4191156252601003e-07,8.527840876681291e-07,1.4316451676099734e-06
lowrank_noiseless_global,random_growth128,32,7.639231110585038e-07,6.595033570631947e-07,1.1658482399866947e-07,5.261467948674588e-07,1.0016994272495488e-06
lowrank_noiseless_global,random_growth138,32,8.700636432278634e-07,1.0149719909007478e-06,1.7942339437008238e-07,5.041272178119947e-07,1.236000068643732e-06
lowrank_noiseless_global,fixed7,32,0.00010912027821604584,7.899937918456365e-05,1.3965249182733086e-05,8.063796472558526e-05,0.00013760259170650643
indefinite_noisy_local,historical_moment,32,0.0046890751655590725,0.0010094190209291767,0.00017844175868942657,0.004325140799313364,0.0050530095318047814
indefinite_noisy_local,random_growth128,32,0.005483144076227016,0.002258605840351626,0.00039926887643504383,0.004668829834010158,0.006297458318443873
indefinite_noisy_local,random_growth138,32,0.0056753544875164375,0.0030095412051612735,0.0005320167486074677,0.00459029917502341,0.006760409800009465
indefinite_noisy_local,fixed7,32,0.024995237449858924,0.09682924066775206,0.017117153173327924,-0.009915426611170328,0.059905901510888176
