group,comparator,confirmatory,n,mean,sd,se,ci95_low,ci95_high,upper95_one_sided,lower95_one_sided,simultaneous_lower95_bonferroni3,p_one_sided_historical_lower,bootstrap95_low,bootstrap95_high,bootstrap_replicates,bootstrap_seed
indefinite_noisy_global,random_growth128,True,256,-0.0005814548624378843,0.0006434265967085453,4.021416229428408e-05,-0.0006606490373016762,-0.0005022606875740923,-0.0005150672686804468,-0.0006478424561953217,-0.0006674987140415751,2.5931343005179814e-35,-0.000660273970672487,-0.000502252183054157,10000,96070031
indefinite_noisy_global,random_growth138,True,256,-0.00043108321878762383,0.0009075199242096787,5.671999526310492e-05,-0.0005427825049810912,-0.0003193839325941565,-0.0003374469526410081,-0.0005247194849342396,-0.0005524436196251749,2.8231962888636567e-13,-0.000539256053880122,-0.00031964819463765545,10000,96070031
indefinite_noisy_global,fixed7,True,256,-0.009622093477350054,0.05581876275388116,0.0034886726721175725,-0.016492373445297595,-0.0027518135094025103,-0.0038628143852145313,-0.015381372569485576,-0.01708659892935601,0.0031173493423169085,-0.01727292063771886,-0.0038145141867628497,10000,96070031
null_global,random_growth128,False,32,-0.0010244277484701986,0.0018100081650305364,0.00031996726187402794,-0.0016770052814689194,-0.00037185021547147786,,,,,-0.001638340891244119,-0.0004149954029987485,10000,96070031
null_global,random_growth138,False,32,-0.0007589525420420904,0.0029490419827533838,0.0005213218960021848,-0.0018221955588394161,0.0003042904747552355,,,,,-0.0017821946853335464,0.00023538296892320539,10000,96070031
null_global,fixed7,False,32,0.0009211501200621035,0.0029253300574027664,0.0005171301801995821,-0.00013354383599234172,0.001975844076116549,,,,,-8.402451299170302e-05,0.0019147682631731292,10000,96070031
lowrank_noiseless_global,random_growth128,False,32,3.782915165805477e-07,1.0057145414512205e-06,1.7778689304951928e-07,1.569275761301299e-08,7.408902755480824e-07,,,,,3.6350619616340414e-08,7.303294731702663e-07,10000,96070031
lowrank_noiseless_global,random_growth138,False,32,2.72150984411188e-07,1.0604821711717786e-06,1.874685336407494e-07,-1.101936107253378e-07,6.544955795477137e-07,,,,,-1.0276524426013514e-07,6.247074053966154e-07,10000,96070031
lowrank_noiseless_global,fixed7,False,32,-0.00010797806358840679,7.91388801925557e-05,1.398990970991647e-05,-0.0001365106725556531,-7.944545462116047e-05,,,,,-0.00013620513913593194,-8.208242660044112e-05,10000,96070031
indefinite_noisy_local,random_growth128,False,32,-0.0007940689106679434,0.0021173143751428165,0.00037429183814181074,-0.0015574421474345945,-3.069567390129237e-05,,,,,-0.0016370334963518548,-0.0002372227817272667,10000,96070031
indefinite_noisy_local,random_growth138,False,32,-0.000986279321957365,0.0029726840962188885,0.0005255012706904448,-0.002058046229628926,8.548758571419609e-05,,,,,-0.002169369501005433,-0.00024449631950096195,10000,96070031
indefinite_noisy_local,fixed7,False,32,-0.020306162284299843,0.0969267788035865,0.01713439564264613,-0.05525199259335265,0.014639668024752965,,,,,-0.05700640658122202,-0.0005448445716262655,10000,96070031
