group,comparator,event_budget,allocated_total_work,n,mean,sd,se,ci95_low,ci95_high
indefinite_noisy_global,random_growth128,3200000,22400000,256,0.00023050404156426904,0.0012510600937472667,7.819125585920417e-05,7.652117493090228e-05,0.00038448690819763577
indefinite_noisy_global,random_growth128,5000000,35000000,256,-0.0007865138291460868,0.001181294815608445,7.383092597552781e-05,-0.0009319098520514975,-0.0006411178062406762
indefinite_noisy_global,random_growth128,6400000,44800000,256,-0.0011358109700217772,0.001562204458092447,9.763777863077794e-05,-0.0013280900794960305,-0.0009435318605475239
indefinite_noisy_global,random_growth128,8000000,56000000,256,-0.0006193335264303076,0.0011530260701134575,7.20641293820911e-05,-0.0007612501781294885,-0.00047741687473112665
indefinite_noisy_global,random_growth128,10000000,70000000,256,-0.000325012768420731,0.0014076133387445993,8.797583367153745e-05,-0.0004982645075614443,-0.00015176102928001771
indefinite_noisy_global,random_growth138,3200000,22400000,256,0.0003885153661982455,0.0014521711689527827,9.076069805954892e-05,0.00020977936418262275,0.0005672513682138682
indefinite_noisy_global,random_growth138,5000000,35000000,256,-0.0006300506862322948,0.0014126920919886854,8.829325574929284e-05,-0.0008039275280258355,-0.0004561738444387541
indefinite_noisy_global,random_growth138,6400000,44800000,256,-0.0009244225244487898,0.001810254008937457,0.00011314087555859106,-0.0011472320465683926,-0.000701613002329187
indefinite_noisy_global,random_growth138,8000000,56000000,256,-0.000575635691376464,0.0014269672800913528,8.918545500570955e-05,-0.0007512695505960783,-0.0004000018321568497
indefinite_noisy_global,random_growth138,10000000,70000000,256,-0.00012401349104088126,0.0014921740624018417,9.32608789001151e-05,-0.00030767312561236714,5.9646143530604615e-05
indefinite_noisy_global,fixed7,3200000,22400000,256,-0.013578730608319226,0.0725553854862252,0.004534711592889075,-0.022508986079416447,-0.0046484751372220055
indefinite_noisy_global,fixed7,5000000,35000000,256,-0.009758256307244147,0.05710790225185454,0.0035692438907409087,-0.01678720602765231,-0.0027293065868359825
indefinite_noisy_global,fixed7,6400000,44800000,256,-0.00936746431046087,0.057252641521537834,0.0035782900950961146,-0.016414228816722762,-0.0023206998041989764
indefinite_noisy_global,fixed7,8000000,56000000,256,-0.008491738835389175,0.05673355478769261,0.003545847174230788,-0.015474613154674178,-0.001508864516104172
indefinite_noisy_global,fixed7,10000000,70000000,256,-0.0040828893863615115,0.04076796309285779,0.0025479976933036118,-0.009100688175737415,0.0009349094030143921
null_global,random_growth128,3200000,22400000,32,-0.00204239088371835,0.003444498781597675,0.0006089071115641291,-0.003284265125359789,-0.0008005166420769108
null_global,random_growth128,5000000,35000000,32,-0.0003238589323381995,0.0028273330878359785,0.0004998065997704802,-0.0013432212131677618,0.0006955033484913628
null_global,random_growth128,6400000,44800000,32,-0.0010801782724539563,0.00389914523518171,0.0006892780091570506,-0.0024859700404351076,0.000325613495527195
null_global,random_growth128,8000000,56000000,32,-0.001317386939910646,0.002958640246505303,0.0005230186453488346,-0.0023840904998156283,-0.0002506833800056637
null_global,random_growth128,10000000,70000000,32,-0.0004613221820161089,0.0030599220999446334,0.0005409229166933577,-0.0015645417440761761,0.0006418973800439583
null_global,random_growth138,3200000,22400000,32,-0.0014079923486012367,0.0034315668438271636,0.0006066210463412764,-0.0026452041294813284,-0.00017078056772114477
null_global,random_growth138,5000000,35000000,32,-0.0010299943702138572,0.0035783397016939493,0.0006325670671142097,-0.002320123409340827,0.0002601346689131126
null_global,random_growth138,6400000,44800000,32,-0.00040912582344496996,0.0044965386799478224,0.000794883248114678,-0.002030300896290108,0.0012120492494001683
null_global,random_growth138,8000000,56000000,32,-0.00025247568627924204,0.00417670716685728,0.0007383444901788088,-0.0017583392020716234,0.0012533878295131393
null_global,random_growth138,10000000,70000000,32,-0.00036872814432365245,0.0036056981444448155,0.0006374034022121701,-0.0016687209539141914,0.0009312646652668865
null_global,fixed7,3200000,22400000,32,9.456144283921837e-05,0.003299110245785626,0.0005832058066692584,-0.0010948946418791981,0.0012840175275576349
null_global,fixed7,5000000,35000000,32,0.0014352777962860427,0.0037973622669411583,0.0006712851523940033,6.618270161221095e-05,0.0028043728909598747
null_global,fixed7,6400000,44800000,32,0.0015790284151065027,0.004159322359904232,0.000735271261457279,7.943279061553305e-05,0.0030786240395974723
null_global,fixed7,8000000,56000000,32,0.000245421762513404,0.004109966148469705,0.0007265462335075213,-0.0012363790501538502,0.0017272225751806581
null_global,fixed7,10000000,70000000,32,0.0009430794169357284,0.0030276974502925188,0.0005352263496207649,-0.0001485219199814868,0.0020346807538529437
lowrank_noiseless_global,random_growth128,3200000,22400000,32,9.02946984904822e-07,3.375493250653365e-06,5.967085418466042e-07,-3.140481097709211e-07,2.1199420795805654e-06
lowrank_noiseless_global,random_growth128,5000000,35000000,32,6.34697262164468e-07,1.6515526693713294e-06,2.9195602299980275e-07,3.92490274999513e-08,1.2301454968289847e-06
lowrank_noiseless_global,random_growth128,6400000,44800000,32,1.6741999754435418e-07,4.352948762758287e-07,7.694998970759941e-08,1.0479458835639975e-08,3.2436053625306836e-07
lowrank_noiseless_global,random_growth128,8000000,56000000,32,-1.171253624407503e-08,2.0699810558661235e-07,3.659244103826564e-08,-8.634331177808553e-08,6.291823928993549e-08
lowrank_noiseless_global,random_growth128,10000000,70000000,32,-2.433250600604363e-07,6.880493723537783e-07,1.2163109424562612e-07,-4.913933122742995e-07,4.743192153426955e-09
lowrank_noiseless_global,random_growth138,3200000,22400000,32,7.873434836674943e-07,3.246064900101506e-06,5.73828625758352e-07,-3.829877144938368e-07,1.9576746818288254e-06
lowrank_noiseless_global,random_growth138,5000000,35000000,32,6.687493261035838e-07,1.1879489977675034e-06,2.100016980062911e-07,2.4044803925367535e-07,1.0970506129534923e-06
lowrank_noiseless_global,random_growth138,6400000,44800000,32,-1.3066459925385036e-07,8.958462708799733e-07,1.5836474325997746e-07,-4.5365162256768937e-07,1.9232242405998864e-07
lowrank_noiseless_global,random_growth138,8000000,56000000,32,-1.7435523911463098e-07,1.3663108967680133e-06,2.415319250784338e-07,-6.669628480461066e-07,3.182523698168446e-07
lowrank_noiseless_global,random_growth138,10000000,70000000,32,-2.487246331949948e-07,1.2207470009796123e-06,2.1579962062645618e-07,-6.888508611898959e-07,1.9140159479990625e-07
lowrank_noiseless_global,fixed7,3200000,22400000,32,-0.00033320068939692753,0.00023744492133763996,4.197472850903789e-05,-0.00041880871259994894,-0.0002475926661939061
lowrank_noiseless_global,fixed7,5000000,35000000,32,-9.059838714288026e-05,6.946869611284554e-05,1.2280446525395158e-05,-0.00011564452295917573,-6.555225132658479e-05
lowrank_noiseless_global,fixed7,6400000,44800000,32,-4.4953263722090486e-05,3.6769146207073615e-05,6.499928155365344e-06,-5.820995459556871e-05,-3.1696572848612265e-05
lowrank_noiseless_global,fixed7,8000000,56000000,32,-2.3749480619718292e-05,2.0086215138975886e-05,3.550774733285435e-06,-3.099133343337856e-05,-1.6507627806058028e-05
lowrank_noiseless_global,fixed7,10000000,70000000,32,-1.2724293785257361e-05,1.1057966329557037e-05,1.9547907444405742e-06,-1.6711115793435156e-05,-8.737471777079565e-06
indefinite_noisy_local,random_growth128,3200000,22400000,32,-0.0012772774679047378,0.010705542986181253,0.0018924905104532113,-0.005137037311151664,0.002582482375342189
indefinite_noisy_local,random_growth128,5000000,35000000,32,-0.0007248821802009094,0.0009616929698301107,0.0001700049050965753,-0.00107160947009872,-0.0003781548903030988
indefinite_noisy_local,random_growth128,6400000,44800000,32,-0.0005823239597496964,0.0012535143022211076,0.0002215921158537171,-0.001034264059648783,-0.0001303838598506097
indefinite_noisy_local,random_growth128,8000000,56000000,32,-0.0007865871435499454,0.0012949180081582455,0.0002289113261623181,-0.0012534548712904272,-0.0003197194158094638
indefinite_noisy_local,random_growth128,10000000,70000000,32,-0.0005035238876924756,0.0014317950458614594,0.00025310799654948543,-0.0010197410500456068,1.2693274660655583e-05
indefinite_noisy_local,random_growth138,3200000,22400000,32,-0.0022100015643326297,0.014663958565001757,0.002592246135087824,-0.007496922413213367,0.0030769192845481073
indefinite_noisy_local,random_growth138,5000000,35000000,32,-0.0007606324687390582,0.0011298699800729815,0.00019973468119217861,-0.0011679940367422064,-0.00035327090073591016
indefinite_noisy_local,random_growth138,6400000,44800000,32,-0.0007007891802054077,0.0012214911277349005,0.00021593116489513784,-0.0011411836945050815,-0.00026039466590573404
indefinite_noisy_local,random_growth138,8000000,56000000,32,-0.0006307656688295683,0.0013025849372795008,0.00023026666055544717,-0.0011003976192892001,-0.00016113371836993634
indefinite_noisy_local,random_growth138,10000000,70000000,32,-0.0005521085276234987,0.0013548411354557968,0.00023950433857781891,-0.0010405808466232382,-6.363620862375895e-05
indefinite_noisy_local,fixed7,3200000,22400000,32,-0.021008219881816052,0.10622383066153147,0.0187778977460951,-0.05930599483003381,0.01728955506640171
indefinite_noisy_local,fixed7,5000000,35000000,32,-0.02213633112493066,0.1048543214048227,0.01853580042551597,-0.05994034533249075,0.01566768308262943
indefinite_noisy_local,fixed7,6400000,44800000,32,-0.0222504097123094,0.10644128042635137,0.018816337796912993,-0.06062658366105042,0.016125764236431615
indefinite_noisy_local,fixed7,8000000,56000000,32,-0.021854709469423195,0.10572335823173112,0.01868942588386792,-0.05997204486500089,0.016262625926154503
indefinite_noisy_local,fixed7,10000000,70000000,32,-0.006024792341116401,0.02055586793765952,0.0036337984029735444,-0.013435973045474739,0.001386388363241937
