group,method,event_budget,allocated_total_work,n,mean,sd,se,ci95_low,ci95_high,target_successes,target_n,target_rate,target_wilson95_low,target_wilson95_high
indefinite_noisy_global,historical_moment,3200000,22400000,256,0.005514084793410855,0.0012737580625674578,7.960987891046611e-05,0.0053573082174080055,0.005670861369413705,255,256,0.99609375,0.9782090246194175,0.9993101178330381
indefinite_noisy_global,historical_moment,5000000,35000000,256,0.0049643447810771065,0.0011344301310431653,7.090188319019783e-05,0.004824716953088388,0.005103972609065825,256,256,1.0,0.9852161435741286,0.9999999999999999
indefinite_noisy_global,historical_moment,6400000,44800000,256,0.005352787750171501,0.0012864291777530156,8.040182360956348e-05,0.005194451589101983,0.005511123911241019,256,256,1.0,0.9852161435741286,0.9999999999999999
indefinite_noisy_global,historical_moment,8000000,56000000,256,0.0055243615605671936,0.0012026731856856516,7.516707410535322e-05,0.005376334247026833,0.005672388874107554,256,256,1.0,0.9852161435741286,0.9999999999999999
indefinite_noisy_global,historical_moment,10000000,70000000,256,0.005939730830072409,0.0013776391498614988,8.610244686634368e-05,0.005770168371368581,0.006109293288776237,253,256,0.98828125,0.9661184273321177,0.9960067128769923
indefinite_noisy_global,random_growth128,3200000,22400000,256,0.0052835807518465845,0.001417057890554823,8.856611815967644e-05,0.005109166559224161,0.005457994944469008,256,256,1.0,0.9852161435741286,0.9999999999999999
indefinite_noisy_global,random_growth128,5000000,35000000,256,0.0057508586102231925,0.0015128474188731797,9.455296367957373e-05,0.005564654459438377,0.005937062761008008,254,256,0.9921875,0.9719672316984642,0.9978549096323186
indefinite_noisy_global,random_growth128,6400000,44800000,256,0.006488598720193278,0.0017429416048795538,0.00010893385030497211,0.006274074137373253,0.006703123303013304,247,256,0.96484375,0.9345472295717082,0.9813959039073644
indefinite_noisy_global,random_growth128,8000000,56000000,256,0.006143695086997501,0.0013817433645290655,8.63589602830666e-05,0.005973627473710812,0.006313762700284189,256,256,1.0,0.9852161435741286,0.9999999999999999
indefinite_noisy_global,random_growth128,10000000,70000000,256,0.00626474359849314,0.0015112587285493622,9.445367053433514e-05,0.006078734986748756,0.006450752210237524,249,256,0.97265625,0.9446442920775396,0.9866928436448789
indefinite_noisy_global,random_growth138,3200000,22400000,256,0.005125569427212609,0.0012069192441338506,7.543245275836566e-05,0.004977019500685858,0.00527411935373936,256,256,1.0,0.9852161435741286,0.9999999999999999
indefinite_noisy_global,random_growth138,5000000,35000000,256,0.005594395467309401,0.0014302160028512644,8.938850017820402e-05,0.005418361749085436,0.005770429185533365,254,256,0.9921875,0.9719672316984642,0.9978549096323186
indefinite_noisy_global,random_growth138,6400000,44800000,256,0.006277210274620291,0.0017833017990248863,0.0001114563624390554,0.006057718081992041,0.006496702467248541,246,256,0.9609375,0.9296001682001327,0.9786459641572671
indefinite_noisy_global,random_growth138,8000000,56000000,256,0.006099997251943656,0.0014439415305970897,9.024634566231811e-05,0.005922274169540527,0.006277720334346785,251,256,0.98046875,0.9551018677503436,0.9916292702154206
indefinite_noisy_global,random_growth138,10000000,70000000,256,0.006063744321113292,0.0013928059285116944,8.70503705319809e-05,0.005892315106315314,0.0062351735359112695,252,256,0.984375,0.9605207372908033,0.9939074017966336
indefinite_noisy_global,fixed7,3200000,22400000,256,0.01909281540173008,0.07237213579258917,0.004523258487036823,0.010185114653045309,0.02800051615041485,237,256,0.92578125,0.886999229454155,0.9519738928081888
indefinite_noisy_global,fixed7,5000000,35000000,256,0.014722601088321255,0.05709019894561557,0.003568137434100973,0.007695830324669197,0.021749371851973315,241,256,0.94140625,0.9055877343822104,0.9641733923668249
indefinite_noisy_global,fixed7,6400000,44800000,256,0.01472025206063237,0.057204654317367196,0.0035752908948354497,0.0076793939111449005,0.02176111021011984,241,256,0.94140625,0.9055877343822104,0.9641733923668249
indefinite_noisy_global,fixed7,8000000,56000000,256,0.014016100395956368,0.0566110106399151,0.003538188164994694,0.007048309044514584,0.020983891747398155,244,256,0.953125,0.9198669811156821,0.9729851489983719
indefinite_noisy_global,fixed7,10000000,70000000,256,0.010022620216433922,0.040747800375544346,0.0025467375234715216,0.00500730309282816,0.015037937340039685,246,256,0.9609375,0.9296001682001327,0.9786459641572671
null_global,historical_moment,3200000,22400000,32,0.004217480277904986,0.0018633461946129762,0.0003293961824772459,0.0035456723345509986,0.004889288221258974,32,32,1.0,0.8928208017449296,1.0000000000000002
null_global,historical_moment,5000000,35000000,32,0.00790026960078825,0.0028082048848223694,0.0004964251792547712,0.006887803772568398,0.008912735429008103,25,32,0.78125,0.6124500635075647,0.8897616374739581
null_global,historical_moment,6400000,44800000,32,0.008923153281060598,0.003615797473889621,0.0006391887282961348,0.007619519274915611,0.010226787287205585,21,32,0.65625,0.48311087978962225,0.7958956207556682
null_global,historical_moment,8000000,56000000,32,0.00987841935107167,0.003217108850446519,0.000568709870991498,0.008718527922086142,0.011038310780057197,20,32,0.625,0.4525440735307745,0.7706611269054578
null_global,historical_moment,10000000,70000000,32,0.011852716069428193,0.004465653366179191,0.0007894234444134596,0.010242676339646374,0.013462755799210012,9,32,0.28125,0.1556458049774277,0.4537450942591657
null_global,random_growth128,3200000,22400000,32,0.006259871161623336,0.003254158576717956,0.0005752593991634076,0.005086621881863648,0.007433120441383025,28,32,0.875,0.7193169451834979,0.9502986561251993
null_global,random_growth128,5000000,35000000,32,0.00822412853312645,0.003004412262588349,0.00053111007108906,0.0071409224016237595,0.00930733466462914,22,32,0.6875,0.5143332169904459,0.8204745836639026
null_global,random_growth128,6400000,44800000,32,0.010003331553514554,0.0038111531415488567,0.0006737230576324026,0.008629264318325967,0.011377398788703141,19,32,0.59375,0.42260024875382873,0.7448036515733456
null_global,random_growth128,8000000,56000000,32,0.011195806290982315,0.003651930355982335,0.0006455761797840279,0.009879144991639565,0.012512467590325066,12,32,0.375,0.22933887309454215,0.5474559264692255
null_global,random_growth128,10000000,70000000,32,0.012314038251444302,0.0033133093429930922,0.00058571587614979,0.011119462846268953,0.013508613656619652,8,32,0.25,0.13252400918509044,0.4210655899424448
null_global,random_growth138,3200000,22400000,32,0.005625472626506223,0.0031490249675960066,0.0005566742271782211,0.004490128054913912,0.006760817198098534,29,32,0.90625,0.7578184527161214,0.9675984487016338
null_global,random_growth138,5000000,35000000,32,0.008930263971002108,0.0032423499199999402,0.0005731719038529043,0.00776127216599748,0.010099255776006736,19,32,0.59375,0.42260024875382873,0.7448036515733456
null_global,random_growth138,6400000,44800000,32,0.009332279104505568,0.0043569436036637686,0.000770206091849501,0.007761433423682084,0.010903124785329052,20,32,0.625,0.4525440735307745,0.7706611269054578
null_global,random_growth138,8000000,56000000,32,0.010130895037350911,0.0034860859276555165,0.0006162587498110529,0.00887402703065183,0.011387763044049993,19,32,0.59375,0.42260024875382873,0.7448036515733456
null_global,random_growth138,10000000,70000000,32,0.012221444213751846,0.0036024463395737585,0.0006368285588933152,0.010922623804839682,0.01352026462266401,11,32,0.34375,0.20410437924433183,0.5168891202103778
null_global,fixed7,3200000,22400000,32,0.004122918835065768,0.0032494178195921885,0.0005744213437855105,0.0029513787805181256,0.005294458889613411,31,32,0.96875,0.8425573617998745,0.994462139835997
null_global,fixed7,5000000,35000000,32,0.006464991804502208,0.003324171688447166,0.0005876360856823316,0.005266500106165341,0.007663483502839075,28,32,0.875,0.7193169451834979,0.9502986561251993
null_global,fixed7,6400000,44800000,32,0.007344124865954095,0.003879917730828081,0.0006858790344786144,0.005945265352533575,0.008742984379374616,26,32,0.8125,0.6469084479862404,0.9111045531043405
null_global,fixed7,8000000,56000000,32,0.009632997588558265,0.003318554920056824,0.0005866431719280404,0.008436530951174387,0.010829464225942144,17,32,0.53125,0.36449517118974645,0.6913061289193116
null_global,fixed7,10000000,70000000,32,0.010909636652492465,0.0036457911761278608,0.0006444909158575223,0.009595188763520713,0.012224084541464217,17,32,0.53125,0.36449517118974645,0.6913061289193116
lowrank_noiseless_global,historical_moment,3200000,22400000,32,3.3638241212471443e-06,2.6844761451536434e-06,4.745528215429159e-07,2.3959672606850123e-06,4.331680981809276e-06,32,32,1.0,0.8928208017449296,1.0000000000000002
lowrank_noiseless_global,historical_moment,5000000,35000000,32,1.22663757534208e-06,1.2959693344868977e-06,2.2909717615637558e-07,7.593908040397055e-07,1.6938843466444546e-06,32,32,1.0,0.8928208017449296,1.0000000000000002
lowrank_noiseless_global,historical_moment,6400000,44800000,32,3.635435539029876e-07,4.09472238550937e-07,7.23851491467508e-08,2.1591306889877985e-07,5.111740389071953e-07,32,32,1.0,0.8928208017449296,1.0000000000000002
lowrank_noiseless_global,historical_moment,8000000,56000000,32,1.5598789349383804e-07,2.617299944343672e-07,4.6267763476114594e-08,6.162416774961371e-08,2.503516192380624e-07,32,32,1.0,0.8928208017449296,1.0000000000000002
lowrank_noiseless_global,historical_moment,10000000,70000000,32,4.9309686170737896e-08,5.958472137207327e-08,1.0533190134326004e-08,2.7827103258330022e-08,7.079226908314577e-08,32,32,1.0,0.8928208017449296,1.0000000000000002
lowrank_noiseless_global,random_growth128,3200000,22400000,32,2.4608771363423225e-06,2.423830344679183e-06,4.2847671829209427e-07,1.5869931079177906e-06,3.3347611647668545e-06,32,32,1.0,0.8928208017449296,1.0000000000000002
lowrank_noiseless_global,random_growth128,5000000,35000000,32,5.919403131776122e-07,8.896363154634064e-07,1.572669678634973e-07,2.711922175460177e-07,9.126884088092068e-07,32,32,1.0,0.8928208017449296,1.0000000000000002
lowrank_noiseless_global,random_growth128,6400000,44800000,32,1.961235563586334e-07,1.4132430113153538e-07,2.4982842919139584e-08,1.4517071229583892e-07,2.470764004214279e-07,32,32,1.0,0.8928208017449296,1.0000000000000002
lowrank_noiseless_global,random_growth128,8000000,56000000,32,1.677004297379131e-07,2.400214228215197e-07,4.243019392678503e-08,8.11634786910278e-08,2.5423738078479837e-07,32,32,1.0,0.8928208017449296,1.0000000000000002
lowrank_noiseless_global,random_growth128,10000000,70000000,32,2.926347462311742e-07,6.934452781864688e-07,1.22584964646861e-07,4.262106250787289e-08,5.426484299544755e-07,32,32,1.0,0.8928208017449296,1.0000000000000002
lowrank_noiseless_global,random_growth138,3200000,22400000,32,2.57648063757965e-06,2.707746639470068e-06,4.786665026260927e-07,1.6002338691341921e-06,3.5527274060251073e-06,32,32,1.0,0.8928208017449296,1.0000000000000002
lowrank_noiseless_global,random_growth138,5000000,35000000,32,5.578882492384963e-07,4.497511187974583e-07,7.950551648697982e-08,3.957356793006097e-07,7.20040819176383e-07,32,32,1.0,0.8928208017449296,1.0000000000000002
lowrank_noiseless_global,random_growth138,6400000,44800000,32,4.942081531568379e-07,1.084360284382751e-06,1.9168962758410406e-07,1.032545801643378e-07,8.851617261493379e-07,32,32,1.0,0.8928208017449296,1.0000000000000002
lowrank_noiseless_global,random_growth138,8000000,56000000,32,3.303431326084691e-07,1.3550230862236714e-06,2.3953650323327044e-07,-1.5819478663856264e-07,8.188810518555008e-07,32,32,1.0,0.8928208017449296,1.0000000000000002
lowrank_noiseless_global,random_growth138,10000000,70000000,32,2.980343193657327e-07,1.2641546446074985e-06,2.2347308041760803e-07,-1.5774203305360474e-07,7.538106717850701e-07,32,32,1.0,0.8928208017449296,1.0000000000000002
lowrank_noiseless_global,fixed7,3200000,22400000,32,0.0003365645135181746,0.00023668955421866637,4.1841197206009994e-05,0.0002512288292031934,0.00042190019783315585,32,32,1.0,0.8928208017449296,1.0000000000000002
lowrank_noiseless_global,fixed7,5000000,35000000,32,9.182502471822234e-05,6.951044546363133e-05,1.228782683765785e-05,6.67638366558285e-05,0.00011688621278061617,32,32,1.0,0.8928208017449296,1.0000000000000002
lowrank_noiseless_global,fixed7,6400000,44800000,32,4.5316807275993474e-05,3.6777682520246995e-05,6.501437176598151e-06,3.2057038733420044e-05,5.85765758185669e-05,32,32,1.0,0.8928208017449296,1.0000000000000002
lowrank_noiseless_global,fixed7,8000000,56000000,32,2.3905468513212132e-05,2.0095040754718742e-05,3.552334896470415e-06,1.666043372575753e-05,3.115050330066674e-05,32,32,1.0,0.8928208017449296,1.0000000000000002
lowrank_noiseless_global,fixed7,10000000,70000000,32,1.27736034714281e-05,1.1052010163549698e-05,1.953737833097159e-06,8.788928890093063e-06,1.6758278052763137e-05,32,32,1.0,0.8928208017449296,1.0000000000000002
indefinite_noisy_local,historical_moment,3200000,22400000,32,0.005121049388205198,0.0012983959391221452,0.00022952614330458613,0.004652927732635986,0.00558917104377441,32,32,1.0,0.8928208017449296,1.0000000000000002
indefinite_noisy_local,historical_moment,5000000,35000000,32,0.004256167730168717,0.0010414624838431038,0.00018410629616921094,0.003880680463565372,0.004631654996772062,32,32,1.0,0.8928208017449296,1.0000000000000002
indefinite_noisy_local,historical_moment,6400000,44800000,32,0.004650353318182277,0.0010443802933913936,0.0001846220968986626,0.004273814069055554,0.005026892567309,32,32,1.0,0.8928208017449296,1.0000000000000002
indefinite_noisy_local,historical_moment,8000000,56000000,32,0.00476775089262767,0.0010011441947770474,0.00017697896226809897,0.0044067999193525996,0.00512870186590274,32,32,1.0,0.8928208017449296,1.0000000000000002
indefinite_noisy_local,historical_moment,10000000,70000000,32,0.00509406778145444,0.001219668892948701,0.00021560903625157893,0.004654330252854774,0.005533805310054106,32,32,1.0,0.8928208017449296,1.0000000000000002
indefinite_noisy_local,random_growth128,3200000,22400000,32,0.006398326856109936,0.01059159582136957,0.0018723473072193807,0.002579649346711902,0.01021700436550797,31,32,0.96875,0.8425573617998745,0.994462139835997
indefinite_noisy_local,random_growth128,5000000,35000000,32,0.0049810499103696265,0.0014496740050729986,0.0002562685798742447,0.004458386695827193,0.00550371312491206,32,32,1.0,0.8928208017449296,1.0000000000000002
indefinite_noisy_local,random_growth128,6400000,44800000,32,0.005232677277931972,0.0013384881353519262,0.00023661350926127109,0.004750100844194569,0.005715253711669376,32,32,1.0,0.8928208017449296,1.0000000000000002
indefinite_noisy_local,random_growth128,8000000,56000000,32,0.005554338036177615,0.0015004800862441767,0.0002652499110046582,0.005013357276028164,0.0060953187963270665,31,32,0.96875,0.8425573617998745,0.994462139835997
indefinite_noisy_local,random_growth128,10000000,70000000,32,0.005597591669146916,0.0015337875722356929,0.00027113789830687747,0.005044602279722377,0.0061505810585714546,31,32,0.96875,0.8425573617998745,0.994462139835997
indefinite_noisy_local,random_growth138,3200000,22400000,32,0.0073310509525378285,0.014549943420493781,0.0025720909146279354,0.002085236946800118,0.012576864958275539,31,32,0.96875,0.8425573617998745,0.994462139835997
indefinite_noisy_local,random_growth138,5000000,35000000,32,0.005016800198907776,0.0013491180382643585,0.000238492628369455,0.004530391276481851,0.0055032091213337,32,32,1.0,0.8928208017449296,1.0000000000000002
indefinite_noisy_local,random_growth138,6400000,44800000,32,0.005351142498387684,0.0014387944579439963,0.00025434532948645565,0.004832401778871933,0.005869883217903435,32,32,1.0,0.8928208017449296,1.0000000000000002
indefinite_noisy_local,random_growth138,8000000,56000000,32,0.005398516561457238,0.0012654522719324761,0.0002237024706878442,0.0049422723644972815,0.005854760758417195,32,32,1.0,0.8928208017449296,1.0000000000000002
indefinite_noisy_local,random_growth138,10000000,70000000,32,0.00564617630907794,0.0012861371458096462,0.00022735907433447806,0.005182474419812531,0.006109878198343348,32,32,1.0,0.8928208017449296,1.0000000000000002
indefinite_noisy_local,fixed7,3200000,22400000,32,0.026129269270021245,0.10604478247683592,0.01874624619970576,-0.012103951923736221,0.0643624904637787,30,32,0.9375,0.7985287685584542,0.982689432968359
indefinite_noisy_local,fixed7,5000000,35000000,32,0.02639249885509938,0.10479720318590105,0.018525703255533772,-0.011390922038511463,0.06417591974871023,30,32,0.9375,0.7985287685584542,0.982689432968359
indefinite_noisy_local,fixed7,6400000,44800000,32,0.026900763030491676,0.10635988730591858,0.018801949390063005,-0.011446065569006566,0.06524759162998992,30,32,0.9375,0.7985287685584542,0.982689432968359
indefinite_noisy_local,fixed7,8000000,56000000,32,0.026622460362050862,0.10561130496003868,0.018669617476800952,-0.011454475520962064,0.0646993962450638,30,32,0.9375,0.7985287685584542,0.982689432968359
indefinite_noisy_local,fixed7,10000000,70000000,32,0.01111886012257084,0.020482253850218814,0.0036207851478684988,0.00373422012698063,0.01850350011816105,29,32,0.90625,0.7578184527161214,0.9675984487016338
