group,method,epsilon,successes,n,rate,wilson95_low,wilson95_high,not_attained,later_grid_failure_after_first_success,lowest_grid_already_attains
indefinite_noisy_global,historical_moment,0.01,256,256,1.0,0.9852161435741286,0.9999999999999999,0,3,255
indefinite_noisy_global,random_growth128,0.01,256,256,1.0,0.9852161435741286,0.9999999999999999,0,16,256
indefinite_noisy_global,random_growth138,0.01,256,256,1.0,0.9852161435741286,0.9999999999999999,0,19,256
indefinite_noisy_global,fixed7,0.01,248,256,0.96875,0.9395583934922568,0.9840817411084887,8,3,237
null_global,historical_moment,0.01,32,32,1.0,0.8928208017449296,1.0000000000000002,0,23,32
null_global,random_growth128,0.01,32,32,1.0,0.8928208017449296,1.0000000000000002,0,26,28
null_global,random_growth138,0.01,30,32,0.9375,0.7985287685584542,0.982689432968359,2,23,29
null_global,fixed7,0.01,31,32,0.96875,0.8425573617998745,0.994462139835997,1,19,31
lowrank_noiseless_global,historical_moment,0.01,32,32,1.0,0.8928208017449296,1.0000000000000002,0,0,32
lowrank_noiseless_global,random_growth128,0.01,32,32,1.0,0.8928208017449296,1.0000000000000002,0,0,32
lowrank_noiseless_global,random_growth138,0.01,32,32,1.0,0.8928208017449296,1.0000000000000002,0,0,32
lowrank_noiseless_global,fixed7,0.01,32,32,1.0,0.8928208017449296,1.0000000000000002,0,0,32
indefinite_noisy_local,historical_moment,0.01,32,32,1.0,0.8928208017449296,1.0000000000000002,0,0,32
indefinite_noisy_local,random_growth128,0.01,32,32,1.0,0.8928208017449296,1.0000000000000002,0,2,31
indefinite_noisy_local,random_growth138,0.01,32,32,1.0,0.8928208017449296,1.0000000000000002,0,0,31
indefinite_noisy_local,fixed7,0.01,30,32,0.9375,0.7985287685584542,0.982689432968359,2,1,30
