task,metric,contrast,n,mean,sd,se,ci95_low,ci95_high
null,final_risk,release_residual,12,-0.0019942187825728644,0.0012883497276914757,0.00037191453104652727,-0.002812797146228712,-0.001175640418917017
null,final_risk,release_random,12,-0.0020159948613437673,0.00130660680181032,0.0003771848943750922,-0.0028461732164740774,-0.0011858165062134571
null,final_risk,residual_minus_random_released,12,2.1776078770902967e-05,0.00011892965446710036,3.433203401060479e-05,-5.378821860219958e-05,9.734037614400552e-05
null,final_risk,released_residual_minus_fixed2,12,0.0006086746666293617,0.0007972438748530862,0.00023014448287810485,0.00010213007513768869,0.0011152192581210347
null,final_risk,released_residual_minus_fixed26,12,-0.0001417953250089088,0.0007252412806199443,0.0002093591242966769,-0.0006025916507156753,0.0003190010006978578
null,final_risk,released_residual_minus_fixed26_gated,12,-0.0009610192431398537,0.0010698907447108286,0.00030885085473114307,-0.001640795391084718,-0.0002812430951949894
null,final_risk,fixed26_gated_minus_online,12,0.0008192239181309449,0.0005363910898008441,0.00015484277004371703,0.0004784172791172416,0.0011600305571446482
null,final_risk,release_by_proposal_interaction,12,2.1776078770902967e-05,0.00011892965446710036,3.433203401060479e-05,-5.378821860219958e-05,9.734037614400552e-05
null,tail_risk,release_residual,12,-0.003937893509493783,0.000881811127342163,0.0002545569458727026,-0.004498169569757852,-0.0033776174492297136
null,tail_risk,release_random,12,-0.003945610610522417,0.0008774315384982651,0.00025329266747372046,-0.0045031040127921015,-0.0033881172082527323
null,tail_risk,residual_minus_random_released,12,7.71710102863421e-06,1.7606403393786366e-05,5.08253086943185e-06,-3.4694739906929427e-06,1.8903676047961365e-05
null,tail_risk,released_residual_minus_fixed2,12,-6.183325955609609e-05,8.629446966385663e-05,2.4911067645001812e-05,-0.00011666214976478403,-7.004369347408143e-06
null,tail_risk,released_residual_minus_fixed26,12,-0.0006731661128752906,0.0003021626687505106,8.722684907108152e-05,-0.0008651511132422941,-0.0004811811125082871
null,tail_risk,released_residual_minus_fixed26_gated,12,-0.0007173033488910574,0.0003883281552051006,0.0001121006824707878,-0.0009640352874454063,-0.0004705714103367086
null,tail_risk,fixed26_gated_minus_online,12,4.4137236015766766e-05,0.000312542454857695,9.022323522263833e-05,-0.0001544427658047174,0.00024271723783625095
null,tail_risk,release_by_proposal_interaction,12,7.71710102863421e-06,1.7606403393786366e-05,5.08253086943185e-06,-3.4694739906929427e-06,1.8903676047961365e-05
null,mean_event_risk,release_residual,12,-0.0015748919444751968,0.001112723313965128,0.0003212155524256696,-0.0022818826085547333,-0.0008679012803956604
null,mean_event_risk,release_random,12,-0.0015442965791601555,0.0011552681634601335,0.00033349719257995636,-0.0022783189509608627,-0.0008102742073594483
null,mean_event_risk,residual_minus_random_released,12,-3.059536531504111e-05,0.00019580565410319957,5.6524223552666514e-05,-0.00015500434254016237,9.381361191008013e-05
null,mean_event_risk,released_residual_minus_fixed2,12,0.000773059791331146,0.00058620451618136,0.00016922266760874128,0.00040060321117318644,0.0011455163714891056
null,mean_event_risk,released_residual_minus_fixed26,12,-0.0008627115563163654,0.000664697192973422,0.0001918815516463969,-0.0012850400039854423,-0.00044038310864728857
null,mean_event_risk,released_residual_minus_fixed26_gated,12,-0.0013599480457626711,0.0008701806463700027,0.00025119951521266183,-0.0019128344509679535,-0.0008070616405573887
null,mean_event_risk,fixed26_gated_minus_online,12,0.0004972364894463057,0.0003933607834144601,0.00011355347709649031,0.0002473069714801248,0.0007471660074124867
null,mean_event_risk,release_by_proposal_interaction,12,-3.059536531504111e-05,0.00019580565410319957,5.6524223552666514e-05,-0.00015500434254016237,9.381361191008013e-05
null,final_width,release_residual,12,0.0,0.0,0.0,0.0,0.0
null,final_width,release_random,12,0.0,0.0,0.0,0.0,0.0
null,final_width,residual_minus_random_released,12,0.0,0.0,0.0,0.0,0.0
null,final_width,released_residual_minus_fixed2,12,0.0,0.0,0.0,0.0,0.0
null,final_width,released_residual_minus_fixed26,12,-24.0,0.0,0.0,-24.0,-24.0
null,final_width,released_residual_minus_fixed26_gated,12,-24.0,0.0,0.0,-24.0,-24.0
null,final_width,fixed26_gated_minus_online,12,0.0,0.0,0.0,0.0,0.0
null,final_width,release_by_proposal_interaction,12,0.0,0.0,0.0,0.0,0.0
additive,final_risk,release_residual,12,-0.0045761639169212415,0.0032603561201167454,0.0009411837418017234,-0.006647695365546355,-0.002504632468296128
additive,final_risk,release_random,12,-0.003943247742210376,0.0027109589978598966,0.0007825864535882248,-0.005665708913046802,-0.0022207865713739497
additive,final_risk,residual_minus_random_released,12,6.322880032461296e-05,0.0004719356396021873,0.00013623608428225053,-0.00023662479944961415,0.0003630824000988401
additive,final_risk,released_residual_minus_fixed2,12,-0.011651331382194886,0.0009270620778510354,0.0002676197701013946,-0.01224035852473519,-0.011062304239654581
additive,final_risk,released_residual_minus_fixed26,12,0.00041772132124310674,0.0005846751053431077,0.00016878116472915803,4.6236482371247664e-05,0.0007892061601149658
additive,final_risk,released_residual_minus_fixed26_gated,12,-0.000727417089927349,0.000705092027146492,0.00020354253583824305,-0.0011754111907547424,-0.0002794229890999556
additive,final_risk,fixed26_gated_minus_online,12,0.0011451384111704557,0.0006014914566769742,0.00017363562721385561,0.0007629689724095557,0.0015273078499313556
additive,final_risk,release_by_proposal_interaction,12,-0.0006329161747108658,0.004053045160124039,0.001170013357117662,-0.0032080982108358383,0.0019422658614141066
additive,tail_risk,release_residual,12,-0.005745766589042377,0.0035517266461820166,0.001025295167630577,-0.008002426037710945,-0.003489107140373808
additive,tail_risk,release_random,12,-0.004968947966315561,0.0025399067885358653,0.0007332079340388698,-0.006582727748396563,-0.0033551681842345594
additive,tail_risk,residual_minus_random_released,12,2.0162409283241054e-06,4.759762836072944e-06,1.3740251773427454e-06,-1.007968096599559e-06,5.040449953247769e-06
additive,tail_risk,released_residual_minus_fixed2,12,-0.012330161079775678,0.000918544745654482,0.00026516102808316576,-0.012913776567621368,-0.011746545591929988
additive,tail_risk,released_residual_minus_fixed26,12,-0.00032873358341335007,0.00025500472622152234,7.361352366431138e-05,-0.000490755856580554,-0.00016671131024614607
additive,tail_risk,released_residual_minus_fixed26_gated,12,-0.0004200865488190389,0.00025391534509864797,7.329904642204057e-05,-0.0005814166622428183,-0.0002587564353952595
additive,tail_risk,fixed26_gated_minus_online,12,9.135296540568882e-05,0.00013374672038385922,3.8609352508425366e-05,6.374353493897718e-06,0.00017633157731747993
additive,tail_risk,release_by_proposal_interaction,12,-0.0007768186227268154,0.004424483499560801,0.0012772383697482429,-0.003588001320442335,0.0020343640749887044
additive,mean_event_risk,release_residual,12,-0.005228070030674571,0.0028987451167767457,0.0008367956367415837,-0.00706984480917223,-0.003386295252176912
additive,mean_event_risk,release_random,12,-0.00422181765857407,0.002257140525662715,0.000651580345045091,-0.005655936328625705,-0.0027876989885224357
additive,mean_event_risk,residual_minus_random_released,12,-0.00020435695843331234,0.0010402665147354656,0.00030029907615573744,-0.0008653107686413192,0.0004565968517746945
additive,mean_event_risk,released_residual_minus_fixed2,12,-0.010263834435016017,0.0014043097743345393,0.00040538931311883444,-0.011156090297250315,-0.00937157857278172
additive,mean_event_risk,released_residual_minus_fixed26,12,0.0011243213961031479,0.0007692974755458395,0.000222077052296645,0.0006355330996013375,0.0016131096926049584
additive,mean_event_risk,released_residual_minus_fixed26_gated,12,-5.610866013603758e-05,0.0007332708974721512,0.0002116770750222325,-0.0005220067609915757,0.00040978944071950053
additive,mean_event_risk,fixed26_gated_minus_online,12,0.0011804300562391855,0.0003961442935070676,0.0001143570072471198,0.000928731980335783,0.001432128132142588
additive,mean_event_risk,release_by_proposal_interaction,12,-0.0010062523721005,0.0031094725470119907,0.0008976274060275621,-0.002981916972058716,0.0009694122278577158
additive,final_width,release_residual,12,0.3333333333333333,0.6513389472789296,0.18802535827258873,-0.08050768994554808,0.7471743566122147
additive,final_width,release_random,12,0.16666666666666666,0.5773502691896257,0.16666666666666666,-0.20016419334860638,0.5334975266819397
additive,final_width,residual_minus_random_released,12,0.0,0.0,0.0,0.0,0.0
additive,final_width,released_residual_minus_fixed2,12,2.0,0.0,0.0,2.0,2.0
additive,final_width,released_residual_minus_fixed26,12,-22.0,0.0,0.0,-22.0,-22.0
additive,final_width,released_residual_minus_fixed26_gated,12,-22.0,0.0,0.0,-22.0,-22.0
additive,final_width,fixed26_gated_minus_online,12,0.0,0.0,0.0,0.0,0.0
additive,final_width,release_by_proposal_interaction,12,0.16666666666666666,0.9374368665610922,0.27061471362866296,-0.42895230213246904,0.7622856354658023
interaction,final_risk,release_residual,12,-0.003721261491547815,0.0013158959797191048,0.00037986644905818574,-0.004557341908741588,-0.0028851810743540417
interaction,final_risk,release_random,12,-0.004657387590519137,0.0025490677988228706,0.0007358524899164957,-0.006276988000841826,-0.003037787180196448
interaction,final_risk,residual_minus_random_released,12,-0.00010993284407002923,0.0009985765764481203,0.0002882642276093886,-0.0007443981312235718,0.0005245324430835133
interaction,final_risk,released_residual_minus_fixed2,12,-0.06534594752515589,0.0017862431476486557,0.000515643981066538,-0.06648087227537391,-0.06421102277493787
interaction,final_risk,released_residual_minus_fixed26,12,0.006751450128641759,0.000863645930384492,0.00024931310519600564,0.006202715683888985,0.007300184573394533
interaction,final_risk,released_residual_minus_fixed26_gated,12,0.0038011968307454097,0.0009075896370667018,0.00026199856063708753,0.0032245418868178106,0.004377851774673008
interaction,final_risk,fixed26_gated_minus_online,12,0.0029502532978963486,0.0010352806165810405,0.0002988597713349328,0.002292467376239781,0.003608039219552916
interaction,final_risk,release_by_proposal_interaction,12,0.0009361260989713219,0.0026865771735451213,0.0007755480271724899,-0.0007708435997736751,0.002643095797716319
interaction,tail_risk,release_residual,12,-0.004571458359596092,0.002132534820838434,0.0006156097764336601,-0.0059264063419339095,-0.0032165103772582746
interaction,tail_risk,release_random,12,-0.005886827779727169,0.0028245766913716874,0.0008153850565550931,-0.00768147818896541,-0.0040921773704889275
interaction,tail_risk,residual_minus_random_released,12,9.944791763664047e-05,0.00019449109008401098,5.614474160749375e-05,-2.4125825458632834e-05,0.0002230216607319138
interaction,tail_risk,released_residual_minus_fixed2,12,-0.0670452407672591,0.0012934743277736706,0.0003733938756649995,-0.06786707514646687,-0.06622340638805133
interaction,tail_risk,released_residual_minus_fixed26,12,0.0047427559304820425,0.0011351489512751278,0.0003276892762945082,0.004021516696236661,0.005463995164727424
interaction,tail_risk,released_residual_minus_fixed26_gated,12,0.0035537984810363097,0.0009653150431312047,0.0002786624500022981,0.0029404665639064733,0.004167130398166146
interaction,tail_risk,fixed26_gated_minus_online,12,0.0011889574494457326,0.0004267727007320144,0.00012319866682520606,0.0009177990120203801,0.0014601158868710851
interaction,tail_risk,release_by_proposal_interaction,12,0.001315369420131077,0.0024822802474057577,0.0007165725845219025,-0.00026179620453014164,0.0028925350447922956
interaction,mean_event_risk,release_residual,12,-0.0039215553774729255,0.002415005460278494,0.0006971520262931024,-0.005455976641671859,-0.0023871341132739917
interaction,mean_event_risk,release_random,12,-0.003936860803098729,0.0019888777226737915,0.0005741395442854817,-0.005200533419892851,-0.002673188186304608
interaction,mean_event_risk,residual_minus_random_released,12,-0.00047174502435192817,0.0016307445126017405,0.00047075539166506,-0.0015078706554398523,0.0005643806067359958
interaction,mean_event_risk,released_residual_minus_fixed2,12,-0.062379048886452966,0.0016102066608247997,0.0004648266245390633,-0.06340212538907893,-0.061355972383827
interaction,mean_event_risk,released_residual_minus_fixed26,12,0.00805249591448804,0.0007885514738964238,0.00022763520286198823,0.007551474211074355,0.008553517617901726
interaction,mean_event_risk,released_residual_minus_fixed26_gated,12,0.005963034543007134,0.0010281690435310423,0.0002968068370275437,0.005309767099295773,0.006616301986718495
interaction,mean_event_risk,fixed26_gated_minus_online,12,0.002089461371480907,0.0005108165415160403,0.00014746003387539977,0.001764904025214542,0.002414018717747272
interaction,mean_event_risk,release_by_proposal_interaction,12,1.53054256258033e-05,0.003001305823587946,0.000866402362584446,-0.0018916333170908974,0.0019222441683425038
interaction,final_width,release_residual,12,0.0,0.0,0.0,0.0,0.0
interaction,final_width,release_random,12,0.08333333333333333,0.28867513459481287,0.08333333333333333,-0.10008209667430319,0.26674876334096986
interaction,final_width,residual_minus_random_released,12,0.0,0.0,0.0,0.0,0.0
interaction,final_width,released_residual_minus_fixed2,12,4.0,0.0,0.0,4.0,4.0
interaction,final_width,released_residual_minus_fixed26,12,-20.0,0.0,0.0,-20.0,-20.0
interaction,final_width,released_residual_minus_fixed26_gated,12,-20.0,0.0,0.0,-20.0,-20.0
interaction,final_width,fixed26_gated_minus_online,12,0.0,0.0,0.0,0.0,0.0
interaction,final_width,release_by_proposal_interaction,12,-0.08333333333333333,0.28867513459481287,0.08333333333333333,-0.26674876334096986,0.10008209667430319
radial,final_risk,release_residual,12,-0.001141583652312585,0.0015577514290244785,0.00044968410343890344,-0.002131331690710725,-0.00015183561391444523
radial,final_risk,release_random,12,-0.0011994249541491624,0.0013878126970802733,0.0004006270171220382,-0.002081199073566547,-0.0003176508347317777
radial,final_risk,residual_minus_random_released,12,0.0005543465463466631,0.0011413113550166921,0.0003294682090240319,-0.00017080809243720117,0.0012795011851305274
radial,final_risk,released_residual_minus_fixed2,12,-0.07074333560606058,0.0010722430365525685,0.0003095299028951636,-0.07142460632893745,-0.07006206488318371
radial,final_risk,released_residual_minus_fixed26,12,0.0042816152303857555,0.000984055236073651,0.0002840722777222916,0.003656376362725561,0.00490685409804595
radial,final_risk,released_residual_minus_fixed26_gated,12,0.0027615196780540045,0.0011760482660717509,0.000339495891498259,0.0020142942589542554,0.0035087450971537535
radial,final_risk,fixed26_gated_minus_online,12,0.0015200955523317513,0.0008490558999176113,0.0002451013261872364,0.0009806311706748638,0.002059559933988639
radial,final_risk,release_by_proposal_interaction,12,5.784130183657717e-05,0.001399999530859288,0.0004041450530034799,-0.0008316759623485307,0.0009473585660216851
radial,tail_risk,release_residual,12,-0.0012477927992272364,0.0012176958049820155,0.00035151850039872234,-0.002021479802102491,-0.0004741057963519819
radial,tail_risk,release_random,12,-0.0012287371586605842,0.0012208062395097396,0.00035241640550466146,-0.002004400437349181,-0.0004530738799719871
radial,tail_risk,residual_minus_random_released,12,6.941670186440957e-06,4.745103385917589e-05,1.3697933585960623e-05,-2.3207278360179216e-05,3.709061873306113e-05
radial,tail_risk,released_residual_minus_fixed2,12,-0.07381168795239486,0.0006758007678108598,0.00019508687760707785,-0.07424107127493665,-0.07338230462985307
radial,tail_risk,released_residual_minus_fixed26,12,0.001444839507337355,0.0006043793248109098,0.0001744692829361115,0.0010608352047031442,0.0018288438099715656
radial,tail_risk,released_residual_minus_fixed26_gated,12,0.000977139059325145,0.0007224289922213509,0.0002085472865646935,0.0005181295764188763,0.0014361485422314138
radial,tail_risk,fixed26_gated_minus_online,12,0.0004677004480122098,0.00019640200725727245,5.669637587968454e-05,0.0003429125660700466,0.000592488329954373
radial,tail_risk,release_by_proposal_interaction,12,-1.9055640566652265e-05,5.7635608959185784e-05,1.663796717374696e-05,-5.567555941016114e-05,1.7564278276856612e-05
radial,mean_event_risk,release_residual,12,-0.0008757319975323206,0.0012540998485542918,0.00036202744257674463,-0.0016725490261896632,-7.891496887497788e-05
radial,mean_event_risk,release_random,12,-0.0009456889018818609,0.0008448713629132293,0.0002438933544042795,-0.0014824945555706507,-0.0004088832481930712
radial,mean_event_risk,residual_minus_random_released,12,0.00043347927191070393,0.0010163567073296937,0.0002933969092847402,-0.00021228297144176188,0.0010792415152631697
radial,mean_event_risk,released_residual_minus_fixed2,12,-0.06991098411719292,0.000776035040728091,0.00022402201983247279,-0.07040405325837794,-0.0694179149760079
radial,mean_event_risk,released_residual_minus_fixed26,12,0.004077086083205748,0.0007278594836079637,0.0002101149343966399,0.0036146262306851152,0.00453954593572638
radial,mean_event_risk,released_residual_minus_fixed26_gated,12,0.002719999137305485,0.0007574782551031748,0.000218665137244553,0.0022387204152008225,0.0032012778594101474
radial,mean_event_risk,fixed26_gated_minus_online,12,0.0013570869459002624,0.0003776835993380717,0.00010902786387317124,0.0011171182354789211,0.0015970556563216036
radial,mean_event_risk,release_by_proposal_interaction,12,6.995690434954034e-05,0.0011178544764922165,0.0003226967914588047,-0.0006402939448604749,0.0007802077535595557
radial,final_width,release_residual,12,0.0,0.0,0.0,0.0,0.0
radial,final_width,release_random,12,0.0,0.0,0.0,0.0,0.0
radial,final_width,residual_minus_random_released,12,0.0,0.0,0.0,0.0,0.0
radial,final_width,released_residual_minus_fixed2,12,1.0,0.0,0.0,1.0,1.0
radial,final_width,released_residual_minus_fixed26,12,-23.0,0.0,0.0,-23.0,-23.0
radial,final_width,released_residual_minus_fixed26_gated,12,-23.0,0.0,0.0,-23.0,-23.0
radial,final_width,fixed26_gated_minus_online,12,0.0,0.0,0.0,0.0,0.0
radial,final_width,release_by_proposal_interaction,12,0.0,0.0,0.0,0.0,0.0
