task,seed,method,initial_risk,final_risk,event12_risk,last6_mean_risk,mean_event_risk,tail_risk,final_width,final_parameters,growth_count,continue_count,hold_count,unique_observed_labels,unique_fitted_labels,repeated_fit_label_accesses,training_parameter_examples,candidate_parameter_examples,proposal_prediction_parameter_examples,rejected_branch_parameter_examples,audit_parameter_examples,audit_prediction_evaluations,betting_factor_evaluations,tail_parameter_examples,tail_unique_fitted_labels,tail_repeated_fit_label_accesses,evaluator_checkpoint_increases,elapsed_seconds
additive,750000,withheld_residual,0.14466416783004132,0.1349359723255834,0.13919998974162318,0.1349359723255834,0.1400553914731175,0.13588397433586738,4,33,2,0,22,100352,2048,7943548,197999220,6881280,8355840,177404707,7766016,294912,1474560,31999968,2048,8913244,0,2.0004326250054874
additive,750000,released_residual,0.14466416783004132,0.13132986172883554,0.13132986172883554,0.13132986172883554,0.13405060620090073,0.131144425466675,4,33,2,0,22,100352,96256,6728678,197999054,6881280,12638208,177404541,9338880,294912,1474560,31999968,100352,7698374,0,1.8219154169782996
additive,750000,withheld_random,0.14466416783004132,0.13498448754608922,0.13929076943869007,0.13498448754608924,0.1395559729009777,0.1358744860241316,4,33,2,0,22,100352,2048,7732531,197999523,0,0,183999530,8060928,294912,1474560,31999968,2048,8702227,0,1.9173753340146504
additive,750000,released_random,0.14466416783004132,0.1315427981991893,0.1315427981991893,0.13154279819918926,0.13398668628643906,0.13114442685315242,4,33,2,0,22,100352,96256,6548519,197999191,0,0,183999198,9437184,294912,1474560,31999968,100352,7518215,0,1.762059832981322
additive,750000,fixed2_online,0.14466416783004132,0.1428085501481312,0.14302949920560468,0.14283142182102104,0.14299343442076926,0.14316115130633444,2,17,0,24,0,100352,96256,11647053,197999901,0,0,0,0,0,0,31999984,100352,13529405,9,2.839807665994158
additive,750000,fixed26_online,0.14414932923337442,0.13139729505541692,0.13193442737580732,0.13170627823197323,0.13239575492963576,0.13192149553520277,26,209,0,24,0,100352,90667,947356,197997404,0,0,0,0,0,0,31999990,100352,1100466,10,0.5263055840041488
additive,750000,fixed26_gated,0.14414932923337442,0.13250674874056392,0.13250674874056392,0.13250674874056392,0.13322596700306796,0.13178215450885422,26,209,0,3,21,100352,90667,947356,197997404,0,0,167997753,41091072,196608,491520,31999990,100352,1100466,0,0.5707594999985304
additive,750001,withheld_residual,0.14543523680937867,0.13910922093126443,0.13910922093126443,0.13910922093126443,0.13910922093126443,0.1402669785473007,3,25,1,0,23,100352,2048,7265015,197998967,6881280,8650752,181261065,8060928,294912,1474560,32000000,2048,8545015,0,1.9316120000148658
additive,750001,released_residual,0.14543523680937867,0.1325048778506305,0.1325048778506305,0.1325048778506305,0.1338807826590959,0.13055168425376168,4,33,2,0,22,100352,96256,6228501,197998949,6881280,13211648,177404436,9830400,294912,1474560,31999968,100352,7198197,0,1.7561564999923576
additive,750001,withheld_random,0.14543523680937867,0.13377540065184387,0.13377540065184387,0.13377540065184387,0.1343524059942007,0.13405395697306782,4,33,2,0,22,100352,2048,5904871,197999063,0,0,183999070,10125312,294912,1474560,31999968,2048,6874567,0,1.5712725830089767
additive,750001,released_random,0.14543523680937867,0.13118579481800766,0.13118579481800766,0.13118579481800766,0.13261914858101867,0.1305499303999682,4,33,2,1,21,100352,96256,6092191,197999183,0,0,179999190,9830400,294912,1474560,31999968,100352,7061887,0,1.6827294579998124
additive,750001,fixed2_online,0.14543523680937867,0.14393815428937035,0.14395662350689586,0.14412203965244105,0.14415194280064664,0.1438913849308946,2,17,0,24,0,100352,96256,11647053,197999901,0,0,0,0,0,0,31999984,100352,13529405,9,2.860480082978029
additive,750001,fixed26_online,0.13955607329802877,0.1307591197783956,0.13277537360572217,0.13108912765142453,0.13203262380003875,0.13121410819528792,26,209,0,24,0,100352,90608,947356,197997404,0,0,0,0,0,0,31999990,100352,1100466,6,0.5312239589984529
additive,750001,fixed26_gated,0.13955607329802877,0.13289974001469862,0.13289974001469862,0.13289974001469862,0.13345443445497615,0.13124537216286114,26,209,0,1,23,100352,90608,947356,197997404,0,0,183997539,41091072,196608,491520,31999990,100352,1100466,0,0.5770613330241758
additive,750002,withheld_residual,0.14754848571453935,0.13402698487001058,0.13402698487001058,0.1340269848700106,0.13729701754927814,0.13464258717556976,4,33,2,0,22,100352,2048,6851769,197999081,6881280,9732096,177404568,9142272,294912,1474560,31999968,2048,7821465,0,1.7831032079993747
additive,750002,released_residual,0.14754848571453935,0.1317615186524747,0.1317615186524747,0.13176151865247474,0.13267291105011633,0.13154495099085867,4,33,2,0,22,100352,96256,6157892,197998972,6881280,13441024,177404459,10027008,294912,1474560,31999968,100352,7127588,0,1.7184229999838863
additive,750002,withheld_random,0.14754848571453935,0.13429600225998575,0.13429600225998575,0.13429600225998575,0.13828529348255367,0.1347134136700121,4,33,2,0,22,100352,2048,6974801,197999393,0,0,183999400,8847360,294912,1474560,31999968,2048,7944497,0,1.7507169579912443
additive,750002,released_random,0.14754848571453935,0.13178585028832907,0.13178585028832907,0.1317858502883291,0.1326925506668756,0.1315442540076503,4,33,2,0,22,100352,96256,6018953,197999065,0,0,183999072,10027008,294912,1474560,31999968,100352,6988649,0,1.629624082997907
additive,750002,fixed2_online,0.14754848571453935,0.14448431315653582,0.14428944248461864,0.14439565373276664,0.14446926671959506,0.14440230128114137,2,17,0,24,0,100352,96256,11647053,197999901,0,0,0,0,0,0,31999984,100352,13529405,12,2.8643803750164807
additive,750002,fixed26_online,0.14193035140750915,0.13155040874090157,0.13207661258860037,0.13204689242182488,0.13259161612673134,0.13177802713255013,26,209,0,24,0,100352,90670,947356,197997404,0,0,0,0,0,0,31999990,100352,1100466,8,0.526866959000472
additive,750002,fixed26_gated,0.14193035140750915,0.13312336340973002,0.13312336340973002,0.13312336340973,0.13377326975881945,0.13193140176237392,26,209,0,2,22,100352,90670,947356,197997404,0,0,175997646,41091072,196608,491520,31999990,100352,1100466,0,0.5651768340030685
additive,750003,withheld_residual,0.14330795624099513,0.13482057365273473,0.13482057365273473,0.13482057365273473,0.1371608005254758,0.13413992060262053,4,33,2,0,22,100352,2048,6961763,197999107,6881280,9633792,177404594,9043968,294912,1474560,31999968,2048,7931459,0,1.806782125000609
additive,750003,released_residual,0.14330795624099513,0.1310051885151922,0.1310051885151922,0.1310051885151922,0.13228384228353463,0.13078340827331708,4,33,2,0,22,100352,96256,6328087,197998999,6881280,13211648,177404486,9830400,294912,1474560,31999968,100352,7297783,0,1.7617923750076443
additive,750003,withheld_random,0.14330795624099513,0.14330795624099513,0.14330795624099513,0.14330795624099513,0.14330795624099513,0.14314926697337194,2,17,0,0,24,100352,2048,9839997,197999949,0,0,191999952,5799936,294912,1474560,31999984,2048,11722349,0,2.4783907090022694
additive,750003,released_random,0.14330795624099513,0.13138138793497217,0.13138138793497217,0.13138138793497214,0.13466850842781697,0.1307798407499604,4,33,2,0,22,100352,96256,6901563,197999275,0,0,183999282,9043968,294912,1474560,31999968,100352,7871259,0,1.8132430000114255
additive,750003,fixed2_online,0.14330795624099513,0.14208715860675888,0.14226263989892066,0.14228361641112508,0.14221686013241372,0.1428372873599928,2,17,0,24,0,100352,96256,11647053,197999901,0,0,0,0,0,0,31999984,100352,13529405,11,2.9219273749913555
additive,750003,fixed26_online,0.1417294680951965,0.1314643132564392,0.13088107114757744,0.13113541180691135,0.1317947452862846,0.13094298332640347,26,209,0,24,0,100352,90670,947356,197997404,0,0,0,0,0,0,31999990,100352,1100466,9,0.5290758330083918
additive,750003,fixed26_gated,0.1417294680951965,0.13208427701958395,0.13208427701958395,0.13208427701958395,0.13256374955150244,0.1310666791116536,26,209,0,2,22,100352,90670,947356,197997404,0,0,175997646,41091072,196608,491520,31999990,100352,1100466,0,0.5593720000179019
additive,750004,withheld_residual,0.14394102500395578,0.13821916535793421,0.13821916535793421,0.13821916535793421,0.1386959869951027,0.1403686870705687,3,25,1,0,23,100352,2048,7485003,197999019,6881280,8454144,181261117,7864320,294912,1474560,32000000,2048,8765003,0,1.9630552089947741
additive,750004,released_residual,0.14394102500395578,0.1314429543930684,0.1314429543930684,0.1314429543930684,0.13272148321616561,0.1308211685041192,4,33,2,0,22,100352,96256,6328087,197998999,6881280,13211648,177404486,9830400,294912,1474560,31999968,100352,7297783,0,1.7146852499863598
additive,750004,withheld_random,0.14394102500395578,0.1352954493244176,0.1352954493244176,0.1352954493244176,0.13781610608970843,0.13585532321503385,4,33,2,0,22,100352,2048,6860719,197999391,0,0,183999398,8945664,294912,1474560,31999968,2048,7830415,0,1.746135791996494
additive,750004,released_random,0.14394102500395578,0.13152159761511173,0.13152159761511173,0.13152159761511173,0.1327960150097083,0.13082008486501834,4,33,2,0,22,100352,96256,6195475,197999107,0,0,183999114,9830400,294912,1474560,31999968,100352,7165171,0,1.6866185419785324
additive,750004,fixed2_online,0.14394102500395578,0.14248853047347998,0.14209713593958623,0.1422695650810138,0.14229466233164156,0.1420021059067984,2,17,0,24,0,100352,96256,11647053,197999901,0,0,0,0,0,0,31999984,100352,13529405,9,2.864758707990404
additive,750004,fixed26_online,0.14064956637847853,0.13109938057339982,0.13121145709034232,0.13117074427261988,0.13172465342896109,0.13142346644350877,26,209,0,24,0,100352,90589,947356,197997404,0,0,0,0,0,0,31999990,100352,1100466,8,0.5202368750178721
additive,750004,fixed26_gated,0.14064956637847853,0.13134284331532467,0.13360168629542357,0.1324722648053741,0.13344965606883874,0.13142946920204834,26,209,0,3,21,100352,90589,947356,197997404,0,0,167997753,41091072,196608,491520,31999990,100352,1100466,0,0.5640565840003546
additive,750005,withheld_residual,0.1446896027773061,0.1446896027773061,0.1446896027773061,0.1446896027773061,0.1446896027773061,0.1447052742195516,2,17,0,0,24,100352,2048,9794877,197999565,6881280,6389760,185118288,5799936,294912,1474560,31999984,2048,11677229,0,2.4861503330175765
additive,750005,released_residual,0.1446896027773061,0.13156775982520025,0.13156775982520025,0.13156775982520028,0.13287891082503075,0.130520925196199,4,33,2,0,22,100352,96256,6328087,197998999,6881280,13211648,177404486,9830400,294912,1474560,31999968,100352,7297783,0,1.750519292021636
additive,750005,withheld_random,0.1446896027773061,0.13469470929338695,0.13978660259193748,0.13469470929338698,0.138262114314614,0.13573247902646082,4,33,2,0,22,100352,2048,7099681,197999473,0,0,183999480,8650752,294912,1474560,31999968,2048,8069377,0,1.7983598749851808
additive,750005,released_random,0.1446896027773061,0.1312131997034937,0.1312131997034937,0.13121319970349374,0.13278757302210425,0.13052169567424526,4,33,2,0,22,100352,96256,6257915,197999147,0,0,183999154,9732096,294912,1474560,31999968,100352,7227611,0,1.7018857499933802
additive,750005,fixed2_online,0.1446896027773061,0.14205058167849316,0.1419903151530474,0.1422306823474018,0.14233670031445714,0.14199989383302342,2,17,0,24,0,100352,96256,11647053,197999901,0,0,0,0,0,0,31999984,100352,13529405,11,2.9302789169887546
additive,750005,fixed26_online,0.141209723396864,0.13092314758008344,0.13165292784787622,0.1309829419284654,0.1317254009967312,0.13073342135438287,26,209,0,24,0,100352,90578,947356,197997404,0,0,0,0,0,0,31999990,100352,1100466,9,0.5163442909833975
additive,750005,fixed26_gated,0.141209723396864,0.13214616293143813,0.13214616293143813,0.13214616293143813,0.1325023896046358,0.13068895262272806,26,209,0,2,22,100352,90578,947356,197997404,0,0,175997646,41091072,196608,491520,31999990,100352,1100466,0,0.5554520830046386
additive,750006,withheld_residual,0.14610301491897915,0.13475596795106262,0.13475596795106262,0.13475596795106262,0.13593839161793933,0.13581742151918544,4,33,2,0,22,100352,2048,6280983,197998999,6881280,10420224,177404486,9830400,294912,1474560,31999968,2048,7250679,0,1.7106239999993704
additive,750006,released_residual,0.14610301491897915,0.13232135189529748,0.13232135189529748,0.13232135189529748,0.1337251662705861,0.13186264104765544,4,33,2,0,22,100352,96256,6328087,197998999,6881280,13211648,177404486,9830400,294912,1474560,31999968,100352,7297783,0,1.7394741250027437
additive,750006,withheld_random,0.14610301491897915,0.13578293067034558,0.13578293067034558,0.13578293067034555,0.13640304406028422,0.13701718330726373,4,33,2,0,22,100352,2048,6018953,197999065,0,0,183999072,10027008,294912,1474560,31999968,2048,6988649,0,1.6018199579848442
additive,750006,released_random,0.14610301491897915,0.132536691817,0.132536691817,0.132536691817,0.1342985345968031,0.13185570713374548,4,33,2,0,22,100352,96256,6268713,197999225,0,0,183999232,9633792,294912,1474560,31999968,100352,7238409,0,1.6980629170138855
additive,750006,fixed2_online,0.14610301491897915,0.14389135919966642,0.14410590379429422,0.1438493774968759,0.143927084073479,0.14391260926107405,2,17,0,24,0,100352,96256,11647053,197999901,0,0,0,0,0,0,31999984,100352,13529405,9,2.8779695829725824
additive,750006,fixed26_online,0.14362459375024803,0.13203703489081836,0.13377215558477396,0.1323865983941159,0.13329348605194427,0.13231522828357403,26,209,0,24,0,100352,90673,947356,197997404,0,0,0,0,0,0,31999990,100352,1100466,9,0.5221895829890855
additive,750006,fixed26_gated,0.14362459375024803,0.1340864834733463,0.1340864834733463,0.1340864834733463,0.13473812539074584,0.1326485230199323,26,209,0,2,22,100352,90673,947356,197997404,0,0,175997646,41091072,196608,491520,31999990,100352,1100466,0,0.5680157500028145
additive,750007,withheld_residual,0.14604359563088717,0.13278374288058795,0.13278374288058795,0.13278374288058795,0.13336346002911964,0.13387226886082548,4,33,2,0,22,100352,2048,6000794,197998946,6881280,10715136,177404433,10125312,294912,1474560,31999968,2048,6970490,0,1.631363833002979
additive,750007,released_residual,0.14604359563088717,0.1322406048731497,0.1322406048731497,0.1322406048731497,0.13286558352230124,0.13141805861548556,4,33,2,0,22,100352,96256,6047898,197998946,6881280,13555712,177404433,10125312,294912,1474560,31999968,100352,7017594,0,1.710889625013806
additive,750007,withheld_random,0.14604359563088717,0.13323191962543102,0.13323191962543102,0.13323191962543102,0.1337260812165458,0.13424617333980415,4,33,2,0,22,100352,2048,5904871,197999063,0,0,183999070,10125312,294912,1474560,31999968,2048,6874567,0,1.5770071659935638
additive,750007,released_random,0.14604359563088717,0.1322456014019273,0.1322456014019273,0.1322456014019273,0.13282195617833406,0.13141678061284096,4,33,2,0,22,100352,96256,5904871,197999063,0,0,183999070,10125312,294912,1474560,31999968,100352,6874567,0,1.6420100830146112
additive,750007,fixed2_online,0.14604359563088717,0.14466483837084593,0.14478693542145754,0.14469163011423902,0.14470790925836732,0.1447056624665527,2,17,0,24,0,100352,96256,11647053,197999901,0,0,0,0,0,0,31999984,100352,13529405,9,2.942209291009931
additive,750007,fixed26_online,0.1409938903284957,0.13165632560479448,0.13200647899958415,0.1318540952359206,0.13241348124184601,0.13166749622237672,26,209,0,24,0,100352,90536,947356,197997404,0,0,0,0,0,0,31999990,100352,1100466,10,0.5182059580110945
additive,750007,fixed26_gated,0.1409938903284957,0.13278936229278876,0.13278936229278876,0.13278936229278873,0.13307582540764937,0.13168367276253584,26,209,0,2,22,100352,90536,947356,197997404,0,0,175997646,41091072,196608,491520,31999990,100352,1100466,0,0.5603243750229012
additive,750008,withheld_residual,0.14523879068600304,0.13735276633061816,0.13735276633061816,0.1373527663306182,0.1382233184670706,0.13544699883545008,4,33,2,0,22,100352,2048,6231190,197998974,6881280,10420224,177404461,9830400,294912,1474560,31999968,2048,7200886,0,1.6922550000017509
additive,750008,released_residual,0.14523879068600304,0.13149711081988671,0.13149711081988671,0.13149711081988671,0.13414275378397206,0.13113280947078754,4,33,2,0,22,100352,96256,6668477,197999053,6881280,12752896,177404540,9437184,294912,1474560,31999968,100352,7638173,0,1.8038713749847375
additive,750008,withheld_random,0.14523879068600304,0.13637797465433765,0.13637797465433765,0.13637797465433765,0.1389116833042705,0.13552166063336085,4,33,2,0,22,100352,2048,6580913,197999425,0,0,183999432,9142272,294912,1474560,31999968,2048,7550609,0,1.6870978340157308
additive,750008,released_random,0.14523879068600304,0.13127018436109195,0.13127018436109195,0.13127018436109195,0.13270208441728085,0.1311289120496127,4,33,2,0,22,100352,96256,6143833,197999145,0,0,183999152,9830400,294912,1474560,31999968,100352,7113529,0,1.6546769170090556
additive,750008,fixed2_online,0.14523879068600304,0.14416129822555623,0.1439216491745019,0.14412375596463478,0.14420428162654572,0.1439300575228098,2,17,0,24,0,100352,96256,11647053,197999901,0,0,0,0,0,0,31999984,100352,13529405,12,2.82003795800847
additive,750008,fixed26_online,0.1466017922773852,0.1308986814864987,0.1311963659717965,0.13113991165107472,0.13199066621422176,0.13152919134265817,26,209,0,24,0,100352,90696,947356,197997404,0,0,0,0,0,0,31999990,100352,1100466,9,0.5238901659904514
additive,750008,fixed26_gated,0.1466017922773852,0.13173468945372768,0.13398461069123654,0.13173468945372768,0.13351928109765324,0.13174694809208376,26,209,0,3,21,100352,90696,947356,197997404,0,0,167997753,41091072,196608,491520,31999990,100352,1100466,0,0.569770709000295
additive,750009,withheld_residual,0.1448975356744566,0.13664732567228632,0.13664732567228632,0.13664732567228632,0.14025152334328703,0.13593033826043083,4,33,2,0,22,100352,2048,7642543,197999215,6881280,8847360,177404702,8257536,294912,1474560,31999968,2048,8612239,0,1.9319184999912977
additive,750009,released_residual,0.1448975356744566,0.13271008452332758,0.13271008452332758,0.13271008452332758,0.13504221059889912,0.13155181983902497,4,33,2,0,22,100352,96256,6668477,197999053,6881280,12752896,177404540,9437184,294912,1474560,31999968,100352,7638173,0,1.7968895419908222
additive,750009,withheld_random,0.1448975356744566,0.13676911182881707,0.13676911182881707,0.13676911182881704,0.14011657127839952,0.1359335897234974,4,33,2,0,22,100352,2048,7493569,197999441,0,0,183999448,8355840,294912,1474560,31999968,2048,8463265,0,1.8680403750040568
additive,750009,released_random,0.1448975356744566,0.1324597411325638,0.13856600837618915,0.13245974113256384,0.1365681293040877,0.13153928330065415,4,33,2,0,22,100352,96256,6985599,197999471,0,0,183999478,8749056,294912,1474560,31999968,100352,7955295,0,1.8193514159938786
additive,750009,fixed2_online,0.1448975356744566,0.1431832865816423,0.14313001701718947,0.14319983941440842,0.14339570402260873,0.1432214580753116,2,17,0,24,0,100352,96256,11647053,197999901,0,0,0,0,0,0,31999984,100352,13529405,12,2.9272787919908296
additive,750009,fixed26_online,0.14426341344813962,0.13207629815989652,0.13244621368276982,0.13194094677304358,0.132740919862451,0.13152343876985687,26,209,0,24,0,100352,90715,947356,197997404,0,0,0,0,0,0,31999990,100352,1100466,10,0.5176557920058258
additive,750009,fixed26_gated,0.14426341344813962,0.13240100467377514,0.13240100467377514,0.13240100467377514,0.13388774021863914,0.13154667903654865,26,209,0,3,21,100352,90715,947356,197997404,0,0,167997753,41091072,196608,491520,31999990,100352,1100466,0,0.5649937920097727
additive,750010,withheld_residual,0.1450417115247558,0.13572954525940692,0.1450417115247558,0.1393895619761413,0.14301365586194373,0.13578317377906754,4,33,2,0,22,100352,2048,8914925,197999357,6881280,7176192,177404844,6586368,294912,1474560,31999968,2048,9884621,0,2.203176916023949
additive,750010,released_residual,0.1450417115247558,0.13255756715401235,0.13255756715401235,0.13255756715401235,0.13434419946013376,0.1324122322560092,4,33,2,0,22,100352,96256,6498282,197999026,6881280,12982272,177404513,9633792,294912,1474560,31999968,100352,7467978,0,1.7762491249886807
additive,750010,withheld_random,0.1450417115247558,0.1357367632153626,0.1357367632153626,0.13573676321536257,0.1366947106383729,0.13528594020749724,4,33,2,0,22,100352,2048,6143833,197999145,0,0,183999152,9830400,294912,1474560,31999968,2048,7113529,0,1.6170404590084217
additive,750010,released_random,0.1450417115247558,0.13251197740638876,0.13251197740638876,0.13251197740638876,0.13454092147096175,0.13241979867744857,4,33,2,0,22,100352,96256,6434437,197999189,0,0,183999196,9535488,294912,1474560,31999968,100352,7404133,0,1.7446385830116924
additive,750010,fixed2_online,0.1450417115247558,0.14365730280491334,0.14370753719114956,0.14374357799461132,0.1437423126827618,0.14362145547042063,2,17,0,24,0,100352,96256,11647053,197999901,0,0,0,0,0,0,31999984,100352,13529405,12,2.8837650420027785
additive,750010,fixed26_online,0.14354090644519166,0.13290642713568068,0.13226469837011412,0.1324130185958788,0.13275726104224506,0.13240203888974506,26,209,0,24,0,100352,90580,947356,197997404,0,0,0,0,0,0,31999990,100352,1100466,9,0.5258869170211256
additive,750010,fixed26_gated,0.14354090644519166,0.13437807681752617,0.13437807681752617,0.1343780768175262,0.13454675484265619,0.13253499872340835,26,209,0,2,22,100352,90580,947356,197997404,0,0,175997646,41091072,196608,491520,31999990,100352,1100466,0,0.5708418750145938
additive,750011,withheld_residual,0.14716170418473357,0.1347426000041933,0.1347426000041933,0.13474260000419333,0.13584367155875182,0.13714467528319613,4,33,2,0,22,100352,2048,6181397,197998949,6881280,10420224,177404436,9830400,294912,1474560,31999968,2048,7151093,0,1.6645012499939185
additive,750011,released_residual,0.14716170418473357,0.13196062077885842,0.13196062077885842,0.13196062077885842,0.13229675089082574,0.13130897550723228,4,33,2,0,22,100352,96256,5987697,197998945,6881280,13670400,177404432,10223616,294912,1474560,31999968,100352,6957393,0,1.6755942910094745
additive,750011,withheld_random,0.14716170418473357,0.13520702300155057,0.13520702300155057,0.13520702300155055,0.13658735664472796,0.137272807032271,4,33,2,0,22,100352,2048,6092191,197999183,0,0,183999190,9830400,294912,1474560,31999968,2048,7061887,0,1.6166876659845002
additive,750011,released_random,0.14716170418473357,0.13248593072796305,0.13248593072796305,0.13248593072796308,0.13287537630133137,0.13130819020568898,4,33,2,0,22,100352,96256,5842431,197999023,0,0,183999030,10223616,294912,1474560,31999968,100352,6812127,0,1.6127901670115534
additive,750011,fixed2_online,0.14716170418473357,0.14530010406087884,0.14516936047284015,0.14552445526047064,0.1456310555984682,0.14532966496408,2,17,0,24,0,100352,96256,11647053,197999901,0,0,0,0,0,0,31999984,100352,13529405,12,2.98460520801018
additive,750011,fixed26_online,0.14461685225849985,0.13111841289269127,0.13137018327638003,0.13136173710836574,0.13195273502723334,0.13154700692653906,26,209,0,24,0,100352,90518,947356,197997404,0,0,0,0,0,0,31999990,100352,1100466,11,0.5179731249809265
additive,750011,fixed26_gated,0.14461685225849985,0.13213575394655866,0.13213575394655866,0.13213575394655866,0.13284131128401008,0.13178928700192594,26,209,0,2,22,100352,90518,947356,197997404,0,0,175997646,41091072,196608,491520,31999990,100352,1100466,0,0.5662382080045063
interaction,750000,withheld_residual,0.21154497538932218,0.1485274101124696,0.1485274101124696,0.1485274101124696,0.1517830866580863,0.14736941830655265,6,49,4,0,20,100352,2048,4728505,197998537,6881280,14450688,169690806,13860864,294912,1474560,31999989,2048,5381566,0,1.3745495839975774
interaction,750000,released_residual,0.21154497538932218,0.14425505361985258,0.14425505361985258,0.14425505361985258,0.14847524049462632,0.14258656016714266,6,49,4,0,20,100352,96067,4813770,197998554,6881280,17799168,169690823,13762560,294912,1474560,31999989,100352,5466831,0,1.4302195830096025
interaction,750000,withheld_random,0.21154497538932218,0.15683251690102085,0.15683251690102085,0.15683251690102085,0.16298280265265774,0.1556924432911912,5,41,3,0,21,100352,2048,5522615,197998631,0,0,179998678,11501568,294912,1474560,31999967,2048,6303102,0,1.5133424999949057
interaction,750000,released_random,0.21154497538932218,0.14477975496483034,0.14477975496483034,0.14477975496483034,0.1534454911547031,0.14248758198026418,6,49,4,0,20,100352,96072,5017490,197998858,0,0,175998937,13271040,294912,1474560,31999989,100352,5670551,0,1.4254245000192896
interaction,750000,fixed2_online,0.21154497538932218,0.20888057355084236,0.20873811012942933,0.20888841672443206,0.20898941015502945,0.20885280918617205,2,17,0,24,0,100352,96256,11647053,197999901,0,0,0,0,0,0,31999984,100352,13529405,12,3.002521957998397
interaction,750000,fixed26_online,0.17980684377725958,0.13737645669978912,0.13957188265791792,0.1382537782999992,0.1393610429912963,0.13984278196177968,26,209,0,24,0,100352,90654,947356,197997404,0,0,0,0,0,0,31999990,100352,1100466,9,0.5386169579869602
interaction,750000,fixed26_gated,0.17980684377725958,0.13984304649201235,0.13984304649201235,0.13984304649201237,0.1410739075355987,0.1406716321607812,26,209,0,3,21,100352,90654,947356,197997404,0,0,167997753,41091072,196608,491520,31999990,100352,1100466,0,0.5880532500159461
interaction,750001,withheld_residual,0.2149237947378803,0.14765946876822864,0.14765946876822864,0.14765946876822864,0.14996893023190416,0.14685660789998894,6,49,4,0,20,100352,2048,4611132,197998508,6881280,14843904,169690777,14254080,294912,1474560,31999989,2048,5264193,0,1.3625938330078498
interaction,750001,released_residual,0.2149237947378803,0.1438510706065383,0.1438510706065383,0.14385107060653832,0.14710379171658935,0.14194373833196589,6,49,4,0,20,100352,96067,4722801,197998529,6881280,18143232,169690798,14057472,294912,1474560,31999989,100352,5375862,0,1.4113101249968167
interaction,750001,withheld_random,0.2149237947378803,0.14909522752569396,0.14909522752569396,0.14909522752569396,0.15125439156131923,0.14788130719590575,6,49,4,0,20,100352,2048,4463551,197998735,0,0,175998814,14254080,294912,1474560,31999989,2048,5116612,0,1.2820409999985714
interaction,750001,released_random,0.2149237947378803,0.14479585269084577,0.14479585269084577,0.14479585269084574,0.14721444507324968,0.1417800576214,6,49,4,0,20,100352,96077,4463551,197998735,0,0,175998814,14254080,294912,1474560,31999989,100352,5116612,0,1.317734875017777
interaction,750001,fixed2_online,0.2149237947378803,0.21079433665707248,0.21103909191264444,0.21091590195128807,0.21133386262563958,0.21049135268558616,2,17,0,24,0,100352,96256,11647053,197999901,0,0,0,0,0,0,31999984,100352,13529405,8,3.0687589169829153
interaction,750001,fixed26_online,0.18455061327013805,0.13831169761810774,0.13824510875012697,0.13784619953064314,0.13944323409471368,0.13821726278154808,26,209,0,24,0,100352,90585,947356,197997404,0,0,0,0,0,0,31999990,100352,1100466,9,0.5467805420048535
interaction,750001,fixed26_gated,0.18455061327013805,0.13896207269954397,0.13896207269954397,0.13896207269954397,0.14055652792163337,0.1390550957627422,26,209,0,4,20,100352,90585,947356,197997404,0,0,159997860,41091072,196608,491520,31999990,100352,1100466,0,0.5988900000229478
interaction,750002,withheld_residual,0.2124046422076933,0.1506595893985103,0.1506595893985103,0.1506595893985103,0.15351789413626993,0.14948775644354664,6,49,4,0,20,100352,2048,4663940,197998516,6881280,14647296,169690785,14057472,294912,1474560,31999989,2048,5317001,0,1.4045955830079038
interaction,750002,released_residual,0.2124046422076933,0.1454866042490494,0.1454866042490494,0.14548660424904944,0.14831528508263006,0.14308178512203779,6,49,4,0,20,100352,96063,4684640,197998512,6881280,18257920,169690781,14155776,294912,1474560,31999989,100352,5337701,0,1.4436371669871733
interaction,750002,withheld_random,0.2124046422076933,0.1500675617414861,0.1500675617414861,0.15006756174148614,0.1526771741127181,0.14773614040522487,6,49,4,0,20,100352,2048,4490936,197998720,0,0,175998799,14155776,294912,1474560,31999989,2048,5143997,0,1.303485999989789
interaction,750002,released_random,0.2124046422076933,0.14612536036539556,0.14612536036539556,0.14612536036539556,0.1486430601879202,0.14309588827640857,6,49,4,0,20,100352,96098,4463551,197998735,0,0,175998814,14254080,294912,1474560,31999989,100352,5116612,0,1.3483335839991923
interaction,750002,fixed2_online,0.2124046422076933,0.2095140584765749,0.20925112257774658,0.20932735542500325,0.2096535676291015,0.20925508440259585,2,17,0,24,0,100352,96256,11647053,197999901,0,0,0,0,0,0,31999984,100352,13529405,10,2.9467682910035364
interaction,750002,fixed26_online,0.17948920493923812,0.13860546598236445,0.13898961616791117,0.13856901617698075,0.13991778250910183,0.13738328754505114,26,209,0,24,0,100352,90582,947356,197997404,0,0,0,0,0,0,31999990,100352,1100466,6,0.527318791981088
interaction,750002,fixed26_gated,0.17948920493923812,0.14087602768348073,0.14087602768348073,0.14087602768348073,0.14156592174510277,0.13881457999244828,26,209,0,3,21,100352,90582,947356,197997404,0,0,167997753,41091072,196608,491520,31999990,100352,1100466,0,0.5695111250097398
interaction,750003,withheld_residual,0.2116810551365246,0.14821589846622207,0.14821589846622207,0.14821589846622207,0.15046064343131024,0.14654928901919353,6,49,4,0,20,100352,2048,4611132,197998508,6881280,14843904,169690777,14254080,294912,1474560,31999989,2048,5264193,0,1.379889167001238
interaction,750003,released_residual,0.2116810551365246,0.14610045980036293,0.14610045980036293,0.14610045980036293,0.14842109959141164,0.14249395959201447,6,49,4,0,20,100352,96063,4658236,197998508,6881280,18372608,169690777,14254080,294912,1474560,31999989,100352,5311297,0,1.4404801249911543
interaction,750003,withheld_random,0.2116810551365246,0.14948993887958562,0.14948993887958562,0.14948993887958562,0.15199941806566505,0.14692009169258072,6,49,4,0,20,100352,2048,4490936,197998720,0,0,175998799,14155776,294912,1474560,31999989,2048,5143997,0,1.305593958008103
interaction,750003,released_random,0.2116810551365246,0.14388171326710245,0.14388171326710245,0.14388171326710245,0.148194590905602,0.14278436546686513,6,49,4,1,19,100352,96077,4518321,197998705,0,0,171998816,14057472,294912,1474560,31999989,100352,5171382,0,1.3430464999983087
interaction,750003,fixed2_online,0.2116810551365246,0.2097235610533985,0.20953683718768992,0.209494208196094,0.2095525159372725,0.2092983537083516,2,17,0,24,0,100352,96256,11647053,197999901,0,0,0,0,0,0,31999984,100352,13529405,12,2.978228208987275
interaction,750003,fixed26_online,0.1851355449784023,0.13757022570180807,0.13858469700371517,0.13802929307831854,0.139806694287062,0.1389864114119236,26,209,0,24,0,100352,90749,947356,197997404,0,0,0,0,0,0,31999990,100352,1100466,9,0.5367528339847922
interaction,750003,fixed26_gated,0.1851355449784023,0.14120285072164035,0.14120285072164035,0.14120285072164032,0.14181378698160071,0.13988801808515722,26,209,0,3,21,100352,90749,947356,197997404,0,0,167997753,41091072,196608,491520,31999990,100352,1100466,0,0.5737177499977406
interaction,750004,withheld_residual,0.21489090048716009,0.14606764468967376,0.14606764468967376,0.1460676446896738,0.1483940389005962,0.14543911672555349,6,49,4,0,20,100352,2048,4611132,197998508,6881280,14843904,169690777,14254080,294912,1474560,31999989,2048,5264193,0,1.3498870829935186
interaction,750004,released_residual,0.21489090048716009,0.1430895588018205,0.14464025508543854,0.1430895588018205,0.14759134044333203,0.14318046315580468,6,49,4,1,19,100352,96057,4787366,197998550,6881280,17913856,165834225,13860864,294912,1474560,31999989,100352,5440427,0,1.5509157500055153
interaction,750004,withheld_random,0.21489090048716009,0.1469021873820701,0.1469021873820701,0.1469021873820701,0.149084431811239,0.14663634317918478,6,49,4,0,20,100352,2048,4463551,197998735,0,0,175998814,14254080,294912,1474560,31999989,2048,5116612,0,1.5858292919874657
interaction,750004,released_random,0.21489090048716009,0.1440168929149807,0.1440168929149807,0.14401689291498074,0.14642915761504263,0.14272669202021898,6,49,4,0,20,100352,96092,4463551,197998735,0,0,175998814,14254080,294912,1474560,31999989,100352,5116612,0,2.9194689160212874
interaction,750004,fixed2_online,0.21489090048716009,0.21033546898309993,0.2107342922018846,0.2109789852762229,0.21126294404466714,0.21061423673305998,2,17,0,24,0,100352,96256,11647053,197999901,0,0,0,0,0,0,31999984,100352,13529405,10,3.5759979159920476
interaction,750004,fixed26_online,0.16536947448172562,0.1371824022185922,0.14153405531083801,0.1380284789784119,0.13953760490402597,0.13685545948278127,26,209,0,24,0,100352,90665,947356,197997404,0,0,0,0,0,0,31999990,100352,1100466,7,0.5700160420092288
interaction,750004,fixed26_gated,0.16536947448172562,0.14114727018591344,0.14114727018591344,0.14114727018591344,0.14169617194738068,0.13780649324346575,26,209,0,3,21,100352,90665,947356,197997404,0,0,167997753,41091072,196608,491520,31999990,100352,1100466,0,0.5711261660035234
interaction,750005,withheld_residual,0.21332805161425725,0.14823568695642714,0.14823568695642714,0.14823568695642717,0.15051050989535011,0.14554350330154858,6,49,4,0,20,100352,2048,4611132,197998508,6881280,14843904,169690777,14254080,294912,1474560,31999989,2048,5264193,0,1.4399038330011535
interaction,750005,released_residual,0.21332805161425725,0.14335341400509277,0.14335341400509277,0.14335341400509274,0.1461022357125951,0.14199873662001528,6,49,4,0,20,100352,96046,4658236,197998508,6881280,18372608,169690777,14254080,294912,1474560,31999989,100352,5311297,0,1.8864650420146063
interaction,750005,withheld_random,0.21332805161425725,0.1483313451937025,0.1483313451937025,0.1483313451937025,0.1504638173236214,0.14753153523855853,6,49,4,0,20,100352,2048,4463551,197998735,0,0,175998814,14254080,294912,1474560,31999989,2048,5116612,0,2.739895542006707
interaction,750005,released_random,0.21332805161425725,0.14459442490484561,0.14459442490484561,0.14459442490484561,0.14758307693830516,0.14199660340194628,6,49,4,0,20,100352,96099,4490936,197998720,0,0,175998799,14155776,294912,1474560,31999989,100352,5143997,0,1.7212038330035284
interaction,750005,fixed2_online,0.21332805161425725,0.21115596256277522,0.21050364250984988,0.21045669793833588,0.21081980215415497,0.21021379858987027,2,17,0,24,0,100352,96256,11647053,197999901,0,0,0,0,0,0,31999984,100352,13529405,9,3.2033194999967236
interaction,750005,fixed26_online,0.1908320850332328,0.13698131335500602,0.1377848018813536,0.1377203057254659,0.13959289109157588,0.13741835745237374,26,209,0,24,0,100352,90603,947356,197997404,0,0,0,0,0,0,31999990,100352,1100466,9,0.5396825420029927
interaction,750005,fixed26_gated,0.1908320850332328,0.13915883851033595,0.14181029981489698,0.14136838959747014,0.14228622485529743,0.13885805590230937,26,209,0,4,20,100352,90603,947356,197997404,0,0,159997860,41091072,196608,491520,31999990,100352,1100466,0,0.5717891670065001
interaction,750006,withheld_residual,0.21221200747069763,0.1486360865991283,0.1486360865991283,0.1486360865991283,0.15098301839022205,0.15129525880520525,6,49,4,0,20,100352,2048,4611132,197998508,6881280,14843904,169690777,14254080,294912,1474560,31999989,2048,5264193,0,1.3454350840183906
interaction,750006,released_residual,0.21221200747069763,0.14344756857227292,0.14344756857227292,0.14344756857227292,0.14773028999251922,0.14250677975038134,6,49,4,1,19,100352,96041,4809406,197998534,6881280,17913856,165834178,13860864,294912,1474560,31999989,100352,5462467,0,1.4545866669795942
interaction,750006,withheld_random,0.21221200747069763,0.14939069860421794,0.14939069860421794,0.14939069860421794,0.15167477185286152,0.15137606875846676,6,49,4,0,20,100352,2048,4463551,197998735,0,0,175998814,14254080,294912,1474560,31999989,2048,5116612,0,1.4976017920125742
interaction,750006,released_random,0.21221200747069763,0.1438476827024312,0.1438476827024312,0.1438476827024312,0.14666097562808073,0.14245915259463954,6,49,4,0,20,100352,96101,4463551,197998735,0,0,175998814,14254080,294912,1474560,31999989,100352,5116612,0,2.2871744590229355
interaction,750006,fixed2_online,0.21221200747069763,0.20909763025102185,0.209003283349816,0.20865391470897246,0.20892581521700274,0.20895005800648864,2,17,0,24,0,100352,96256,11647053,197999901,0,0,0,0,0,0,31999984,100352,13529405,11,5.03032262501074
interaction,750006,fixed26_online,0.17513224454629697,0.13716545720286566,0.13777197301762212,0.13787773115241403,0.13941383138939367,0.13803119589875026,26,209,0,24,0,100352,90577,947356,197997404,0,0,0,0,0,0,31999990,100352,1100466,8,0.7890414999856148
interaction,750006,fixed26_gated,0.17513224454629697,0.14001066192508377,0.14001066192508377,0.1400106619250838,0.14143869849081958,0.13893272278884383,26,209,0,3,21,100352,90577,947356,197997404,0,0,167997753,41091072,196608,491520,31999990,100352,1100466,0,0.5892360830039252
interaction,750007,withheld_residual,0.21087007823140946,0.15025827462657348,0.15025827462657348,0.15025827462657348,0.15426390956012256,0.14753189473809286,6,49,4,1,19,100352,2048,4826867,197998555,6881280,14254080,165834199,13664256,294912,1474560,31999989,2048,5479928,0,1.4140143750119023
interaction,750007,released_residual,0.21087007823140946,0.14461985620574408,0.14461985620574408,0.1446198562057441,0.14727292660687016,0.1428168972279264,6,49,4,0,20,100352,96048,4658236,197998508,6881280,18372608,169690777,14254080,294912,1474560,31999989,100352,5311297,0,1.747906333010178
interaction,750007,withheld_random,0.21087007823140946,0.14758612830250964,0.14758612830250964,0.14758612830250964,0.15102619150520402,0.14768381414539106,6,49,4,0,20,100352,2048,4597481,197998761,0,0,175998840,13860864,294912,1474560,31999989,2048,5250542,0,1.8861305000027642
interaction,750007,released_random,0.21087007823140946,0.14354862062202278,0.14354862062202278,0.14354862062202278,0.1480770605849158,0.1426351490597754,6,49,4,1,19,100352,96088,4659921,197998801,0,0,171998880,13762560,294912,1474560,31999989,100352,5312982,0,2.0766238330106717
interaction,750007,fixed2_online,0.21087007823140946,0.20844553572867885,0.20944751351958196,0.20871083766425777,0.20897776176522798,0.20928235129153988,2,17,0,24,0,100352,96256,11647053,197999901,0,0,0,0,0,0,31999984,100352,13529405,12,4.671825500001432
interaction,750007,fixed26_online,0.18125109473903372,0.1371756934593063,0.13843069119093318,0.13810596392123842,0.14007955873246195,0.1377549155934666,26,209,0,24,0,100352,90645,947356,197997404,0,0,0,0,0,0,31999990,100352,1100466,6,0.540655125019839
interaction,750007,fixed26_gated,0.18125109473903372,0.14120007490043554,0.14120007490043554,0.14120007490043554,0.14233265235079248,0.13920578170445838,26,209,0,3,21,100352,90645,947356,197997404,0,0,167997753,41091072,196608,491520,31999990,100352,1100466,0,0.6914624579949304
interaction,750008,withheld_residual,0.20998242953112267,0.14656383338049278,0.14656383338049278,0.1465638333804928,0.1495235119934917,0.14406965565828242,6,49,4,0,20,100352,2048,4675697,197998529,6881280,14647296,169690798,14057472,294912,1474560,31999989,2048,5328758,0,1.6237747500126716
interaction,750008,released_residual,0.20998242953112267,0.14377881131126186,0.14377881131126186,0.14377881131126188,0.14660067415674904,0.14285940237246852,6,49,4,1,19,100352,96057,4658236,197998508,6881280,18372608,165834183,14254080,294912,1474560,31999989,100352,5311297,0,1.7863082500116434
interaction,750008,withheld_random,0.20998242953112267,0.14741054742298004,0.14741054742298004,0.14741054742298007,0.15057834573005283,0.14538216744765586,6,49,4,0,20,100352,2048,4557901,197998733,0,0,175998812,13959168,294912,1474560,31999989,2048,5210962,0,1.7034369159955531
interaction,750008,released_random,0.20998242953112267,0.14404690870581904,0.14404690870581904,0.14404690870581904,0.14782588735987498,0.14277163417921596,6,49,4,0,20,100352,96078,4592956,197998788,0,0,175998867,13959168,294912,1474560,31999989,100352,5246017,0,1.744855999975698
interaction,750008,fixed2_online,0.20998242953112267,0.20849735954119233,0.2088140577250875,0.20846406333989623,0.20859372611578572,0.20838379595073686,2,17,0,24,0,100352,96256,11647053,197999901,0,0,0,0,0,0,31999984,100352,13529405,13,3.52880416699918
interaction,750008,fixed26_online,0.18099140671687183,0.137257029907216,0.13868868705605913,0.1378447717351999,0.1395816398632376,0.13676439094926737,26,209,0,24,0,100352,90552,947356,197997404,0,0,0,0,0,0,31999990,100352,1100466,7,0.5319163750100415
interaction,750008,fixed26_gated,0.18099140671687183,0.14086564574520133,0.14086564574520133,0.14086564574520133,0.1417518121279181,0.13838071534096874,26,209,0,3,21,100352,90552,947356,197997404,0,0,167997753,41091072,196608,491520,31999990,100352,1100466,0,0.6519867919851094
interaction,750009,withheld_residual,0.2143335945089277,0.14824964048392938,0.14824964048392938,0.14824964048392938,0.15043285373212203,0.14896347820910394,6,49,4,0,20,100352,2048,4611132,197998508,6881280,14843904,169690777,14254080,294912,1474560,31999989,2048,5264193,0,1.7038456669833977
interaction,750009,released_residual,0.2143335945089277,0.14495195346963718,0.14495195346963718,0.14495195346963718,0.14741898154473884,0.14158433573263876,6,49,4,0,20,100352,96078,4658236,197998508,6881280,18372608,169690777,14254080,294912,1474560,31999989,100352,5311297,0,1.8743804169935174
interaction,750009,withheld_random,0.2143335945089277,0.14865163045562974,0.14865163045562974,0.14865163045562976,0.15067026294830801,0.14870500615140014,6,49,4,0,20,100352,2048,4463551,197998735,0,0,175998814,14254080,294912,1474560,31999989,2048,5116612,0,1.625763708987506
interaction,750009,released_random,0.2143335945089277,0.1447017175099343,0.1447017175099343,0.1447017175099343,0.1471459591403166,0.1415456618375559,6,49,4,0,20,100352,96066,4463551,197998735,0,0,175998814,14254080,294912,1474560,31999989,100352,5116612,0,1.5139688749914058
interaction,750009,fixed2_online,0.2143335945089277,0.2106233431193179,0.2112058942249036,0.2109749144352151,0.21122597492590853,0.21109091063928476,2,17,0,24,0,100352,96256,11647053,197999901,0,0,0,0,0,0,31999984,100352,13529405,10,3.4716125419945456
interaction,750009,fixed26_online,0.1783888345566285,0.13762442904179767,0.13732413407818256,0.1374554297971008,0.13875576542438262,0.13648947547338242,26,209,0,24,0,100352,90674,947356,197997404,0,0,0,0,0,0,31999990,100352,1100466,9,0.7914651250175666
interaction,750009,fixed26_gated,0.1783888345566285,0.14055153816074245,0.14055153816074245,0.14055153816074248,0.1409927158474641,0.13720026751003322,26,209,0,3,21,100352,90674,947356,197997404,0,0,167997753,41091072,196608,491520,31999990,100352,1100466,0,1.2560080830007792
interaction,750010,withheld_residual,0.2138316504429508,0.14603972769142834,0.14603972769142834,0.14603972769142834,0.1495068488295107,0.14620522575605915,6,49,4,0,20,100352,2048,4740262,197998550,6881280,14450688,169690819,13860864,294912,1474560,31999989,2048,5393323,0,2.2434663329913747
interaction,750010,released_residual,0.2138316504429508,0.14308068383998063,0.14308068383998063,0.14308068383998063,0.1469936137196737,0.14256967397831066,6,49,4,0,20,100352,96067,4787366,197998550,6881280,17913856,169690819,13860864,294912,1474560,31999989,100352,5440427,0,2.380969624995487
interaction,750010,withheld_random,0.2138316504429508,0.14550333241900132,0.14550333241900132,0.14550333241900135,0.14836217211617184,0.14640604795109016,6,49,4,0,20,100352,2048,4530516,197998748,0,0,175998827,14057472,294912,1474560,31999989,2048,5183577,0,1.6085711669875309
interaction,750010,released_random,0.2138316504429508,0.14365812351336338,0.14365812351336338,0.14365812351336338,0.14674779992458836,0.14216614020016824,6,49,4,0,20,100352,96092,4530516,197998748,0,0,175998827,14057472,294912,1474560,31999989,100352,5183577,0,1.3481580000079703
interaction,750010,fixed2_online,0.2138316504429508,0.21078639723473663,0.21093143333047829,0.21069187842119316,0.21107348309827834,0.2105116229499856,2,17,0,24,0,100352,96256,11647053,197999901,0,0,0,0,0,0,31999984,100352,13529405,9,2.917113750008866
interaction,750010,fixed26_online,0.16692923590722758,0.1373036419545689,0.13717175842451246,0.13700049237788295,0.13837554832056723,0.13877852209037914,26,209,0,24,0,100352,90656,947356,197997404,0,0,0,0,0,0,31999990,100352,1100466,8,0.5293200000014622
interaction,750010,fixed26_gated,0.16692923590722758,0.13980560351371268,0.13980560351371268,0.1398056035137127,0.14028610391438753,0.13983364045210986,26,209,0,3,21,100352,90656,947356,197997404,0,0,167997753,41091072,196608,491520,31999990,100352,1100466,0,0.5751633329782635
interaction,750011,withheld_residual,0.2105033613560584,0.14719251098921193,0.1624913253368911,0.14719251098921193,0.15776602964198042,0.14605078185257694,6,49,4,0,20,100352,2048,5450477,197998781,6881280,12288000,169691050,11698176,294912,1474560,31999989,2048,6103538,0,2.3850424169795588
interaction,750011,released_residual,0.2105033613560584,0.14563559978210877,0.14563559978210877,0.1456355997821088,0.14802713180955582,0.14288215434984486,6,49,4,0,20,100352,96080,4658236,197998508,6881280,18372608,169690777,14254080,294912,1474560,31999989,100352,5311297,0,1.7466809159959666
interaction,750011,withheld_random,0.2105033613560584,0.14959736465089413,0.14959736465089413,0.14959736465089413,0.1521821011208804,0.14800207928898781,6,49,4,0,20,100352,2048,4530516,197998748,0,0,175998827,14057472,294912,1474560,31999989,2048,5183577,0,1.3100689169950783
interaction,750011,released_random,0.2105033613560584,0.14497277623099114,0.14497277623099114,0.14497277623099114,0.14774604665091517,0.14286218475045345,6,49,4,0,20,100352,96071,4490936,197998720,0,0,175998799,14155776,294912,1474560,31999989,100352,5143997,0,1.316509500000393
interaction,750011,fixed2_online,0.2105033613560584,0.20794777740688164,0.20810048950331983,0.20809183675604845,0.20819233384065847,0.2081030014639889,2,17,0,24,0,100352,96256,11647053,197999901,0,0,0,0,0,0,31999984,100352,13529405,10,2.9740448749798816
interaction,750011,fixed26_online,0.1849159254879515,0.13807941957859868,0.13967995284084594,0.13791256789896492,0.13955706628961606,0.1370693545940635,26,209,0,24,0,100352,90736,947356,197997404,0,0,0,0,0,0,31999990,100352,1100466,11,0.5317442920058966
interaction,750011,fixed26_gated,0.1849159254879515,0.14241264175667445,0.14241264175667445,0.14241264175667445,0.14270167263721023,0.13921190168479752,26,209,0,2,22,100352,90736,947356,197997404,0,0,175997646,41091072,196608,491520,31999990,100352,1100466,0,0.5607751659990754
null,750000,withheld_residual,0.2522505060115678,0.2522505060115678,0.2522505060115678,0.2522505060115678,0.2522505060115678,0.25316420480585367,2,17,0,0,24,100352,2048,9794877,197999565,6881280,6389760,185118288,5799936,294912,1474560,31999984,2048,11677229,0,2.624147374997847
null,750000,released_residual,0.2522505060115678,0.25021814235084605,0.25021814235084605,0.25021814235084605,0.25081091508522324,0.2503118844495906,2,17,0,1,23,100352,96256,9841981,197999565,6881280,8509440,181261651,5799936,294912,1474560,31999984,100352,11724333,0,2.686976416996913
null,750000,withheld_random,0.2522505060115678,0.2522505060115678,0.2522505060115678,0.2522505060115678,0.2522505060115678,0.25316420480585367,2,17,0,0,24,100352,2048,9839997,197999949,0,0,191999952,5799936,294912,1474560,31999984,2048,11722349,0,2.4406045420037117
null,750000,released_random,0.2522505060115678,0.25020218438997577,0.2522505060115678,0.25020218438997577,0.25139703866923774,0.25025150224825443,2,17,0,1,23,100352,96256,9839997,197999949,0,0,187999954,5799936,294912,1474560,31999984,100352,11722349,0,2.5600074579997454
null,750000,fixed2_online,0.2522505060115678,0.2500323542616242,0.25015118694644206,0.2501313184787996,0.25030027908947444,0.25049335115234217,2,17,0,24,0,100352,96256,11647053,197999901,0,0,0,0,0,0,31999984,100352,13529405,12,2.8120713329990394
null,750000,fixed26_online,0.25353511542010765,0.2508576469634072,0.2513717520785296,0.2512034685014269,0.25203685523779945,0.25072574856421426,26,209,0,24,0,100352,90632,947356,197997404,0,0,0,0,0,0,31999990,100352,1100466,11,0.5279657909995876
null,750000,fixed26_gated,0.25353511542010765,0.25143233660384284,0.25143233660384284,0.25143233660384284,0.2523961102279642,0.25046765447792885,26,209,0,1,23,100352,90632,947356,197997404,0,0,183997539,41091072,196608,491520,31999990,100352,1100466,0,0.5719052500207908
null,750001,withheld_residual,0.25207490016075984,0.25207490016075984,0.25207490016075984,0.25207490016075984,0.25207490016075984,0.25278950723853927,2,17,0,0,24,100352,2048,9794877,197999565,6881280,6389760,185118288,5799936,294912,1474560,31999984,2048,11677229,0,2.642751084000338
null,750001,released_residual,0.25207490016075984,0.25207490016075984,0.25207490016075984,0.25207490016075984,0.25207490016075984,0.250025474754383,2,17,0,0,24,100352,96256,9841981,197999565,6881280,8509440,185118288,5799936,294912,1474560,31999984,100352,11724333,0,2.7174025420099497
null,750001,withheld_random,0.25207490016075984,0.25207490016075984,0.25207490016075984,0.25207490016075984,0.25207490016075984,0.25278950723853927,2,17,0,0,24,100352,2048,9839997,197999949,0,0,191999952,5799936,294912,1474560,31999984,2048,11722349,0,2.4645608330029063
null,750001,released_random,0.25207490016075984,0.25207490016075984,0.25207490016075984,0.25207490016075984,0.25207490016075984,0.250025474754383,2,17,0,0,24,100352,96256,9839997,197999949,0,0,191999952,5799936,294912,1474560,31999984,100352,11722349,0,2.5891225000086706
null,750001,fixed2_online,0.25207490016075984,0.25020998674299266,0.2502265140253108,0.2501207417174429,0.25034530049192777,0.25009004636780385,2,17,0,24,0,100352,96256,11647053,197999901,0,0,0,0,0,0,31999984,100352,13529405,9,2.8595482500095386
null,750001,fixed26_online,0.2548214422174202,0.2510904191687441,0.2528977157040402,0.25090862798529706,0.25230043245808104,0.2505327383184562,26,209,0,24,0,100352,90638,947356,197997404,0,0,0,0,0,0,31999990,100352,1100466,9,0.5334614580206107
null,750001,fixed26_gated,0.2548214422174202,0.2518180297268121,0.2518180297268121,0.25181802972681216,0.2523185984752468,0.250457374564345,26,209,0,1,23,100352,90638,947356,197997404,0,0,183997539,41091072,196608,491520,31999990,100352,1100466,0,0.5766986249946058
null,750002,withheld_residual,0.2524939947453921,0.2524939947453921,0.2524939947453921,0.2524939947453921,0.2524939947453921,0.2554247318391135,2,17,0,0,24,100352,2048,9794877,197999565,6881280,6389760,185118288,5799936,294912,1474560,31999984,2048,11677229,0,2.4345947919937316
null,750002,released_residual,0.2524939947453921,0.2502359894341466,0.2524939947453921,0.2502359894341466,0.25136499208976937,0.2500821309874677,2,17,0,1,23,100352,96256,9841981,197999565,6881280,8509440,181261651,5799936,294912,1474560,31999984,100352,11724333,0,2.5696597500063945
null,750002,withheld_random,0.2524939947453921,0.2524939947453921,0.2524939947453921,0.2524939947453921,0.2524939947453921,0.2554247318391135,2,17,0,0,24,100352,2048,9839997,197999949,0,0,191999952,5799936,294912,1474560,31999984,2048,11722349,0,2.409669958986342
null,750002,released_random,0.2524939947453921,0.2500567646404813,0.2524939947453921,0.2500567646404814,0.25127537969293673,0.25007701176186636,2,17,0,1,23,100352,96256,9839997,197999949,0,0,187999954,5799936,294912,1474560,31999984,100352,11722349,0,2.5919959169987123
null,750002,fixed2_online,0.2524939947453921,0.2501732489904853,0.25006522220102767,0.25011806662790154,0.2504043747052738,0.25007383406539463,2,17,0,24,0,100352,96256,11647053,197999901,0,0,0,0,0,0,31999984,100352,13529405,9,2.830110958981095
null,750002,fixed26_online,0.25578785077327093,0.250953521178109,0.2519691281955646,0.250975063988977,0.2517148013500464,0.2509706835737989,26,209,0,24,0,100352,90615,947356,197997404,0,0,0,0,0,0,31999990,100352,1100466,9,0.5280521250097081
null,750002,fixed26_gated,0.25578785077327093,0.2517739755021713,0.2517739755021713,0.2517739755021713,0.2519412203051338,0.25102854691973503,26,209,0,1,23,100352,90615,947356,197997404,0,0,183997539,41091072,196608,491520,31999990,100352,1100466,0,0.5737476669892203
null,750003,withheld_residual,0.2534091394395952,0.2534091394395952,0.2534091394395952,0.2534091394395952,0.2534091394395952,0.25440587581181723,2,17,0,0,24,100352,2048,9794877,197999565,6881280,6389760,185118288,5799936,294912,1474560,31999984,2048,11677229,0,2.476731833012309
null,750003,released_residual,0.2534091394395952,0.25052611809316994,0.25052611809316994,0.25052611809316994,0.2507663698720387,0.25014527150929006,2,17,0,1,23,100352,96256,9841981,197999565,6881280,8509440,181261651,5799936,294912,1474560,31999984,100352,11724333,0,2.5829939169925638
null,750003,withheld_random,0.2534091394395952,0.2534091394395952,0.2534091394395952,0.2534091394395952,0.2534091394395952,0.25440587581181723,2,17,0,0,24,100352,2048,9839997,197999949,0,0,191999952,5799936,294912,1474560,31999984,2048,11722349,0,2.4524440829991363
null,750003,released_random,0.2534091394395952,0.25038623898372614,0.25038623898372614,0.25038623898372614,0.2506381473550486,0.2501317164372444,2,17,0,1,23,100352,96256,9839997,197999949,0,0,187999954,5799936,294912,1474560,31999984,100352,11722349,0,2.596300458011683
null,750003,fixed2_online,0.2534091394395952,0.2501015382628317,0.25008214639003357,0.25022082433925036,0.250379715212181,0.25010101476660784,2,17,0,24,0,100352,96256,11647053,197999901,0,0,0,0,0,0,31999984,100352,13529405,11,2.872002208023332
null,750003,fixed26_online,0.25597752181019295,0.25131285113252677,0.2511412226872395,0.25118801048702366,0.25251590372887284,0.2509262021444576,26,209,0,24,0,100352,90565,947356,197997404,0,0,0,0,0,0,31999990,100352,1100466,8,0.5380195410107262
null,750003,fixed26_gated,0.25597752181019295,0.2521909386289009,0.2521909386289009,0.2521909386289009,0.25329535872344444,0.2510544840216322,26,209,0,1,23,100352,90565,947356,197997404,0,0,183997539,41091072,196608,491520,31999990,100352,1100466,0,0.572116791998269
null,750004,withheld_residual,0.25261725554143577,0.25261725554143577,0.25261725554143577,0.2526172555414358,0.25261725554143577,0.2546770699343927,2,17,0,0,24,100352,2048,9794877,197999565,6881280,6389760,185118288,5799936,294912,1474560,31999984,2048,11677229,0,2.510145875014132
null,750004,released_residual,0.25261725554143577,0.2501047607616068,0.2501047607616068,0.25010476076160687,0.2508375717390569,0.2501446186253984,2,17,0,1,23,100352,96256,9841981,197999565,6881280,8509440,181261651,5799936,294912,1474560,31999984,100352,11724333,0,2.5968733750050887
null,750004,withheld_random,0.25261725554143577,0.25261725554143577,0.25261725554143577,0.2526172555414358,0.25261725554143577,0.2546770699343927,2,17,0,0,24,100352,2048,9839997,197999949,0,0,191999952,5799936,294912,1474560,31999984,2048,11722349,0,2.436064499983331
null,750004,released_random,0.25261725554143577,0.2502397925285576,0.2502397925285576,0.2502397925285576,0.2509332192406471,0.2501451725056949,2,17,0,1,23,100352,96256,9839997,197999949,0,0,187999954,5799936,294912,1474560,31999984,100352,11722349,0,2.563679332990432
null,750004,fixed2_online,0.25261725554143577,0.25018177943928843,0.2502395579759067,0.2500571092756337,0.25032492848692894,0.250210933244592,2,17,0,24,0,100352,96256,11647053,197999901,0,0,0,0,0,0,31999984,100352,13529405,11,2.8278429160127416
null,750004,fixed26_online,0.25557974056301924,0.2507694191074067,0.25118935446948426,0.25099549381650194,0.2520234182569134,0.25129970023545967,26,209,0,24,0,100352,90623,947356,197997404,0,0,0,0,0,0,31999990,100352,1100466,9,0.5235179580049589
null,750004,fixed26_gated,0.25557974056301924,0.251165754634869,0.251165754634869,0.25116575463486907,0.25282099935792535,0.25116737453502574,26,209,0,1,23,100352,90623,947356,197997404,0,0,183997539,41091072,196608,491520,31999990,100352,1100466,0,0.5742896669835318
null,750005,withheld_residual,0.25251476213255286,0.25251476213255286,0.25251476213255286,0.2525147621325528,0.25251476213255286,0.25377786366331734,2,17,0,0,24,100352,2048,9794877,197999565,6881280,6389760,185118288,5799936,294912,1474560,31999984,2048,11677229,0,2.5198190420051105
null,750005,released_residual,0.25251476213255286,0.25008192088354303,0.25008192088354303,0.25008192088354303,0.2508928679665463,0.25039856118046044,2,17,0,1,23,100352,96256,9841981,197999565,6881280,8509440,181261651,5799936,294912,1474560,31999984,100352,11724333,0,2.6116576670028735
null,750005,withheld_random,0.25251476213255286,0.25251476213255286,0.25251476213255286,0.2525147621325528,0.25251476213255286,0.25377786366331734,2,17,0,0,24,100352,2048,9839997,197999949,0,0,191999952,5799936,294912,1474560,31999984,2048,11722349,0,2.447046249988489
null,750005,released_random,0.25251476213255286,0.250290157865536,0.250290157865536,0.25029015786553593,0.2510316926212083,0.25040058897810985,2,17,0,1,23,100352,96256,9839997,197999949,0,0,187999954,5799936,294912,1474560,31999984,100352,11722349,0,2.561412917013513
null,750005,fixed2_online,0.25251476213255286,0.2500986165404928,0.2501188673942735,0.25017226511527985,0.2503580547206106,0.25038960387040743,2,17,0,24,0,100352,96256,11647053,197999901,0,0,0,0,0,0,31999984,100352,13529405,11,2.868511209002463
null,750005,fixed26_online,0.25639207478454246,0.25034889332085586,0.2517608777760067,0.2508104786104484,0.25215788699678504,0.25111705385351635,26,209,0,24,0,100352,90642,947356,197997404,0,0,0,0,0,0,31999990,100352,1100466,8,0.5350425420037936
null,750005,fixed26_gated,0.25639207478454246,0.25214097070165786,0.25214097070165786,0.2521409707016579,0.2528494880488053,0.25196569645884986,26,209,0,1,23,100352,90642,947356,197997404,0,0,183997539,41091072,196608,491520,31999990,100352,1100466,0,0.5743207500199787
null,750006,withheld_residual,0.2529674589190326,0.2529674589190326,0.2529674589190326,0.25296745891903255,0.2529674589190326,0.254254965369079,2,17,0,0,24,100352,2048,9794877,197999565,6881280,6389760,185118288,5799936,294912,1474560,31999984,2048,11677229,0,2.5110150830005296
null,750006,released_residual,0.2529674589190326,0.25047176957868644,0.25047176957868644,0.25047176957868644,0.2507837307462297,0.2500303246138267,2,17,0,1,23,100352,96256,9841981,197999565,6881280,8509440,181261651,5799936,294912,1474560,31999984,100352,11724333,0,2.578808999998728
null,750006,withheld_random,0.2529674589190326,0.2529674589190326,0.2529674589190326,0.25296745891903255,0.2529674589190326,0.254254965369079,2,17,0,0,24,100352,2048,9839997,197999949,0,0,191999952,5799936,294912,1474560,31999984,2048,11722349,0,2.4489740840217564
null,750006,released_random,0.2529674589190326,0.25025549119845586,0.25025549119845586,0.25025549119845586,0.25059448716352795,0.2500295708828646,2,17,0,1,23,100352,96256,9839997,197999949,0,0,187999954,5799936,294912,1474560,31999984,100352,11722349,0,2.525158917007502
null,750006,fixed2_online,0.2529674589190326,0.2501046908796963,0.25018874218593073,0.2500823225683849,0.25036254733318447,0.2500310178774774,2,17,0,24,0,100352,96256,11647053,197999901,0,0,0,0,0,0,31999984,100352,13529405,11,2.8140958749863785
null,750006,fixed26_online,0.25471945454459305,0.2510019924804423,0.25081721410846747,0.2507586498668108,0.25169476961719056,0.25043813755687505,26,209,0,24,0,100352,90613,947356,197997404,0,0,0,0,0,0,31999990,100352,1100466,8,0.5250612910022028
null,750006,fixed26_gated,0.25471945454459305,0.2517467088879933,0.2517467088879933,0.2517467088879933,0.2521183020950683,0.25034339446110065,26,209,0,1,23,100352,90613,947356,197997404,0,0,183997539,41091072,196608,491520,31999990,100352,1100466,0,0.5719645830104128
null,750007,withheld_residual,0.25373935806053194,0.25373935806053194,0.25373935806053194,0.2537393580605319,0.25373935806053194,0.2546910121545427,2,17,0,0,24,100352,2048,9794877,197999565,6881280,6389760,185118288,5799936,294912,1474560,31999984,2048,11677229,0,2.528719124995405
null,750007,released_residual,0.25373935806053194,0.250276193904978,0.250276193904978,0.250276193904978,0.25085338793090367,0.25010171906526873,2,17,0,1,23,100352,96256,9841981,197999565,6881280,8509440,181261651,5799936,294912,1474560,31999984,100352,11724333,0,2.596612416993594
null,750007,withheld_random,0.25373935806053194,0.25373935806053194,0.25373935806053194,0.2537393580605319,0.25373935806053194,0.2546910121545427,2,17,0,0,24,100352,2048,9839997,197999949,0,0,191999952,5799936,294912,1474560,31999984,2048,11722349,0,2.4681092919781804
null,750007,released_random,0.25373935806053194,0.2502567378755395,0.2502567378755395,0.25025673787553954,0.2508371745730382,0.25010198641065745,2,17,0,1,23,100352,96256,9839997,197999949,0,0,187999954,5799936,294912,1474560,31999984,100352,11722349,0,2.5494539590144996
null,750007,fixed2_online,0.25373935806053194,0.2500562841358197,0.25022530798447623,0.2501041381877193,0.25042695447885527,0.2501875745992769,2,17,0,24,0,100352,96256,11647053,197999901,0,0,0,0,0,0,31999984,100352,13529405,11,2.8654602500027977
null,750007,fixed26_online,0.25457656037366727,0.2508035741391268,0.2515946859776539,0.2510584404747143,0.2519065808839945,0.2510432761684846,26,209,0,24,0,100352,90723,947356,197997404,0,0,0,0,0,0,31999990,100352,1100466,9,0.530476458981866
null,750007,fixed26_gated,0.25457656037366727,0.2518021382508686,0.2518021382508686,0.2518021382508686,0.2522645419380017,0.25090321479942335,26,209,0,1,23,100352,90723,947356,197997404,0,0,183997539,41091072,196608,491520,31999990,100352,1100466,0,0.573827624990372
null,750008,withheld_residual,0.25132676254681025,0.25132676254681025,0.25132676254681025,0.25132676254681025,0.25132676254681025,0.2527679764901799,2,17,0,0,24,100352,2048,9794877,197999565,6881280,6389760,185118288,5799936,294912,1474560,31999984,2048,11677229,0,2.4621057499898598
null,750008,released_residual,0.25132676254681025,0.25132676254681025,0.25132676254681025,0.25132676254681025,0.25132676254681025,0.2500636806612391,2,17,0,0,24,100352,96256,9841981,197999565,6881280,8509440,185118288,5799936,294912,1474560,31999984,100352,11724333,0,2.5796093750104774
null,750008,withheld_random,0.25132676254681025,0.25132676254681025,0.25132676254681025,0.25132676254681025,0.25132676254681025,0.2527679764901799,2,17,0,0,24,100352,2048,9839997,197999949,0,0,191999952,5799936,294912,1474560,31999984,2048,11722349,0,2.41869466699427
null,750008,released_random,0.25132676254681025,0.25132676254681025,0.25132676254681025,0.25132676254681025,0.25132676254681025,0.2500636806612391,2,17,0,0,24,100352,96256,9839997,197999949,0,0,191999952,5799936,294912,1474560,31999984,100352,11722349,0,2.551160709001124
null,750008,fixed2_online,0.25132676254681025,0.2500318353830841,0.2501803090383806,0.2501951885778893,0.25034155585014156,0.25003067323495043,2,17,0,24,0,100352,96256,11647053,197999901,0,0,0,0,0,0,31999984,100352,13529405,10,2.85869341698708
null,750008,fixed26_online,0.25325638769437064,0.2506814236156845,0.25095397020560295,0.2508105606996622,0.25189954263604736,0.2507390474121105,26,209,0,24,0,100352,90632,947356,197997404,0,0,0,0,0,0,31999990,100352,1100466,11,0.5258508749830071
null,750008,fixed26_gated,0.25325638769437064,0.2513160482059299,0.25325638769437064,0.2529329977796306,0.2531755402156856,0.25095148542693824,26,209,0,1,23,100352,90632,947356,197997404,0,0,183997539,41091072,196608,491520,31999990,100352,1100466,0,0.5718658749829046
null,750009,withheld_residual,0.25396077993344945,0.25396077993344945,0.25396077993344945,0.2539607799334495,0.25396077993344945,0.2547923692091625,2,17,0,0,24,100352,2048,9794877,197999565,6881280,6389760,185118288,5799936,294912,1474560,31999984,2048,11677229,0,2.486281791003421
null,750009,released_residual,0.25396077993344945,0.2503793118037932,0.2503793118037932,0.2503793118037932,0.25082699532000025,0.25031554458890937,2,17,0,1,23,100352,96256,9841981,197999565,6881280,8509440,181261651,5799936,294912,1474560,31999984,100352,11724333,0,2.585226374998456
null,750009,withheld_random,0.25396077993344945,0.25396077993344945,0.25396077993344945,0.2539607799334495,0.25396077993344945,0.2547923692091625,2,17,0,0,24,100352,2048,9839997,197999949,0,0,191999952,5799936,294912,1474560,31999984,2048,11722349,0,2.440981833002297
null,750009,released_random,0.25396077993344945,0.2503598606020849,0.2503598606020849,0.2503598606020849,0.2508099755185055,0.2502993231470996,2,17,0,1,23,100352,96256,9839997,197999949,0,0,187999954,5799936,294912,1474560,31999984,100352,11722349,0,2.548060750006698
null,750009,fixed2_online,0.25396077993344945,0.25003791704973105,0.2500705181272387,0.25009965120643857,0.2504282701744834,0.2504451201753438,2,17,0,24,0,100352,96256,11647053,197999901,0,0,0,0,0,0,31999984,100352,13529405,12,2.910382208006922
null,750009,fixed26_online,0.2573123778347592,0.2507088387264471,0.2512103472380511,0.25083727202977557,0.2519528967241926,0.2505702029477853,26,209,0,24,0,100352,90668,947356,197997404,0,0,0,0,0,0,31999990,100352,1100466,10,0.5269698330084793
null,750009,fixed26_gated,0.2573123778347592,0.2524401661131346,0.2524401661131346,0.2524401661131346,0.25284618375660334,0.25071190419013634,26,209,0,1,23,100352,90668,947356,197997404,0,0,183997539,41091072,196608,491520,31999990,100352,1100466,0,0.5708595839969348
null,750010,withheld_residual,0.2526805200956068,0.2526805200956068,0.2526805200956068,0.2526805200956068,0.2526805200956068,0.2536109956024293,2,17,0,0,24,100352,2048,9794877,197999565,6881280,6389760,185118288,5799936,294912,1474560,31999984,2048,11677229,0,2.470213791995775
null,750010,released_residual,0.2526805200956068,0.25040894267752006,0.25040894267752006,0.25040894267752006,0.250598240795694,0.25021896411562766,2,17,0,1,23,100352,96256,9841981,197999565,6881280,8509440,181261651,5799936,294912,1474560,31999984,100352,11724333,0,2.576369624992367
null,750010,withheld_random,0.2526805200956068,0.2526805200956068,0.2526805200956068,0.2526805200956068,0.2526805200956068,0.2536109956024293,2,17,0,0,24,100352,2048,9839997,197999949,0,0,191999952,5799936,294912,1474560,31999984,2048,11722349,0,2.4506572500104085
null,750010,released_random,0.2526805200956068,0.2503946084586822,0.2503946084586822,0.25039460845868217,0.2505851010950926,0.25021954155170445,2,17,0,1,23,100352,96256,9839997,197999949,0,0,187999954,5799936,294912,1474560,31999984,100352,11722349,0,2.5328208340215497
null,750010,fixed2_online,0.2526805200956068,0.2501590100311598,0.2500536382092975,0.2501508934810978,0.250310927245881,0.2502971754441252,2,17,0,24,0,100352,96256,11647053,197999901,0,0,0,0,0,0,31999984,100352,13529405,11,2.8585816669801716
null,750010,fixed26_online,0.2549284621175659,0.2506427014158512,0.2515558585524741,0.2509255289830639,0.25200902930495156,0.250499135956574,26,209,0,24,0,100352,90736,947356,197997404,0,0,0,0,0,0,31999990,100352,1100466,9,0.5232812500034925
null,750010,fixed26_gated,0.2549284621175659,0.2513843629844963,0.2513843629844963,0.2513843629844963,0.2519750461733412,0.2507041246386194,26,209,0,1,23,100352,90736,947356,197997404,0,0,183997539,41091072,196608,491520,31999990,100352,1100466,0,0.5728200000012293
null,750011,withheld_residual,0.25248153861367556,0.25248153861367556,0.25248153861367556,0.25248153861367556,0.25248153861367556,0.25483312697335503,2,17,0,0,24,100352,2048,9794877,197999565,6881280,6389760,185118288,5799936,294912,1474560,31999984,2048,11677229,0,2.4783309170161374
null,750011,released_residual,0.25248153861367556,0.25248153861367556,0.25248153861367556,0.25248153861367556,0.25248153861367556,0.250096802426395,2,17,0,0,24,100352,96256,9841981,197999565,6881280,8509440,185118288,5799936,294912,1474560,31999984,100352,11724333,0,2.590691708988743
null,750011,withheld_random,0.25248153861367556,0.25248153861367556,0.25248153861367556,0.25248153861367556,0.25248153861367556,0.25483312697335503,2,17,0,0,24,100352,2048,9839997,197999949,0,0,191999952,5799936,294912,1474560,31999984,2048,11722349,0,2.460788791999221
null,750011,released_random,0.25248153861367556,0.25248153861367556,0.25248153861367556,0.25248153861367556,0.25248153861367556,0.250096802426395,2,17,0,0,24,100352,96256,9839997,197999949,0,0,191999952,5799936,294912,1474560,31999984,100352,11722349,0,2.5560685840027872
null,750011,fixed2_online,0.25248153861367556,0.2500949930927774,0.2502194791289344,0.250127714825204,0.25035864758179177,0.25032663129420824,2,17,0,24,0,100352,96256,11647053,197999901,0,0,0,0,0,0,31999984,100352,13529405,10,2.9200979160086717
null,750011,fixed26_online,0.2536514411188105,0.2511166134610412,0.2516321232784603,0.2507349664217882,0.2517586943476295,0.25115104360062773,26,209,0,24,0,100352,90641,947356,197997404,0,0,0,0,0,0,31999990,100352,1100466,11,0.5297065420018043
null,750011,fixed26_gated,0.2536514411188105,0.25090715148653736,0.25090715148653736,0.25090715148653736,0.25193626009863984,0.2507873626708147,26,209,0,1,23,100352,90641,947356,197997404,0,0,183997539,41091072,196608,491520,31999990,100352,1100466,0,0.576519541995367
radial,750000,withheld_residual,0.1942534428937734,0.12369301825808968,0.12369301825808968,0.12369301825808966,0.12410433193646558,0.11933235355704477,3,25,1,2,21,100352,2048,7265015,197998967,6881280,8650752,173547815,8060928,294912,1474560,32000000,2048,8545015,0,1.940956875012489
radial,750000,released_residual,0.1942534428937734,0.12166184109087681,0.12166184109087681,0.12166184109087681,0.12217690157757932,0.1184007457929128,3,25,1,2,21,100352,96256,7312119,197998967,6881280,11147264,173547815,8060928,294912,1474560,32000000,100352,8592119,0,1.9703448330110405
radial,750000,withheld_random,0.1942534428937734,0.12328548085233931,0.12328548085233931,0.12328548085233933,0.12378359159816021,0.11931106200427062,3,25,1,2,21,100352,2048,7216111,197999903,0,0,179999906,8060928,294912,1474560,32000000,2048,8496111,0,1.853194249997614
radial,750000,released_random,0.1942534428937734,0.12021622774810314,0.12206466904176173,0.12021622774810314,0.12177289114139213,0.11833088914401275,3,25,1,3,20,100352,96256,7216111,197999903,0,0,175999906,8060928,294912,1474560,32000000,100352,8496111,0,1.901981875009369
radial,750000,fixed2_online,0.1942534428937734,0.1923617611609964,0.1920644883605932,0.1919939427105113,0.192166355701064,0.19248667187775065,2,17,0,24,0,100352,96256,11647053,197999901,0,0,0,0,0,0,31999984,100352,13529405,12,2.81641391699668
radial,750000,fixed26_online,0.1823630865175701,0.11725303227381437,0.1179461629803812,0.11732831479802341,0.1180316080744852,0.1167916561646829,26,209,0,24,0,100352,90595,947356,197997404,0,0,0,0,0,0,31999990,100352,1100466,8,0.5220887089963071
radial,750000,fixed26_gated,0.1823630865175701,0.11821395788801871,0.11821395788801871,0.11821395788801871,0.11911870965527199,0.11706175683896382,26,209,0,3,21,100352,90595,947356,197997404,0,0,167997753,41091072,196608,491520,31999990,100352,1100466,0,0.5629884579975624
radial,750001,withheld_residual,0.194692877952398,0.12269135503853949,0.12269135503853949,0.12269135503853949,0.1228342861683317,0.11883921304852646,3,25,1,1,22,100352,2048,7265015,197998967,6881280,8650752,177404440,8060928,294912,1474560,32000000,2048,8545015,0,1.913781375013059
radial,750001,released_residual,0.194692877952398,0.12166391982605498,0.12166391982605498,0.12166391982605497,0.12184966075636738,0.11790282142687852,3,25,1,1,22,100352,96256,7312119,197998967,6881280,11147264,177404440,8060928,294912,1474560,32000000,100352,8592119,0,1.960329958004877
radial,750001,withheld_random,0.194692877952398,0.12143637177211414,0.12143637177211414,0.12143637177211412,0.12227002597111036,0.11878145963894811,3,25,1,2,21,100352,2048,7216111,197999903,0,0,179999906,8060928,294912,1474560,32000000,2048,8496111,0,1.8607306250196416
radial,750001,released_random,0.194692877952398,0.1219517964865317,0.1219517964865317,0.12195179648653172,0.12215850395870176,0.11792522394112924,3,25,1,1,22,100352,96256,7216111,197999903,0,0,183999906,8060928,294912,1474560,32000000,100352,8496111,0,1.945228708005743
radial,750001,fixed2_online,0.194692877952398,0.1913599405755264,0.19125681978422557,0.19134382203075195,0.19156500628645437,0.19154664866442883,2,17,0,24,0,100352,96256,11647053,197999901,0,0,0,0,0,0,31999984,100352,13529405,9,2.9274399999994785
radial,750001,fixed26_online,0.16208343878401443,0.1164058802242201,0.11676461548958197,0.11642889206857898,0.11749526093733682,0.11618378567646288,26,209,0,24,0,100352,90630,947356,197997404,0,0,0,0,0,0,31999990,100352,1100466,9,0.5192662500194274
radial,750001,fixed26_gated,0.16208343878401443,0.1184288731037132,0.1184288731037132,0.1184288731037132,0.11903968803147846,0.11644362947451893,26,209,0,3,21,100352,90630,947356,197997404,0,0,167997753,41091072,196608,491520,31999990,100352,1100466,0,0.5557217500172555
radial,750002,withheld_residual,0.19163161401977888,0.12126305357054518,0.12126305357054518,0.12126305357054519,0.12215727138094874,0.11882359350386883,3,25,1,2,21,100352,2048,7265015,197998967,6881280,8650752,173547815,8060928,294912,1474560,32000000,2048,8545015,0,1.9512183339975309
radial,750002,released_residual,0.19163161401977888,0.1227284060894333,0.1227284060894333,0.12272840608943332,0.12294506440080115,0.11842621705230634,3,25,1,1,22,100352,96256,7312119,197998967,6881280,11147264,177404440,8060928,294912,1474560,32000000,100352,8592119,0,1.951493875007145
radial,750002,withheld_random,0.19163161401977888,0.12071084640074063,0.12071084640074063,0.12071084640074063,0.12174334965065174,0.1187982261163081,3,25,1,2,21,100352,2048,7216111,197999903,0,0,179999906,8060928,294912,1474560,32000000,2048,8496111,0,1.8640917500015348
radial,750002,released_random,0.19163161401977888,0.12023711215844321,0.12023711215844321,0.12023711215844322,0.12106538153200164,0.11836847463155498,3,25,1,2,21,100352,96256,7216111,197999903,0,0,179999906,8060928,294912,1474560,32000000,100352,8496111,0,1.9086738750047516
radial,750002,fixed2_online,0.19163161401977888,0.19197753951305263,0.19157937953893353,0.19163193390784858,0.19156463736760074,0.19141969034723222,2,17,0,24,0,100352,96256,11647053,197999901,0,0,0,0,0,0,31999984,100352,13529405,13,2.8304309579834808
radial,750002,fixed26_online,0.18354986827847478,0.11701104712051452,0.11684428695277521,0.11673025581630181,0.11769408055832575,0.11828348495297858,26,209,0,24,0,100352,90624,947356,197997404,0,0,0,0,0,0,31999990,100352,1100466,8,0.5207622080051806
radial,750002,fixed26_gated,0.18354986827847478,0.11833196559511672,0.11833196559511672,0.11833196559511672,0.11922235867742857,0.11890622746620529,26,209,0,3,21,100352,90624,947356,197997404,0,0,167997753,41091072,196608,491520,31999990,100352,1100466,0,0.5671107920061331
radial,750003,withheld_residual,0.19416168336383147,0.12348804578945918,0.12348804578945918,0.12348804578945917,0.12393420692304306,0.11979740573723648,3,25,1,2,21,100352,2048,7265015,197998967,6881280,8650752,173547815,8060928,294912,1474560,32000000,2048,8545015,0,1.9021035000041593
radial,750003,released_residual,0.19416168336383147,0.12171503354656993,0.12406120183578553,0.12171503354656994,0.12327833229917821,0.1186644553491765,3,25,1,2,21,100352,96256,7312119,197998967,6881280,11147264,173547815,8060928,294912,1474560,32000000,100352,8592119,0,1.9869918750191573
radial,750003,withheld_random,0.19416168336383147,0.12292658044840116,0.12292658044840116,0.12292658044840117,0.12332643273840449,0.11976303302033665,3,25,1,2,21,100352,2048,7216111,197999903,0,0,179999906,8060928,294912,1474560,32000000,2048,8496111,0,1.866569834004622
radial,750003,released_random,0.19416168336383147,0.12098730235904838,0.12098730235904838,0.12098730235904838,0.12194116576998133,0.1186529425689455,3,25,1,2,21,100352,96256,7216111,197999903,0,0,179999906,8060928,294912,1474560,32000000,100352,8496111,0,1.95006491598906
radial,750003,fixed2_online,0.19416168336383147,0.19253916957898082,0.19304275415262334,0.1929124946051238,0.19313546188377853,0.19174036391754712,2,17,0,24,0,100352,96256,11647053,197999901,0,0,0,0,0,0,31999984,100352,13529405,13,2.9388442920171656
radial,750003,fixed26_online,0.17217731144216672,0.1178097049290592,0.11853172769224044,0.11738155757950024,0.11859185245893554,0.11727476208973989,26,209,0,24,0,100352,90610,947356,197997404,0,0,0,0,0,0,31999990,100352,1100466,8,0.5172875830030534
radial,750003,fixed26_gated,0.17217731144216672,0.11826065790035711,0.1217636406049916,0.11826065790035711,0.12071617407886855,0.11796292844801645,26,209,0,3,21,100352,90610,947356,197997404,0,0,167997753,41091072,196608,491520,31999990,100352,1100466,0,0.5539084579795599
radial,750004,withheld_residual,0.19313829711847263,0.12306868973793605,0.12306868973793605,0.12306868973793605,0.12320596008895147,0.11909267448430537,3,25,1,1,22,100352,2048,7265015,197998967,6881280,8650752,177404440,8060928,294912,1474560,32000000,2048,8545015,0,1.9495750420028344
radial,750004,released_residual,0.19313829711847263,0.12268946732022692,0.12268946732022692,0.12268946732022691,0.12284253860531358,0.11865898570997022,3,25,1,1,22,100352,96256,7312119,197998967,6881280,11147264,177404440,8060928,294912,1474560,32000000,100352,8592119,0,1.979132375010522
radial,750004,withheld_random,0.19313829711847263,0.12118670864518852,0.12118670864518852,0.12118670864518853,0.12190903884937736,0.11901342254473751,3,25,1,2,21,100352,2048,7216111,197999903,0,0,179999906,8060928,294912,1474560,32000000,2048,8496111,0,1.8668556250049733
radial,750004,released_random,0.19313829711847263,0.12230518056580333,0.12230518056580333,0.12230518056580332,0.12246631253616737,0.11865688683371414,3,25,1,1,22,100352,96256,7216111,197999903,0,0,183999906,8060928,294912,1474560,32000000,100352,8496111,0,1.9315432499861345
radial,750004,fixed2_online,0.19313829711847263,0.19321694020808544,0.19242029373666764,0.1931129445664788,0.19261260655617277,0.1935835373365687,2,17,0,24,0,100352,96256,11647053,197999901,0,0,0,0,0,0,31999984,100352,13529405,11,2.7986790419963654
radial,750004,fixed26_online,0.16973416428270377,0.11915375917899915,0.11762723062246952,0.1180427979806379,0.1186528123971035,0.11740077085330586,26,209,0,24,0,100352,90682,947356,197997404,0,0,0,0,0,0,31999990,100352,1100466,10,0.5194623340212274
radial,750004,fixed26_gated,0.16973416428270377,0.1188397096797471,0.1188397096797471,0.1188397096797471,0.11944226250414437,0.1176405394745641,26,209,0,3,21,100352,90682,947356,197997404,0,0,167997753,41091072,196608,491520,31999990,100352,1100466,0,0.5646089169895276
radial,750005,withheld_residual,0.19288507775877806,0.12220063151030336,0.12220063151030336,0.12220063151030336,0.12303205765724788,0.12093314837329275,3,25,1,2,21,100352,2048,7265015,197998967,6881280,8650752,173547815,8060928,294912,1474560,32000000,2048,8545015,0,1.911698542011436
radial,750005,released_residual,0.19288507775877806,0.1214350934687224,0.12270488749553447,0.12249325515773246,0.12283478955978593,0.11788598150476415,3,25,1,2,21,100352,96256,7312119,197998967,6881280,11147264,173547815,8060928,294912,1474560,32000000,100352,8592119,0,1.9917914170073345
radial,750005,withheld_random,0.19288507775877806,0.12300163280547313,0.12300163280547313,0.12300163280547315,0.12317065613199642,0.12091025737446784,3,25,1,1,22,100352,2048,7216111,197999903,0,0,183999906,8060928,294912,1474560,32000000,2048,8496111,0,1.876295708003454
radial,750005,released_random,0.19288507775877806,0.1202424095488407,0.1202424095488407,0.1202424095488407,0.12126356163621126,0.11793933548981733,3,25,1,2,21,100352,96256,7216111,197999903,0,0,179999906,8060928,294912,1474560,32000000,100352,8496111,0,1.920504332985729
radial,750005,fixed2_online,0.19288507775877806,0.1918066297527085,0.19186161852709055,0.19183444112919945,0.19177566046412073,0.1914882923515579,2,17,0,24,0,100352,96256,11647053,197999901,0,0,0,0,0,0,31999984,100352,13529405,14,2.9221361249801703
radial,750005,fixed26_online,0.17381976690501758,0.11729523522113665,0.11677037118408237,0.11716208332391363,0.11820742011354106,0.11663798391485411,26,209,0,24,0,100352,90617,947356,197997404,0,0,0,0,0,0,31999990,100352,1100466,10,0.5184157500043511
radial,750005,fixed26_gated,0.17381976690501758,0.11892113911312718,0.11892113911312718,0.11892113911312718,0.11955060993350847,0.11718323381588805,26,209,0,3,21,100352,90617,947356,197997404,0,0,167997753,41091072,196608,491520,31999990,100352,1100466,0,0.5539247090055142
radial,750006,withheld_residual,0.19218510334926497,0.12137388228505809,0.12137388228505809,0.12137388228505809,0.12194053879780566,0.11911197443710218,3,25,1,2,21,100352,2048,7265015,197998967,6881280,8650752,173547815,8060928,294912,1474560,32000000,2048,8545015,0,1.9553219999943394
radial,750006,released_residual,0.19218510334926497,0.12267143389508872,0.12267143389508872,0.12267143389508872,0.12290146055711922,0.11845529220659215,3,25,1,1,22,100352,96256,7312119,197998967,6881280,11147264,177404440,8060928,294912,1474560,32000000,100352,8592119,0,1.962704457982909
radial,750006,withheld_random,0.19218510334926497,0.1210587501086289,0.1210587501086289,0.12105875010862889,0.1218936030011689,0.11910932829794232,3,25,1,2,21,100352,2048,7216111,197999903,0,0,179999906,8060928,294912,1474560,32000000,2048,8496111,0,1.8560171670105774
radial,750006,released_random,0.19218510334926497,0.1207134358406381,0.1207134358406381,0.1207134358406381,0.12127354921647952,0.11839614410886429,3,25,1,2,21,100352,96256,7216111,197999903,0,0,179999906,8060928,294912,1474560,32000000,100352,8496111,0,2.0808046250022016
radial,750006,fixed2_online,0.19218510334926497,0.1918707033616705,0.19203630169721908,0.19181299001423255,0.19182073375276376,0.19169974758853534,2,17,0,24,0,100352,96256,11647053,197999901,0,0,0,0,0,0,31999984,100352,13529405,11,2.8470183330064174
radial,750006,fixed26_online,0.1876859424542704,0.1165127187522523,0.11765781216432657,0.11688541978046872,0.11839737904736335,0.11647626777816905,26,209,0,24,0,100352,90646,947356,197997404,0,0,0,0,0,0,31999990,100352,1100466,9,0.5350619170058053
radial,750006,fixed26_gated,0.1876859424542704,0.11880459085877584,0.11880459085877584,0.11880459085877583,0.1194247468107295,0.11677407683946668,26,209,0,3,21,100352,90646,947356,197997404,0,0,167997753,41091072,196608,491520,31999990,100352,1100466,0,0.5667336250189692
radial,750007,withheld_residual,0.19491696687729249,0.12397022581581246,0.12397022581581246,0.12397022581581245,0.12452063196645435,0.12168278907498659,3,25,1,2,21,100352,2048,7265015,197998967,6881280,8650752,173547815,8060928,294912,1474560,32000000,2048,8545015,0,1.9103384159971029
radial,750007,released_residual,0.19491696687729249,0.12036654998613425,0.12036654998613425,0.12036654998613426,0.12107209234386863,0.11799298184144369,3,25,1,2,21,100352,96256,7312119,197998967,6881280,11147264,173547815,8060928,294912,1474560,32000000,100352,8592119,0,1.9659229579847306
radial,750007,withheld_random,0.19491696687729249,0.12340345059269402,0.12340345059269402,0.12340345059269402,0.12392943665108842,0.12167274252972964,3,25,1,2,21,100352,2048,7216111,197999903,0,0,179999906,8060928,294912,1474560,32000000,2048,8496111,0,1.9765987079881597
radial,750007,released_random,0.19491696687729249,0.1203646566527162,0.12283940657274922,0.12036465665271621,0.12231592396141955,0.11796203867818099,3,25,1,2,21,100352,96256,7216111,197999903,0,0,179999906,8060928,294912,1474560,32000000,100352,8496111,0,1.9413207919860724
radial,750007,fixed2_online,0.19491696687729249,0.19176978677336576,0.19189415347104527,0.1917152324018739,0.19195933972842086,0.1919751418967053,2,17,0,24,0,100352,96256,11647053,197999901,0,0,0,0,0,0,31999984,100352,13529405,13,2.9714724580117036
radial,750007,fixed26_online,0.1713110852387356,0.11759404049092104,0.1173966167311391,0.11735875637205428,0.11829960746701029,0.11671652045326861,26,209,0,24,0,100352,90589,947356,197997404,0,0,0,0,0,0,31999990,100352,1100466,8,0.5431832500034943
radial,750007,fixed26_gated,0.1713110852387356,0.11919035681659504,0.11919035681659504,0.11919035681659505,0.11968130936419626,0.11723146226688516,26,209,0,3,21,100352,90589,947356,197997404,0,0,167997753,41091072,196608,491520,31999990,100352,1100466,0,0.5736239169782493
radial,750008,withheld_residual,0.1937165190755505,0.12168878307860422,0.12168878307860422,0.12168878307860422,0.12205353210043228,0.1185061927634182,3,25,1,2,21,100352,2048,7265015,197998967,6881280,8650752,173547815,8060928,294912,1474560,32000000,2048,8545015,0,2.3453161669895053
radial,750008,released_residual,0.1937165190755505,0.12166186391844772,0.12166186391844772,0.1216618639184477,0.12204667613143878,0.11897977356564769,3,25,1,2,21,100352,96256,7312119,197998967,6881280,11147264,173547815,8060928,294912,1474560,32000000,100352,8592119,0,2.7269259579770733
radial,750008,withheld_random,0.1937165190755505,0.12129567933389229,0.12129567933389229,0.12129567933389229,0.12225542202057853,0.11849174274887801,3,25,1,2,21,100352,2048,7216111,197999903,0,0,179999906,8060928,294912,1474560,32000000,2048,8496111,0,2.5398266249976587
radial,750008,released_random,0.1937165190755505,0.12097593456990954,0.12097593456990954,0.12097593456990953,0.12232250643757776,0.11896040213096956,3,25,1,2,21,100352,96256,7216111,197999903,0,0,179999906,8060928,294912,1474560,32000000,100352,8496111,0,2.659696624992648
radial,750008,fixed2_online,0.1937165190755505,0.192449760943664,0.1919898647443138,0.19219742511165472,0.19225431688490083,0.19211959340927162,2,17,0,24,0,100352,96256,11647053,197999901,0,0,0,0,0,0,31999984,100352,13529405,11,4.216615541983629
radial,750008,fixed26_online,0.20044891558667116,0.11742824368532973,0.11851726148591503,0.11729634822741382,0.11880709369486427,0.11649415011931917,26,209,0,24,0,100352,90699,947356,197997404,0,0,0,0,0,0,31999990,100352,1100466,9,0.6531021249829791
radial,750008,fixed26_gated,0.20044891558667116,0.11898878617255196,0.11898878617255196,0.11898878617255194,0.12004563760872085,0.11702903379864618,26,209,0,4,20,100352,90699,947356,197997404,0,0,159997860,41091072,196608,491520,31999990,100352,1100466,0,0.9087238750071265
radial,750009,withheld_residual,0.1914962137808943,0.12188410107937755,0.12188410107937755,0.12188410107937754,0.1229375457377193,0.12025899630477829,3,25,1,2,21,100352,2048,7265015,197998967,6881280,8650752,173547815,8060928,294912,1474560,32000000,2048,8545015,0,3.059301957982825
radial,750009,released_residual,0.1914962137808943,0.12021559505533636,0.12021559505533636,0.12021559505533634,0.12114323854091454,0.11783386835071331,3,25,1,2,21,100352,96256,7312119,197998967,6881280,11147264,173547815,8060928,294912,1474560,32000000,100352,8592119,0,2.7025129579997156
radial,750009,withheld_random,0.1914962137808943,0.1220164367541296,0.1220164367541296,0.12201643675412961,0.12305859310501029,0.12026257837517963,3,25,1,2,21,100352,2048,7216111,197999903,0,0,179999906,8060928,294912,1474560,32000000,2048,8496111,0,2.3977082500059623
radial,750009,released_random,0.1914962137808943,0.12072592549700928,0.12268351661204382,0.12072592549700926,0.12207074423514798,0.11783928255902051,3,25,1,2,21,100352,96256,7216111,197999903,0,0,179999906,8060928,294912,1474560,32000000,100352,8496111,0,2.8680092910071835
radial,750009,fixed2_online,0.1914962137808943,0.1920693563505314,0.1921950098639449,0.19225106250173843,0.19215421161122262,0.19252449625008414,2,17,0,24,0,100352,96256,11647053,197999901,0,0,0,0,0,0,31999984,100352,13529405,12,4.405948792002164
radial,750009,fixed26_online,0.1790830820148733,0.1164538106265156,0.11699440000034808,0.11643931093862347,0.11796225853634872,0.11712331838840964,26,209,0,24,0,100352,90706,947356,197997404,0,0,0,0,0,0,31999990,100352,1100466,11,0.8323083330178633
radial,750009,fixed26_gated,0.1790830820148733,0.11885676975428194,0.11885676975428194,0.11885676975428194,0.11965659581910748,0.11799259173034879,26,209,0,3,21,100352,90706,947356,197997404,0,0,167997753,41091072,196608,491520,31999990,100352,1100466,0,1.214511041995138
radial,750010,withheld_residual,0.1936852545464534,0.12277556809093046,0.12277556809093046,0.12277556809093047,0.1233077988607606,0.11852713104062262,3,25,1,2,21,100352,2048,7265015,197998967,6881280,8650752,173547815,8060928,294912,1474560,32000000,2048,8545015,0,3.136113916989416
radial,750010,released_residual,0.1936852545464534,0.11984708964737137,0.12213998617950227,0.11984708964737135,0.12232474466954645,0.11816291515407037,3,25,1,3,20,100352,96256,7312119,197998967,6881280,11147264,169691190,8060928,294912,1474560,32000000,100352,8592119,0,2.1731129580002744
radial,750010,withheld_random,0.1936852545464534,0.12227603962059506,0.12227603962059506,0.12227603962059506,0.12272636436820965,0.11849812842041288,3,25,1,2,21,100352,2048,7216111,197999903,0,0,179999906,8060928,294912,1474560,32000000,2048,8496111,0,2.528212415985763
radial,750010,released_random,0.1936852545464534,0.12155047087075221,0.12155047087075221,0.12155047087075221,0.12198857007598245,0.11825636649796578,3,25,1,2,21,100352,96256,7216111,197999903,0,0,179999906,8060928,294912,1474560,32000000,100352,8496111,0,2.292070416006027
radial,750010,fixed2_online,0.1936852545464534,0.19273929478467325,0.19281170884372384,0.19277144845917785,0.19279203694037514,0.19288153012512113,2,17,0,24,0,100352,96256,11647053,197999901,0,0,0,0,0,0,31999984,100352,13529405,10,3.4594989999895915
radial,750010,fixed26_online,0.17406706678585612,0.11645762099520537,0.11879877309240747,0.11662666619435362,0.11796636773897291,0.1164709355166129,26,209,0,24,0,100352,90638,947356,197997404,0,0,0,0,0,0,31999990,100352,1100466,9,0.6269117500050925
radial,750010,fixed26_gated,0.17406706678585612,0.11916736610694723,0.11916736610694723,0.11916736610694723,0.119594215072381,0.11683524036285067,26,209,0,3,21,100352,90638,947356,197997404,0,0,167997753,41091072,196608,491520,31999990,100352,1100466,0,0.7462912079936359
radial,750011,withheld_residual,0.194710763864055,0.12272033127053347,0.12272033127053347,0.12272033127053349,0.12319012970202255,0.11956934563175703,3,25,1,2,21,100352,2048,7265015,197998967,6881280,8650752,173547815,8060928,294912,1474560,32000000,2048,8545015,0,2.0852468329831026
radial,750011,released_residual,0.194710763864055,0.12046238785317541,0.12046238785317541,0.12046238785317541,0.12129400790788214,0.11813726641173698,3,25,1,2,21,100352,96256,7312119,197998967,6881280,11147264,173547815,8060928,294912,1474560,32000000,100352,8592119,0,2.7967050410225056
radial,750011,withheld_random,0.194710763864055,0.1222616452568714,0.1222616452568714,0.1222616452568714,0.12278950882369284,0.11955086915669114,3,25,1,2,21,100352,2048,7216111,197999903,0,0,179999906,8060928,294912,1474560,32000000,2048,8496111,0,2.1814060419856105
radial,750011,released_random,0.194710763864055,0.12019607084348241,0.12019607084348241,0.1201960708434824,0.12086864558580414,0.11813001773980036,3,25,1,2,21,100352,96256,7216111,197999903,0,0,179999906,8060928,294912,1474560,32000000,100352,8496111,0,2.4246752909966744
radial,750011,fixed2_online,0.194710763864055,0.19187782596691,0.192099835253353,0.19171347537441288,0.19184094957923578,0.19177584603014813,2,17,0,24,0,100352,96256,11647053,197999901,0,0,0,0,0,0,31999984,100352,13529405,10,3.40820987499319
radial,750011,fixed26_online,0.15997026377344453,0.11636420543484108,0.11625822930371339,0.1168847978551979,0.11767873332703895,0.11630959437036088,26,209,0,24,0,100352,90566,947356,197997404,0,0,0,0,0,0,31999990,100352,1100466,10,0.5066289579845034
radial,750011,fixed26_gated,0.15997026377344453,0.1179762725715581,0.1179762725715581,0.11797627257155809,0.11857721014629402,0.11671491513795687,26,209,0,3,21,100352,90566,947356,197997404,0,0,167997753,41091072,196608,491520,31999990,100352,1100466,0,0.7196771249873564
