task,method,n,mean,ci95_low,ci95_high,fit_accesses,optimizer_steps
null,historical_moment,12,0.26077667823578704,0.25863924065674954,0.26291411581482454,113669,892
null,random_replay128,12,0.2592577190291391,0.2580149663113306,0.26050047174694757,124285,975
null,random_matched138,12,0.2596866343044644,0.25575420314893726,0.2636190654599916,124285,975
null,fixed7_replay138,12,0.2591823026401821,0.2571542663637458,0.26121033891661843,49469,392
lowrank_noiseless,historical_moment,12,2.1512646465396307e-05,9.920609308515626e-06,3.310468362227699e-05,113669,892
lowrank_noiseless,random_replay128,12,4.7227810343445835e-05,5.1295068568181585e-06,8.932611383007352e-05,124285,975
lowrank_noiseless,random_matched138,12,1.1520630171385294e-05,4.517028729046623e-06,1.8524231613723966e-05,124285,975
lowrank_noiseless,fixed7_replay138,12,2.1372640671053354e-05,7.974429307381415e-06,3.477085203472529e-05,49469,392
indefinite_noisy,historical_moment,12,0.09620527810449692,0.09529812702886356,0.09711242918013027,113669,892
indefinite_noisy,random_replay128,12,0.09831900506631207,0.09610894083773285,0.10052906929489129,124285,975
indefinite_noisy,random_matched138,12,0.09682114532775081,0.09562036702078523,0.09802192363471639,124285,975
indefinite_noisy,fixed7_replay138,12,0.10403543086599759,0.08924006653366476,0.11883079519833042,49469,392
nonlinear,historical_moment,12,0.16298711207631258,0.15958768149056868,0.1663865426620565,113669,892
nonlinear,random_replay128,12,0.16116097833942553,0.15839721126277062,0.16392474541608043,124285,975
nonlinear,random_matched138,12,0.16309760753424846,0.16003573063272272,0.1661594844357742,124285,975
nonlinear,fixed7_replay138,12,0.1599676190492698,0.15851047821614286,0.1614247598823967,49469,392
