task,first,second,n,mean,ci95_low,ci95_high
null,random_replay128,random_matched138,12,-0.00042891527532532464,-0.004505597717811237,0.0036477671671605876
null,historical_moment,random_replay128,12,0.0015189592066479584,-0.0005908859048356847,0.003628804318131601
null,historical_moment,random_matched138,12,0.0010900439313226336,-0.0031310081796107536,0.00531109604225602
null,historical_moment,fixed7_replay138,12,0.0015943755956049493,-0.00047467560131194244,0.003663426792521841
lowrank_noiseless,random_replay128,random_matched138,12,3.5707180172060535e-05,-2.2982359242816814e-06,7.371259626840275e-05
lowrank_noiseless,historical_moment,random_replay128,12,-2.5715163878049525e-05,-6.223971207013473e-05,1.0809384314035685e-05
lowrank_noiseless,historical_moment,random_matched138,12,9.992016294011015e-06,-1.8120287335344292e-06,2.179606132155646e-05
lowrank_noiseless,historical_moment,fixed7_replay138,12,1.4000579434295656e-07,-1.920260994043796e-05,1.9482621529123874e-05
indefinite_noisy,random_replay128,random_matched138,12,0.0014978597385612406,-0.0011209234519749733,0.004116642929097455
indefinite_noisy,historical_moment,random_replay128,12,-0.002113726961815119,-0.00445303892120841,0.000225584997578172
indefinite_noisy,historical_moment,random_matched138,12,-0.0006158672232538786,-0.0017358576800464384,0.0005041232335386811
indefinite_noisy,historical_moment,fixed7_replay138,12,-0.007830152761500673,-0.022253468711292197,0.006593163188290849
nonlinear,random_replay128,random_matched138,12,-0.00193662919482291,-0.005026968250181587,0.001153709860535767
nonlinear,historical_moment,random_replay128,12,0.0018261337368870405,-0.0013106829431681988,0.00496295041694228
nonlinear,historical_moment,random_matched138,12,-0.00011049545793586958,-0.005383761634115869,0.0051627707182441305
nonlinear,historical_moment,fixed7_replay138,12,0.0030194930270427967,-3.0993434849808064e-05,0.006069979488935401
