task,seed,fit_accesses,optimizer_steps
null,850000,124285,975
null,850001,124285,975
null,850002,124285,975
null,850003,124285,975
null,850004,124285,975
null,850005,124285,975
null,850006,124285,975
null,850007,124285,975
null,850008,124285,975
null,850009,124285,975
null,850010,124285,975
null,850011,124285,975
lowrank_noiseless,850000,124285,975
lowrank_noiseless,850001,124285,975
lowrank_noiseless,850002,124285,975
lowrank_noiseless,850003,124285,975
lowrank_noiseless,850004,124285,975
lowrank_noiseless,850005,124285,975
lowrank_noiseless,850006,124285,975
lowrank_noiseless,850007,124285,975
lowrank_noiseless,850008,124285,975
lowrank_noiseless,850009,124285,975
lowrank_noiseless,850010,124285,975
lowrank_noiseless,850011,124285,975
indefinite_noisy,850000,124285,975
indefinite_noisy,850001,124285,975
indefinite_noisy,850002,124285,975
indefinite_noisy,850003,124285,975
indefinite_noisy,850004,124285,975
indefinite_noisy,850005,124285,975
indefinite_noisy,850006,124285,975
indefinite_noisy,850007,124285,975
indefinite_noisy,850008,124285,975
indefinite_noisy,850009,124285,975
indefinite_noisy,850010,124285,975
indefinite_noisy,850011,124285,975
nonlinear,850000,124285,975
nonlinear,850001,124285,975
nonlinear,850002,124285,975
nonlinear,850003,124285,975
nonlinear,850004,124285,975
nonlinear,850005,124285,975
nonlinear,850006,124285,975
nonlinear,850007,124285,975
nonlinear,850008,124285,975
nonlinear,850009,124285,975
nonlinear,850010,124285,975
nonlinear,850011,124285,975
