protocol,task,contrast,n,mean,ci_half
eb4096,null,residual - shuffled,16,0.0,0.0
eb4096,null,residual - random,16,0.0,0.0
eb4096,null,residual - covariance,16,0.0,0.0
eb4096,null,residual - ssd,16,0.0,0.0
eb4096,null,residual - fixed_matched,16,-0.002236163707512579,0.0008956649205396131
eb4096,null,residual - fixed_matched_tail,16,-0.0006675635253611291,0.0008333366597703624
eb4096,null,residual - small,16,-0.0015814325869813635,0.0006048221801782191
eb4096,null,residual - small_tail,16,-0.0002976075444265508,0.00013345296240453586
eb4096,null,residual - large,16,-0.022874019517666638,0.001258291979627558
eb4096,null,residual - large_tail,16,-0.024175459186216955,0.0017385942612775272
eb4096,null,residual - small_pool,16,0.00307890308122347,0.0007625567066457859
eb4096,null,residual - large_pool,16,0.0024791590178982643,0.0008163509291239556
eb4096,linear,residual - shuffled,16,0.0,0.0
eb4096,linear,residual - random,16,0.0,0.0
eb4096,linear,residual - covariance,16,0.0,0.0
eb4096,linear,residual - ssd,16,0.0,0.0
eb4096,linear,residual - fixed_matched,16,-0.0006661243754249018,0.00042556709592696967
eb4096,linear,residual - fixed_matched_tail,16,-0.00035946135758391576,0.00036777764902829016
eb4096,linear,residual - small,16,-7.999477518995206e-05,0.0003338561804612632
eb4096,linear,residual - small_tail,16,4.829238438287808e-06,0.00023384347776707836
eb4096,linear,residual - large,16,-0.01755956121932246,0.0011738665138665285
eb4096,linear,residual - large_tail,16,-0.020813222248057137,0.0013660649819641976
eb4096,linear,residual - small_pool,16,0.0012124209510781195,0.00038445608488893684
eb4096,linear,residual - large_pool,16,0.0007907511170593649,0.0004105323022458631
eb4096,additive,residual - shuffled,16,0.0,0.0
eb4096,additive,residual - random,16,0.0,0.0
eb4096,additive,residual - covariance,16,0.0,0.0
eb4096,additive,residual - ssd,16,0.0,0.0
eb4096,additive,residual - fixed_matched,16,0.00023886542045102772,0.001649379398849929
eb4096,additive,residual - fixed_matched_tail,16,-0.0008045808286210234,0.0017091502128783412
eb4096,additive,residual - small,16,0.001146809420732307,0.0009139938436683436
eb4096,additive,residual - small_tail,16,-8.700859740971151e-05,0.00012178798623899447
eb4096,additive,residual - large,16,-0.004285523685716141,0.002171428008609365
eb4096,additive,residual - large_tail,16,-0.010314771903501474,0.0025325564896205616
eb4096,additive,residual - small_pool,16,0.002801258643724101,0.0009247023600536214
eb4096,additive,residual - large_pool,16,0.015292909949311182,0.0011341210564190238
eb4096,interaction,residual - shuffled,16,0.0005056077249213937,0.0016757661303018843
eb4096,interaction,residual - random,16,0.0015281784140648812,0.0008539696439824635
eb4096,interaction,residual - covariance,16,-0.0005135648736227395,0.0005219127491467491
eb4096,interaction,residual - ssd,16,-0.03591666784532847,0.0016964050554704505
eb4096,interaction,residual - fixed_matched,16,-0.005953640204138641,0.011184849733333264
eb4096,interaction,residual - fixed_matched_tail,16,-0.01616340141337811,0.011394851521496451
eb4096,interaction,residual - small,16,-0.034800145062758386,0.001343163624399512
eb4096,interaction,residual - small_tail,16,-0.0451135408722126,0.0009426905120326258
eb4096,interaction,residual - large,16,0.018067034646202143,0.0019439499658622404
eb4096,interaction,residual - large_tail,16,0.006242055566682992,0.0017376335033890606
eb4096,interaction,residual - small_pool,16,-0.034297950192212864,0.0010979990177429377
eb4096,interaction,residual - large_pool,16,0.03466912586107658,0.000851924276950742
eb16384,null,residual - shuffled,16,0.0,0.0
eb16384,null,residual - random,16,0.0,0.0
eb16384,null,residual - covariance,16,0.0,0.0
eb16384,null,residual - ssd,16,0.0,0.0
eb16384,null,residual - fixed_matched,16,-0.002236163707512579,0.0008956649205396131
eb16384,null,residual - fixed_matched_tail,16,-0.0006675635253611291,0.0008333366597703624
eb16384,null,residual - small,16,-0.0015814325869813635,0.0006048221801782191
eb16384,null,residual - small_tail,16,-0.0002976075444265508,0.00013345296240453586
eb16384,null,residual - large,16,-0.022874019517666638,0.001258291979627558
eb16384,null,residual - large_tail,16,-0.024175459186216955,0.0017385942612775272
eb16384,null,residual - small_pool,16,0.0031786886496988735,0.0007395163309071286
eb16384,null,residual - large_pool,16,0.0030299568522361847,0.0007737873029030578
eb16384,linear,residual - shuffled,16,0.0,0.0
eb16384,linear,residual - random,16,0.0,0.0
eb16384,linear,residual - covariance,16,0.0,0.0
eb16384,linear,residual - ssd,16,0.0,0.0
eb16384,linear,residual - fixed_matched,16,-0.0006661243754249018,0.00042556709592696967
eb16384,linear,residual - fixed_matched_tail,16,-0.00035946135758391576,0.00036777764902829016
eb16384,linear,residual - small,16,-7.999477518995206e-05,0.0003338561804612632
eb16384,linear,residual - small_tail,16,4.829238438287808e-06,0.00023384347776707836
eb16384,linear,residual - large,16,-0.01755956121932246,0.0011738665138665285
eb16384,linear,residual - large_tail,16,-0.020813222248057137,0.0013660649819641976
eb16384,linear,residual - small_pool,16,0.001319686575330348,0.0003828354560158284
eb16384,linear,residual - large_pool,16,0.0014404111032433643,0.0003947007348780864
eb16384,additive,residual - shuffled,16,-0.0032680210000767557,0.002546528026617323
eb16384,additive,residual - random,16,0.0018125943644817961,0.0024334404719245813
eb16384,additive,residual - covariance,16,-0.0014271493459472925,0.0018530034662756932
eb16384,additive,residual - ssd,16,0.0013526204416430994,0.0032131464033988465
eb16384,additive,residual - fixed_matched,16,-0.0007939451830125278,0.001642644711827678
eb16384,additive,residual - fixed_matched_tail,16,-0.0008282712783883577,0.000983775823860469
eb16384,additive,residual - small,16,-0.00655441685278043,0.0033897547768307894
eb16384,additive,residual - small_tail,16,-0.00657485645403443,0.0028529428876084752
eb16384,additive,residual - large,16,-0.011986749959228878,0.0026508623943708827
eb16384,additive,residual - large_tail,16,-0.016802619760126192,0.00217521579875232
eb16384,additive,residual - small_pool,16,-0.004446079545340745,0.0031137133457154105
eb16384,additive,residual - large_pool,16,0.007953361285249259,0.002874568286670716
eb16384,interaction,residual - shuffled,16,-0.0023923178177564734,0.00422525760101178
eb16384,interaction,residual - random,16,0.0031683797411221574,0.00212833231779234
eb16384,interaction,residual - covariance,16,0.0008923776601564293,0.002312346872445798
eb16384,interaction,residual - ssd,16,-0.05647074801263084,0.004153365125279046
eb16384,interaction,residual - fixed_matched,16,-0.0004957913043484204,0.0028363297108210117
eb16384,interaction,residual - fixed_matched_tail,16,-0.0022678342263725056,0.002154082393691019
eb16384,interaction,residual - small,16,-0.059517566365759576,0.0030726430824904913
eb16384,interaction,residual - small_tail,16,-0.061640170283569655,0.002371859924610884
eb16384,interaction,residual - large,16,-0.00665038665679905,0.003059120845379171
eb16384,interaction,residual - large_tail,16,-0.010284573844674053,0.002439089467660818
eb16384,interaction,residual - small_pool,16,-0.05866867581298891,0.0031341751254316233
eb16384,interaction,residual - large_pool,16,0.01038701087612973,0.002514084431615655
mean16384,null,residual - shuffled,16,0.0,0.0
mean16384,null,residual - random,16,0.0,0.0
mean16384,null,residual - fixed_matched,16,-0.002232531854786217,0.000895406226431662
mean16384,null,residual - fixed_matched_tail,16,-0.0006657021354692649,0.0008321272036831826
mean16384,null,residual - small,16,-0.0015778007342550013,0.0006073716567556387
mean16384,null,residual - small_tail,16,-0.00029574615453468664,0.00013452863617656078
mean16384,null,residual - large,16,-0.022870387664940275,0.0012586426239125808
mean16384,null,residual - large_tail,16,-0.02417359779632509,0.0017384329660660334
mean16384,null,residual - small_pool,16,0.0031823205024252357,0.0007410885841661399
mean16384,null,residual - large_pool,16,0.003033588704962547,0.0007751861652448219
mean16384,linear,residual - shuffled,16,0.0,0.0
mean16384,linear,residual - random,16,0.0,0.0
mean16384,linear,residual - fixed_matched,16,-0.0008116100519922134,0.0003587522102808933
mean16384,linear,residual - fixed_matched_tail,16,-0.00032977673999855586,0.0003846823164252238
mean16384,linear,residual - small,16,-0.00022548045175726367,0.0001629749116379696
mean16384,linear,residual - small_tail,16,3.4513856023647704e-05,0.00024365864832695221
mean16384,linear,residual - large,16,-0.017705046895889774,0.00125913295477664
mean16384,linear,residual - large_tail,16,-0.020783537630471777,0.0013513579618695095
mean16384,linear,residual - small_pool,16,0.0011742008987630365,0.00035529964167691717
mean16384,linear,residual - large_pool,16,0.0012949254266760527,0.0003907944258505129
mean16384,additive,residual - shuffled,16,0.0003938291515915796,0.0005387820828311663
mean16384,additive,residual - random,16,0.0007913978452761313,0.000853370671580623
mean16384,additive,residual - fixed_matched,16,-0.0005808115775500812,0.0009001711919146971
mean16384,additive,residual - fixed_matched_tail,16,-6.77869161276913e-05,0.0008463455178077107
mean16384,additive,residual - small,16,-0.009741854765576097,0.001373654654569426
mean16384,additive,residual - small_tail,16,-0.009045587227689071,0.0015536660995816227
mean16384,additive,residual - large,16,-0.015174187872024545,0.0019917129448647295
mean16384,additive,residual - large_tail,16,-0.019273350533780834,0.0020542259353984343
mean16384,additive,residual - small_pool,16,-0.007710710944329818,0.001008976431688842
mean16384,additive,residual - large_pool,16,0.004678344126754797,0.0009562347617816857
mean16384,interaction,residual - shuffled,16,-0.0017520417411304758,0.0015108641704417078
mean16384,interaction,residual - random,16,0.000264954864780325,0.0009004350166684731
mean16384,interaction,residual - fixed_matched,16,-0.0025816820361142592,0.0022402272431402723
mean16384,interaction,residual - fixed_matched_tail,16,-0.0023090456480569285,0.002115289256571399
mean16384,interaction,residual - small,16,-0.06305680851630609,0.001253152275618926
mean16384,interaction,residual - small_tail,16,-0.06292612407443002,0.0012978690780824176
mean16384,interaction,residual - large,16,-0.010189628807345563,0.0016736350693704874
mean16384,interaction,residual - large_tail,16,-0.011570527635534423,0.0017986337611634229
mean16384,interaction,residual - small_pool,16,-0.062304850906544106,0.0010235607869198038
mean16384,interaction,residual - large_pool,16,0.006638685583710573,0.0008292342739200202
