protocol,task,method,n,risk,risk_ci_half,width,no_growth_fraction,multi_growth_fraction,tail_risk,fixed_matched_risk,fixed_matched_tail_risk,training_parameter_examples,audit_parameter_examples,elapsed_seconds,audit_labels
eb4096,null,residual,16,0.25324772561287456,0.0007462403167297921,2.0,1.0,0.0,0.255045732274045,0.2554838893203871,0.25571329579940616,103301120.0,1933312.0,0.3738054945551994,32768
eb4096,null,shuffled,16,0.25324772561287456,0.0007462403167297921,2.0,1.0,0.0,0.255045732274045,0.2554838893203871,0.25571329579940616,103301120.0,1933312.0,0.3689550990584394,32768
eb4096,null,random,16,0.25324772561287456,0.0007462403167297921,2.0,1.0,0.0,0.255045732274045,0.2552943416421197,0.2556100440871787,75776000.0,1933312.0,0.24768023125216132,32768
eb4096,null,covariance,16,0.25324772561287456,0.0007462403167297921,2.0,1.0,0.0,0.255045732274045,0.2554838893203871,0.25571329579940616,103301120.0,1933312.0,0.38794558588597283,32768
eb4096,null,ssd,16,0.25324772561287456,0.0007462403167297921,2.0,1.0,0.0,0.255045732274045,0.2552943416421197,0.2556100440871787,75776000.0,1933312.0,0.24828873219667003,32768
eb4096,linear,residual,16,0.17203688531748934,0.0003624780799158679,2.0,1.0,0.0,0.1725670747654223,0.17270300969291424,0.17292653612300624,103301120.0,1933312.0,0.37200734655380074,32768
eb4096,linear,shuffled,16,0.17203688531748934,0.0003624780799158679,2.0,1.0,0.0,0.1725670747654223,0.17270300969291424,0.17292653612300624,103301120.0,1933312.0,0.37533761726444936,32768
eb4096,linear,random,16,0.17203688531748934,0.0003624780799158679,2.0,1.0,0.0,0.1725670747654223,0.17252580888677782,0.1728089745590376,75776000.0,1933312.0,0.25604836699676525,32768
eb4096,linear,covariance,16,0.17203688531748934,0.0003624780799158679,2.0,1.0,0.0,0.1725670747654223,0.17270300969291424,0.17292653612300624,103301120.0,1933312.0,0.38857015842950204,32768
eb4096,linear,ssd,16,0.17203688531748934,0.0003624780799158679,2.0,1.0,0.0,0.1725670747654223,0.17252580888677782,0.1728089745590376,75776000.0,1933312.0,0.2550905181760754,32768
eb4096,additive,residual,16,0.14717812626819085,0.0010172079154128657,2.0,1.0,0.0,0.14621979040435806,0.1469392608477398,0.1470243712329791,103301120.0,1933312.0,0.3803948228032823,32768
eb4096,additive,shuffled,16,0.14717812626819085,0.0010172079154128657,2.0,1.0,0.0,0.14621979040435806,0.1469392608477398,0.1470243712329791,103301120.0,1933312.0,0.39713405474503816,32768
eb4096,additive,random,16,0.14717812626819085,0.0010172079154128657,2.0,1.0,0.0,0.14621979040435806,0.14690005663811984,0.1470036879398604,75776000.0,1933312.0,0.31990439613582566,32768
eb4096,additive,covariance,16,0.14717812626819085,0.0010172079154128657,2.0,1.0,0.0,0.14621979040435806,0.1469392608477398,0.1470243712329791,103301120.0,1933312.0,0.4350270285613078,32768
eb4096,additive,ssd,16,0.14717812626819085,0.0010172079154128657,2.0,1.0,0.0,0.14621979040435806,0.14690005663811984,0.1470036879398604,75776000.0,1933312.0,0.261738135932319,32768
eb4096,interaction,residual,16,0.17538445290472127,0.0007663243213244339,3.0,0.0,0.0,0.16495076041839846,0.1813380931088599,0.1811141618317766,126033920.0,2615296.0,0.4553782683742611,32768
eb4096,interaction,shuffled,16,0.17487884517979985,0.001188842485300128,3.0,0.0,0.0,0.16468833544398426,0.1813435740130389,0.18111404372375284,125009920.0,2584576.0,0.44501829987166275,32768
eb4096,interaction,random,16,0.17385627449065638,0.0010269097666776633,3.0,0.0,0.0,0.1647132202302387,0.18158576164638088,0.18146517375395183,98304000.0,2609152.0,0.34040752332475677,32768
eb4096,interaction,covariance,16,0.17589801777834402,0.0007612926786050912,3.0,0.0,0.0,0.16510304566006778,0.1813380931088599,0.1811141618317766,126033920.0,2615296.0,0.45287735404963314,32768
eb4096,interaction,ssd,16,0.21130112075004975,0.0014146188279071008,2.0,1.0,0.0,0.21009945793599535,0.21043151686392148,0.2104261731958173,75776000.0,1933312.0,0.26828979162382893,32768
eb16384,null,residual,16,0.25324772561287456,0.0007462403167297921,2.0,1.0,0.0,0.255045732274045,0.2554838893203871,0.25571329579940616,103301120.0,7733248.0,0.38237113256036537,131072
eb16384,null,shuffled,16,0.25324772561287456,0.0007462403167297921,2.0,1.0,0.0,0.255045732274045,0.2554838893203871,0.25571329579940616,103301120.0,7733248.0,0.3811911771845189,131072
eb16384,null,random,16,0.25324772561287456,0.0007462403167297921,2.0,1.0,0.0,0.255045732274045,0.2552943416421197,0.2556100440871787,75776000.0,7733248.0,0.26267110418302764,131072
eb16384,null,covariance,16,0.25324772561287456,0.0007462403167297921,2.0,1.0,0.0,0.255045732274045,0.2554838893203871,0.25571329579940616,103301120.0,7733248.0,0.3879179449268122,131072
eb16384,null,ssd,16,0.25324772561287456,0.0007462403167297921,2.0,1.0,0.0,0.255045732274045,0.2552943416421197,0.2556100440871787,75776000.0,7733248.0,0.26043045049482316,131072
eb16384,linear,residual,16,0.17203688531748934,0.0003624780799158679,2.0,1.0,0.0,0.1725670747654223,0.17270300969291424,0.17292653612300624,103301120.0,7733248.0,0.38413592186407186,131072
eb16384,linear,shuffled,16,0.17203688531748934,0.0003624780799158679,2.0,1.0,0.0,0.1725670747654223,0.17270300969291424,0.17292653612300624,103301120.0,7733248.0,0.3853139950606419,131072
eb16384,linear,random,16,0.17203688531748934,0.0003624780799158679,2.0,1.0,0.0,0.1725670747654223,0.17252580888677782,0.1728089745590376,75776000.0,7733248.0,0.26467646850323945,131072
eb16384,linear,covariance,16,0.17203688531748934,0.0003624780799158679,2.0,1.0,0.0,0.1725670747654223,0.17270300969291424,0.17292653612300624,103301120.0,7733248.0,0.39472139642930415,131072
eb16384,linear,ssd,16,0.17203688531748934,0.0003624780799158679,2.0,1.0,0.0,0.1725670747654223,0.17252580888677782,0.1728089745590376,75776000.0,7733248.0,0.27977976257534465,131072
eb16384,additive,residual,16,0.1394768999946781,0.0027999353008559672,3.25,0.3125,0.5625,0.13973194254773333,0.14027084517769065,0.14056021382612172,125419520.0,10387456.0,0.48788476536719827,131072
eb16384,additive,shuffled,16,0.14274492099475486,0.0024267105228373224,2.625,0.5625,0.1875,0.14265321789429686,0.14387898650529715,0.14410839397315767,113131520.0,8912896.0,0.45393085392788635,131072
eb16384,additive,random,16,0.13766430563019633,0.0022228566432972593,3.5,0.125,0.625,0.13833735618734505,0.13796966568903046,0.13850746271820735,100556800.0,10706944.0,0.3622218048203649,131072
eb16384,additive,covariance,16,0.1409040493406254,0.0028987720851603267,3.0,0.4375,0.4375,0.14107686569085023,0.1415422306867559,0.141807191215305,120709120.0,9822208.0,0.4552074321291002,131072
eb16384,additive,ssd,16,0.138124279553035,0.0027613943511391945,3.375,0.25,0.625,0.13924819380968,0.1388235564168937,0.13938500312898972,100147200.0,10657792.0,0.30760762256795715,131072
eb16384,interaction,residual,16,0.15066703160172007,0.0029054094588664226,5.625,0.0,1.0,0.14842413100704144,0.1511628229060685,0.15069196523341394,164126720.0,15032320.0,0.5184135203708138,131072
eb16384,interaction,shuffled,16,0.15305934941947658,0.0028935005664327126,5.25,0.0,1.0,0.15035446842380357,0.15502681025344,0.15428123466041538,157777920.0,14270464.0,0.49500176262881723,131072
eb16384,interaction,random,16,0.1474986518605979,0.0013492794857627344,5.875,0.0,1.0,0.14722080472359106,0.15023726175897034,0.14995235728505885,138854400.0,15302656.0,0.3609602916840231,131072
eb16384,interaction,covariance,16,0.14977465394156364,0.002070907861159573,5.6875,0.0,1.0,0.14791211383895003,0.15039014496726097,0.1501334884564115,167198720.0,15400960.0,0.5313371897900652,131072
eb16384,interaction,ssd,16,0.20713777961435093,0.0029372874334582426,2.6875,0.3125,0.0,0.20627486840734915,0.19608566973462785,0.19609794677377101,90316800.0,9478144.0,0.30730876000416174,131072
mean16384,null,residual,16,0.2532513574656009,0.0007478389082930085,2.0,1.0,0.0,0.2550475936639368,0.2554838893203871,0.25571329579940616,103301120.0,7733248.0,0.3796974111937743,131072
mean16384,null,shuffled,16,0.2532513574656009,0.0007478389082930085,2.0,1.0,0.0,0.2550475936639368,0.2554838893203871,0.25571329579940616,103301120.0,7733248.0,0.3784586013152875,131072
mean16384,null,random,16,0.2532513574656009,0.0007478389082930085,2.0,1.0,0.0,0.2550475936639368,0.2552943416421197,0.2556100440871787,75776000.0,7733248.0,0.26848137768320157,131072
mean16384,linear,residual,16,0.17189139964092204,0.00042359828186488356,2.0,1.0,0.0,0.17259675938300767,0.17270300969291424,0.17292653612300624,103301120.0,7733248.0,0.37732466156376177,131072
mean16384,linear,shuffled,16,0.17189139964092204,0.00042359828186488356,2.0,1.0,0.0,0.17259675938300767,0.17270300969291424,0.17292653612300624,103301120.0,7733248.0,0.38532473467785167,131072
mean16384,linear,random,16,0.17189139964092204,0.00042359828186488356,2.0,1.0,0.0,0.17259675938300767,0.17252580888677782,0.1728089745590376,75776000.0,7733248.0,0.2660994583839056,131072
mean16384,additive,residual,16,0.13628946208188242,0.0009478758920478998,4.0625,0.0,1.0,0.13726121177407868,0.1368702736594325,0.1373289986902064,146513920.0,12918784.0,0.49701443268349976,131072
mean16384,additive,shuffled,16,0.13589563293029086,0.0008727849307048407,4.0625,0.0,1.0,0.13719388248152176,0.13683729653576795,0.13731721702824984,141803520.0,12353536.0,0.4827630363161006,131072
mean16384,additive,random,16,0.13549806423660632,0.0007703030413364554,4.0,0.0,1.0,0.13669732146387173,0.1364019529448246,0.13701943849262588,117555200.0,12746752.0,0.46562659636583703,131072
mean16384,interaction,residual,16,0.14712778945117355,0.000852826167871531,6.0,0.0,1.0,0.14713817721618105,0.14970947148728783,0.149447222864238,174571520.0,16285696.0,0.48494351562840166,131072
mean16384,interaction,shuffled,16,0.14887983119230402,0.0017293981263608665,5.875,0.0,1.0,0.1486125380222854,0.14990054186822083,0.1496784580473468,166789120.0,15351808.0,0.47368063499379787,131072
mean16384,interaction,random,16,0.14686283458639326,0.0009148796921316069,6.0,0.0,1.0,0.14735919385498622,0.14971503029201078,0.14950637547748505,144588800.0,15990784.0,0.3689254191231157,131072
