candidate_id,cell,raw_total,raw_needles,raw_constant,normalized_total
interior_v1_n2048,A,0.0,0.0,0.0,0.0
interior_v1_n2048,B,0.0,0.0,0.0,0.0
interior_v1_n2048,C,0.0,0.0,0.0,0.0
interior_v1_n2048,D,0.0,0.0,0.0,0.0
interior_v1_n2048,AB,0.016665967706247068,0.014891833957342575,0.0017741337489044914,0.003942658229737046
interior_v1_n2048,AC,0.24220470103827538,0.2351081660426574,0.0070965349956179655,0.05729822442123246
interior_v1_n2048,AD,0.4861835358254553,0.4702163320853149,0.015967203740140424,0.1150161546254751
interior_v1_n2048,BC,0.0017741337489044914,5.72666910878305e-37,0.0017741337489044914,0.0004197057830101639
interior_v1_n2048,BD,0.2422047010382754,0.23510816604265744,0.0070965349956179655,0.05729822442123247
interior_v1_n2048,CD,0.01666596770624705,0.014891833957342558,0.0017741337489044914,0.003942658229737042
interior_v1_n2048,ABC,0.24220470103827538,0.2351081660426574,0.0070965349956179655,0.05729822442123246
interior_v1_n2048,ABD,0.4867749137417568,0.4702163320853149,0.01655858165644192,0.11515605655314515
interior_v1_n2048,ACD,0.4867749137417568,0.4702163320853149,0.016558581656441917,0.11515605655314515
interior_v1_n2048,BCD,0.2422047010382754,0.23510816604265744,0.0070965349956179655,0.05729822442123247
interior_v1_n2048,ABCD,0.4879576695743598,0.4702163320853149,0.017741337489044915,0.11543586040848526
interior_v1_n4096,A,0.0,0.0,0.0,0.0
interior_v1_n4096,B,0.0,0.0,0.0,0.0
interior_v1_n4096,C,0.0,0.0,0.0,0.0
interior_v1_n4096,D,0.0,0.0,0.0,0.0
interior_v1_n4096,AB,0.008650659968141914,0.008122818522186858,0.0005278414459550551,0.002126742343908046
interior_v1_n4096,AC,0.24398854726163333,0.24187718147781312,0.0021113657838202206,0.05998395229969726
interior_v1_n4096,AD,0.48850493596922173,0.48375436295562624,0.004750573013595496,0.12009767305152609
interior_v1_n4096,BC,0.0005278414459550551,4.293679915726629e-40,0.0005278414459550551,0.0001297684521315646
interior_v1_n4096,BD,0.2439885472616333,0.2418771814778131,0.0021113657838202206,0.05998395229969725
interior_v1_n4096,CD,0.008650659968141936,0.008122818522186881,0.0005278414459550551,0.002126742343908052
interior_v1_n4096,ABC,0.24398854726163333,0.24187718147781312,0.0021113657838202206,0.05998395229969726
interior_v1_n4096,ABD,0.48868088311787344,0.48375436295562624,0.004926520162247182,0.12014092920223661
interior_v1_n4096,ACD,0.48868088311787344,0.48375436295562624,0.00492652016224718,0.12014092920223661
interior_v1_n4096,BCD,0.2439885472616333,0.2418771814778131,0.0021113657838202206,0.05998395229969725
interior_v1_n4096,ABCD,0.4890327774151768,0.48375436295562624,0.005278414459550552,0.12022744150365766
interior_v1_n8192,A,0.0,0.0,0.0,0.0
interior_v1_n8192,B,0.0,0.0,0.0,0.0
interior_v1_n8192,C,0.0,0.0,0.0,0.0
interior_v1_n8192,D,0.0,0.0,0.0,0.0
interior_v1_n8192,AB,0.004554730179320666,0.004399860032851214,0.00015487014646945195,0.0011330672395709
interior_v1_n8192,AC,0.24621962055302654,0.24560013996714875,0.0006194805858778078,0.06125135294618535
interior_v1_n8192,AD,0.49259411125252256,0.4912002799342975,0.0013938313182250675,0.12254123249711862
interior_v1_n8192,BC,0.00015487014646945195,2.7813627298509884e-43,0.00015487014646945195,3.852660474791403e-05
interior_v1_n8192,BD,0.24621962055302657,0.24560013996714877,0.0006194805858778078,0.061251352946185354
interior_v1_n8192,CD,0.00455473017932065,0.0043998600328511986,0.00015487014646945195,0.001133067239570896
interior_v1_n8192,ABC,0.24621962055302654,0.24560013996714875,0.0006194805858778078,0.06125135294618535
interior_v1_n8192,ABD,0.49264573463467903,0.4912002799342975,0.0014454547003815517,0.12255407469870126
interior_v1_n8192,ACD,0.49264573463467903,0.4912002799342975,0.0014454547003815512,0.12255407469870126
interior_v1_n8192,BCD,0.24621962055302657,0.24560013996714877,0.0006194805858778078,0.061251352946185354
interior_v1_n8192,ABCD,0.49274898139899204,0.4912002799342975,0.0015487014646945194,0.12257975910186654
endpoint_n128,A,0.0,0.0,0.0,0.0
endpoint_n128,B,0.0,0.0,0.0,0.0
endpoint_n128,C,0.0,0.0,0.0,0.0
endpoint_n128,D,0.0,0.0,0.0,0.0
endpoint_n128,AB,2.3015577655404137e-05,2.3015282634408362e-05,2.950209957745685e-10,2.3009496708454203e-05
endpoint_n128,AC,0.00023905205483059115,0.00023892505211050327,1.2700272008787507e-07,0.00023898889487495317
endpoint_n128,AD,0.000642199891380501,0.0005761997660924153,6.600012528808568e-05,0.000642030215714341
endpoint_n128,BC,5.758859925763131e-08,7.868746495339139e-35,5.758859925763131e-08,5.757338377087491e-08
endpoint_n128,BD,0.00023905205483059104,0.00023892505211050316,1.2700272008787507e-07,0.00023898889487495307
endpoint_n128,CD,2.3015577655404158e-05,2.3015282634408383e-05,2.950209957745685e-10,2.3009496708454223e-05
endpoint_n128,ABC,0.00024298184811646993,0.00024285456317471783,1.272849417520972e-07,0.00024291764986994683
endpoint_n128,ABD,0.0006422286704525732,0.0005761997660924153,6.602890436015794e-05,0.000642058987182693
endpoint_n128,ACD,0.0006422286704525732,0.0005761997660924153,6.602890436015793e-05,0.000642058987182693
endpoint_n128,BCD,0.0002429818481164702,0.0002428545631747181,1.272849417520972e-07,0.0002429176498699471
endpoint_n128,ABCD,0.0006422574799797587,0.0005761997660924153,6.605771388734332e-05,0.0006420877890981119
endpoint_n256,A,0.0,0.0,0.0,0.0
endpoint_n256,B,0.0,0.0,0.0,0.0
endpoint_n256,C,0.0,0.0,0.0,0.0
endpoint_n256,D,0.0,0.0,0.0,0.0
endpoint_n256,AB,8.32554769816458e-07,8.325544118793448e-07,3.5793711320419327e-13,8.325313106554268e-07
endpoint_n256,AC,4.0534762797249155e-05,4.0533222286188215e-05,1.5405110609410179e-09,4.053362063632197e-05
endpoint_n256,AD,0.00017243108561505293,0.00016538735146608244,7.043734148970499e-06,0.00017242622696941076
endpoint_n256,BC,7.470366619267145e-10,7.377567968940806e-40,7.470366619267145e-10,7.470156124366585e-10
endpoint_n256,BD,4.05347627972492e-05,4.053322228618826e-05,1.5405110609410179e-09,4.053362063632202e-05
endpoint_n256,CD,8.325547698164569e-07,8.325544118793436e-07,3.579371132041921e-13,8.325313106554257e-07
endpoint_n256,ABC,4.095929163968939e-05,4.09577507759652e-05,1.5408637241935408e-09,4.095813751667775e-05
endpoint_n256,ABD,0.00017243145911233264,0.00016538735146608244,7.044107646250193e-06,0.0001724266004561663
endpoint_n256,ACD,0.00017243145911233264,0.00016538735146608244,7.044107646250192e-06,0.0001724266004561663
endpoint_n256,BCD,4.0959291639689515e-05,4.0957750775965324e-05,1.5408637241935406e-09,4.095813751667787e-05
endpoint_n256,ABCD,0.00017243183265171487,0.00016538735146608244,7.044481185632426e-06,0.00017242697398502321
endpoint_n512,A,0.0,0.0,0.0,0.0
endpoint_n512,B,0.0,0.0,0.0,0.0
endpoint_n512,C,0.0,0.0,0.0,0.0
endpoint_n512,D,0.0,0.0,0.0,0.0
endpoint_n512,AB,2.652426259064698e-08,2.6524262231459572e-08,3.591874095452552e-16,2.6524187766099095e-08
endpoint_n512,AC,4.995437983659875e-06,4.995422218695893e-06,1.5764963981980308e-11,4.99542389160407e-06
endpoint_n512,AD,4.7348394969212475e-05,4.664315467854202e-05,7.052402906704552e-07,4.734826140009874e-05
endpoint_n512,BC,7.807499590784902e-12,4.68636069981428e-45,7.807499590784902e-12,7.80747756594538e-12
endpoint_n512,BD,4.995437983659824e-06,4.995422218695842e-06,1.5764963981980308e-11,4.995423891604019e-06
endpoint_n512,CD,2.652426259064692e-08,2.6524262231459512e-08,3.5918740954525467e-16,2.6524187766099035e-08
endpoint_n512,ABC,5.016281764850088e-06,5.016265999528615e-06,1.5765321473157325e-11,5.016267613994289e-06
endpoint_n512,ABD,4.7348398872940246e-05,4.664315467854202e-05,7.052441943982255e-07,4.73482653038155e-05
endpoint_n512,ACD,4.7348398872940246e-05,4.664315467854202e-05,7.052441943982256e-07,4.73482653038155e-05
endpoint_n512,BCD,5.016281764850017e-06,5.016265999528544e-06,1.5765321473157328e-11,5.0162676139942175e-06
endpoint_n512,ABCD,4.734840277671207e-05,4.664315467854202e-05,7.05248098170046e-07,4.734826920757631e-05
endpoint_n1024,A,0.0,0.0,0.0,0.0
endpoint_n1024,B,0.0,0.0,0.0,0.0
endpoint_n1024,C,0.0,0.0,0.0,0.0
endpoint_n1024,D,0.0,0.0,0.0,0.0
endpoint_n1024,AB,7.810050977512256e-10,7.8100509744073e-10,3.1049561960399874e-19,7.810048878737945e-10
endpoint_n1024,AC,5.152599331920592e-07,5.152597891865786e-07,1.4400548058969099e-13,5.152597947276223e-07
endpoint_n1024,AD,1.3050403203700242e-05,1.2983221420188416e-05,6.718178351182689e-08,1.305039969669996e-05
endpoint_n1024,BC,7.179151805752462e-14,2.7544746750536455e-50,7.179151805752462e-14,7.179149876518014e-14
endpoint_n1024,BD,5.152599331920529e-07,5.152597891865722e-07,1.4400548058969099e-13,5.152597947276159e-07
endpoint_n1024,CD,7.810050977512166e-10,7.81005097440721e-10,3.104956196039908e-19,7.810048878737855e-10
endpoint_n1024,ABC,5.159789569012974e-07,5.159788128955068e-07,1.4400579063088768e-13,5.159788182436391e-07
endpoint_n1024,ABD,1.3050403239595983e-05,1.2983221420188416e-05,6.718181940756664e-08,1.3050399732595691e-05
endpoint_n1024,ACD,1.3050403239595983e-05,1.2983221420188416e-05,6.718181940756662e-08,1.3050399732595691e-05
endpoint_n1024,BCD,5.159789569013007e-07,5.1597881289551e-07,1.4400579063088766e-13,5.159788182436424e-07
endpoint_n1024,ABCD,1.305040327549176e-05,1.2983221420188416e-05,6.718185530334495e-08,1.3050399768491458e-05
endpoint_n2048,A,0.0,0.0,0.0,0.0
endpoint_n2048,B,0.0,0.0,0.0,0.0
endpoint_n2048,C,0.0,0.0,0.0,0.0
endpoint_n2048,D,0.0,0.0,0.0,0.0
endpoint_n2048,AB,2.163716861048027e-11,2.1637168610242363e-11,2.3790752320056983e-22,2.163716807841714e-11
endpoint_n2048,AC,4.8494316709201336e-08,4.8494315500914316e-08,1.2082870189423845e-15,4.849431551671454e-08
endpoint_n2048,AD,3.582478050426076e-06,3.5763304913452054e-06,6.147559080870754e-09,3.5824779623320876e-06
endpoint_n2048,BC,6.036075342996968e-16,1.5620175686464391e-55,6.036075342996968e-16,6.036075194568438e-16
endpoint_n2048,BD,4.849431670920112e-08,4.84943155009141e-08,1.2082870189423847e-15,4.849431551671432e-08
endpoint_n2048,CD,2.1637168610481208e-11,2.16371686102433e-11,2.379075232005884e-22,2.163716807841808e-11
endpoint_n2048,ABC,4.8515367163819305e-08,4.8515365955532046e-08,1.2082872567444462e-15,4.851536597081487e-08
endpoint_n2048,ABD,3.5824780507278798e-06,3.5763304913452054e-06,6.147559382674508e-09,3.5824779626338914e-06
endpoint_n2048,ACD,3.5824780507278798e-06,3.5763304913452054e-06,6.147559382674507e-09,3.5824779626338914e-06
endpoint_n2048,BCD,4.851536716381917e-08,4.8515365955531914e-08,1.2082872567444462e-15,4.851536597081474e-08
endpoint_n2048,ABCD,3.5824780510296835e-06,3.5763304913452054e-06,6.147559684478289e-09,3.582477962935695e-06
endpoint_n4096,A,0.0,0.0,0.0,0.0
endpoint_n4096,B,0.0,0.0,0.0,0.0
endpoint_n4096,C,0.0,0.0,0.0,0.0
endpoint_n4096,D,0.0,0.0,0.0,0.0
endpoint_n4096,AB,5.702218331922495e-13,5.702218331920845e-13,1.6501027851241136e-25,5.702218319510522e-13
endpoint_n4096,AC,4.333608757617642e-09,4.333608748144166e-09,9.473476394462727e-18,4.333608748184711e-09
endpoint_n4096,AD,9.77253474120605e-07,9.767093010939602e-07,5.441730266446742e-10,9.772534719934253e-07
endpoint_n4096,BC,4.7354880326092284e-18,7.980910971677161e-61,4.7354880326092284e-18,4.73548802230153e-18
endpoint_n4096,BD,4.3336087576175934e-09,4.333608748144117e-09,9.473476394462727e-18,4.333608748184662e-09
endpoint_n4096,CD,5.702218331922735e-13,5.702218331921085e-13,1.6501027851242658e-25,5.702218319510763e-13
endpoint_n4096,ABC,4.3341739199286654e-09,4.334173910455189e-09,9.473476559451235e-18,4.334173910494504e-09
endpoint_n4096,ABD,9.772534741229726e-07,9.767093010939602e-07,5.441730290124182e-10,9.77253471995793e-07
endpoint_n4096,ACD,9.772534741229726e-07,9.767093010939602e-07,5.441730290124182e-10,9.77253471995793e-07
endpoint_n4096,BCD,4.3341739199286075e-09,4.334173910455131e-09,9.473476559451235e-18,4.334173910494446e-09
endpoint_n4096,ABCD,9.772534741253403e-07,9.767093010939602e-07,5.441730313801623e-10,9.772534719981606e-07
endpoint_n8192,A,0.0,0.0,0.0,0.0
endpoint_n8192,B,0.0,0.0,0.0,0.0
endpoint_n8192,C,0.0,0.0,0.0,0.0
endpoint_n8192,D,0.0,0.0,0.0,0.0
endpoint_n8192,AB,1.4410607581334077e-14,1.4410607581333973e-14,1.0526798936370123e-28,1.4410607578633803e-14
endpoint_n8192,AC,3.7422119057291956e-10,3.7422119050270175e-10,7.021780706481371e-20,3.742211905027976e-10
endpoint_n8192,AD,2.6488064025805205e-07,2.648337950192835e-07,4.6845238768539746e-11,2.6488064020841846e-07
endpoint_n8192,BC,3.510618484557363e-20,3.6116039011289837e-66,3.510618484557363e-20,3.51061848389954e-20
endpoint_n8192,BD,3.742211905729311e-10,3.742211905027133e-10,7.021780706481371e-20,3.7422119050280913e-10
endpoint_n8192,CD,1.4410607581331363e-14,1.441060758133126e-14,1.0526798936350882e-28,1.441060757863109e-14
endpoint_n8192,ABC,3.742355604588324e-10,3.742355603886146e-10,7.021780717007762e-20,3.7423556038870774e-10
endpoint_n8192,ABD,2.648806402580696e-07,2.648337950192835e-07,4.6845238786092835e-11,2.6488064020843603e-07
endpoint_n8192,ACD,2.648806402580696e-07,2.648337950192835e-07,4.6845238786092835e-11,2.6488064020843603e-07
endpoint_n8192,BCD,3.74235560458829e-10,3.7423556038861117e-10,7.021780717007762e-20,3.7423556038870433e-10
endpoint_n8192,ABCD,2.6488064025808715e-07,2.648337950192835e-07,4.684523880364593e-11,2.6488064020845356e-07
