candidate_id,hierarchy_id,coarse_id,fine_id,coarse,fine,D2,D3,ratio2,ratio3,rho,excess2,excess3,delta
interior_v1_n2048,0,0,0,ABCD,ABCD,0.11543586040848526,0.11543586040848526,14.63934402655341,275.03995675391917,275.03995675391917,0.10755054394901117,0.1150161546254751,0.1150161546254751
interior_v1_n2048,1,0,1,ABCD,A|BCD,0.11543586040848526,0.05729822442123247,14.63934402655341,136.51997837695959,136.51997837695959,0.10755054394901117,0.056878518638222304,0.10755054394901117
interior_v1_n2048,2,0,2,ABCD,AB|CD,0.11543586040848526,0.007885316459474087,14.63934402655341,18.787724112162472,18.787724112162472,0.10755054394901117,0.007465610676463923,0.10755054394901117
interior_v1_n2048,3,0,3,ABCD,ABC|D,0.11543586040848526,0.05729822442123246,14.63934402655341,136.51997837695956,136.51997837695956,0.10755054394901117,0.0568785186382223,0.10755054394901117
interior_v1_n2048,4,0,4,ABCD,ABD|C,0.11543586040848526,0.11515605655314515,14.63934402655341,274.3732900872525,274.3732900872525,0.10755054394901117,0.11473635077013498,0.11473635077013498
interior_v1_n2048,5,0,5,ABCD,AC|BD,0.11543586040848526,0.11459644884246493,14.63934402655341,273.03995675391917,273.03995675391917,0.10755054394901117,0.11417674305945477,0.11417674305945477
interior_v1_n2048,6,0,6,ABCD,ACD|B,0.11543586040848526,0.11515605655314515,14.63934402655341,274.3732900872525,274.3732900872525,0.10755054394901117,0.11473635077013498,0.11473635077013498
interior_v1_n2048,7,0,7,ABCD,AD|BC,0.11543586040848526,0.11543586040848526,14.63934402655341,275.03995675391917,275.03995675391917,0.10755054394901117,0.1150161546254751,0.1150161546254751
interior_v1_n2048,8,0,8,ABCD,A|B|CD,0.11543586040848526,0.003942658229737042,14.63934402655341,9.393862056081232,14.63934402655341,0.10755054394901117,0.003522952446726878,0.10755054394901117
interior_v1_n2048,9,0,9,ABCD,A|BC|D,0.11543586040848526,0.0004197057830101639,14.63934402655341,1.0,14.63934402655341,0.10755054394901117,0.0,0.10755054394901117
interior_v1_n2048,10,0,10,ABCD,A|BD|C,0.11543586040848526,0.05729822442123247,14.63934402655341,136.51997837695959,136.51997837695959,0.10755054394901117,0.056878518638222304,0.10755054394901117
interior_v1_n2048,11,0,11,ABCD,AB|C|D,0.11543586040848526,0.003942658229737046,14.63934402655341,9.393862056081243,14.63934402655341,0.10755054394901117,0.0035229524467268823,0.10755054394901117
interior_v1_n2048,12,0,12,ABCD,AC|B|D,0.11543586040848526,0.05729822442123246,14.63934402655341,136.51997837695956,136.51997837695956,0.10755054394901117,0.0568785186382223,0.10755054394901117
interior_v1_n2048,13,0,13,ABCD,AD|B|C,0.11543586040848526,0.1150161546254751,14.63934402655341,274.03995675391917,274.03995675391917,0.10755054394901117,0.11459644884246493,0.11459644884246493
interior_v1_n2048,14,1,1,A|BCD,A|BCD,0.05729822442123247,0.05729822442123247,7.266445768627273,136.51997837695959,136.51997837695959,0.04941290796175838,0.056878518638222304,0.056878518638222304
interior_v1_n2048,15,1,8,A|BCD,A|B|CD,0.05729822442123247,0.003942658229737042,7.266445768627273,9.393862056081232,9.393862056081232,0.04941290796175838,0.003522952446726878,0.04941290796175838
interior_v1_n2048,16,1,9,A|BCD,A|BC|D,0.05729822442123247,0.0004197057830101639,7.266445768627273,1.0,7.266445768627273,0.04941290796175838,0.0,0.04941290796175838
interior_v1_n2048,17,1,10,A|BCD,A|BD|C,0.05729822442123247,0.05729822442123247,7.266445768627273,136.51997837695959,136.51997837695959,0.04941290796175838,0.056878518638222304,0.056878518638222304
interior_v1_n2048,18,2,2,AB|CD,AB|CD,0.007885316459474087,0.007885316459474087,1.0,18.787724112162472,18.787724112162472,0.0,0.007465610676463923,0.007465610676463923
interior_v1_n2048,19,2,8,AB|CD,A|B|CD,0.007885316459474087,0.003942658229737042,1.0,9.393862056081232,9.393862056081232,0.0,0.003522952446726878,0.003522952446726878
interior_v1_n2048,20,2,11,AB|CD,AB|C|D,0.007885316459474087,0.003942658229737046,1.0,9.393862056081243,9.393862056081243,0.0,0.0035229524467268823,0.0035229524467268823
interior_v1_n2048,21,3,3,ABC|D,ABC|D,0.05729822442123246,0.05729822442123246,7.266445768627272,136.51997837695956,136.51997837695956,0.04941290796175837,0.0568785186382223,0.0568785186382223
interior_v1_n2048,22,3,9,ABC|D,A|BC|D,0.05729822442123246,0.0004197057830101639,7.266445768627272,1.0,7.266445768627272,0.04941290796175837,0.0,0.04941290796175837
interior_v1_n2048,23,3,11,ABC|D,AB|C|D,0.05729822442123246,0.003942658229737046,7.266445768627272,9.393862056081243,9.393862056081243,0.04941290796175837,0.0035229524467268823,0.04941290796175837
interior_v1_n2048,24,3,12,ABC|D,AC|B|D,0.05729822442123246,0.05729822442123246,7.266445768627272,136.51997837695956,136.51997837695956,0.04941290796175837,0.0568785186382223,0.0568785186382223
interior_v1_n2048,25,4,4,ABD|C,ABD|C,0.11515605655314515,0.11515605655314515,14.603859863453788,274.3732900872525,274.3732900872525,0.10727074009367106,0.11473635077013498,0.11473635077013498
interior_v1_n2048,26,4,10,ABD|C,A|BD|C,0.11515605655314515,0.05729822442123247,14.603859863453788,136.51997837695959,136.51997837695959,0.10727074009367106,0.056878518638222304,0.10727074009367106
interior_v1_n2048,27,4,11,ABD|C,AB|C|D,0.11515605655314515,0.003942658229737046,14.603859863453788,9.393862056081243,14.603859863453788,0.10727074009367106,0.0035229524467268823,0.10727074009367106
interior_v1_n2048,28,4,13,ABD|C,AD|B|C,0.11515605655314515,0.1150161546254751,14.603859863453788,274.03995675391917,274.03995675391917,0.10727074009367106,0.11459644884246493,0.11459644884246493
interior_v1_n2048,29,5,5,AC|BD,AC|BD,0.11459644884246493,0.11459644884246493,14.532891537254546,273.03995675391917,273.03995675391917,0.10671113238299085,0.11417674305945477,0.11417674305945477
interior_v1_n2048,30,5,10,AC|BD,A|BD|C,0.11459644884246493,0.05729822442123247,14.532891537254546,136.51997837695959,136.51997837695959,0.10671113238299085,0.056878518638222304,0.10671113238299085
interior_v1_n2048,31,5,12,AC|BD,AC|B|D,0.11459644884246493,0.05729822442123246,14.532891537254546,136.51997837695956,136.51997837695956,0.10671113238299085,0.0568785186382223,0.10671113238299085
interior_v1_n2048,32,6,6,ACD|B,ACD|B,0.11515605655314515,0.11515605655314515,14.603859863453788,274.3732900872525,274.3732900872525,0.10727074009367106,0.11473635077013498,0.11473635077013498
interior_v1_n2048,33,6,8,ACD|B,A|B|CD,0.11515605655314515,0.003942658229737042,14.603859863453788,9.393862056081232,14.603859863453788,0.10727074009367106,0.003522952446726878,0.10727074009367106
interior_v1_n2048,34,6,12,ACD|B,AC|B|D,0.11515605655314515,0.05729822442123246,14.603859863453788,136.51997837695956,136.51997837695956,0.10727074009367106,0.0568785186382223,0.10727074009367106
interior_v1_n2048,35,6,13,ACD|B,AD|B|C,0.11515605655314515,0.1150161546254751,14.603859863453788,274.03995675391917,274.03995675391917,0.10727074009367106,0.11459644884246493,0.11459644884246493
interior_v1_n2048,36,7,7,AD|BC,AD|BC,0.11543586040848526,0.11543586040848526,14.63934402655341,275.03995675391917,275.03995675391917,0.10755054394901117,0.1150161546254751,0.1150161546254751
interior_v1_n2048,37,7,9,AD|BC,A|BC|D,0.11543586040848526,0.0004197057830101639,14.63934402655341,1.0,14.63934402655341,0.10755054394901117,0.0,0.10755054394901117
interior_v1_n2048,38,7,13,AD|BC,AD|B|C,0.11543586040848526,0.1150161546254751,14.63934402655341,274.03995675391917,274.03995675391917,0.10755054394901117,0.11459644884246493,0.11459644884246493
interior_v1_n4096,0,0,0,ABCD,ABCD,0.12022744150365766,0.12022744150365766,28.265634021921688,926.4766553720324,926.4766553720324,0.11597395681584156,0.12009767305152609,0.12009767305152609
interior_v1_n4096,1,0,1,ABCD,A|BCD,0.12022744150365766,0.05998395229969725,28.265634021921688,462.2383276860161,462.2383276860161,0.11597395681584156,0.05985418384756569,0.11597395681584156
interior_v1_n4096,2,0,2,ABCD,AB|CD,0.12022744150365766,0.004253484687816098,28.265634021921688,32.77749420563128,32.77749420563128,0.11597395681584156,0.004123716235684534,0.11597395681584156
interior_v1_n4096,3,0,3,ABCD,ABC|D,0.12022744150365766,0.05998395229969726,28.265634021921688,462.23832768601613,462.23832768601613,0.11597395681584156,0.059854183847565696,0.11597395681584156
interior_v1_n4096,4,0,4,ABCD,ABD|C,0.12022744150365766,0.12014092920223661,28.265634021921688,925.8099887053656,925.8099887053656,0.11597395681584156,0.12001116075010504,0.12001116075010504
interior_v1_n4096,5,0,5,ABCD,AC|BD,0.12022744150365766,0.11996790459939452,28.265634021921688,924.4766553720323,924.4766553720323,0.11597395681584156,0.11983813614726295,0.11983813614726295
interior_v1_n4096,6,0,6,ABCD,ACD|B,0.12022744150365766,0.12014092920223661,28.265634021921688,925.8099887053656,925.8099887053656,0.11597395681584156,0.12001116075010504,0.12001116075010504
interior_v1_n4096,7,0,7,ABCD,AD|BC,0.12022744150365766,0.12022744150365766,28.265634021921688,926.4766553720324,926.4766553720324,0.11597395681584156,0.12009767305152609,0.12009767305152609
interior_v1_n4096,8,0,8,ABCD,A|B|CD,0.12022744150365766,0.002126742343908052,28.265634021921688,16.388747102815657,28.265634021921688,0.11597395681584156,0.0019969738917764873,0.11597395681584156
interior_v1_n4096,9,0,9,ABCD,A|BC|D,0.12022744150365766,0.0001297684521315646,28.265634021921688,1.0,28.265634021921688,0.11597395681584156,0.0,0.11597395681584156
interior_v1_n4096,10,0,10,ABCD,A|BD|C,0.12022744150365766,0.05998395229969725,28.265634021921688,462.2383276860161,462.2383276860161,0.11597395681584156,0.05985418384756569,0.11597395681584156
interior_v1_n4096,11,0,11,ABCD,AB|C|D,0.12022744150365766,0.002126742343908046,28.265634021921688,16.388747102815614,28.265634021921688,0.11597395681584156,0.0019969738917764816,0.11597395681584156
interior_v1_n4096,12,0,12,ABCD,AC|B|D,0.12022744150365766,0.05998395229969726,28.265634021921688,462.23832768601613,462.23832768601613,0.11597395681584156,0.059854183847565696,0.11597395681584156
interior_v1_n4096,13,0,13,ABCD,AD|B|C,0.12022744150365766,0.12009767305152609,28.265634021921688,925.4766553720324,925.4766553720324,0.11597395681584156,0.11996790459939452,0.11996790459939452
interior_v1_n4096,14,1,1,A|BCD,A|BCD,0.05998395229969725,0.05998395229969725,14.102308272442684,462.2383276860161,462.2383276860161,0.055730467611881156,0.05985418384756569,0.05985418384756569
interior_v1_n4096,15,1,8,A|BCD,A|B|CD,0.05998395229969725,0.002126742343908052,14.102308272442684,16.388747102815657,16.388747102815657,0.055730467611881156,0.0019969738917764873,0.055730467611881156
interior_v1_n4096,16,1,9,A|BCD,A|BC|D,0.05998395229969725,0.0001297684521315646,14.102308272442684,1.0,14.102308272442684,0.055730467611881156,0.0,0.055730467611881156
interior_v1_n4096,17,1,10,A|BCD,A|BD|C,0.05998395229969725,0.05998395229969725,14.102308272442684,462.2383276860161,462.2383276860161,0.055730467611881156,0.05985418384756569,0.05985418384756569
interior_v1_n4096,18,2,2,AB|CD,AB|CD,0.004253484687816098,0.004253484687816098,1.0,32.77749420563128,32.77749420563128,0.0,0.004123716235684534,0.004123716235684534
interior_v1_n4096,19,2,8,AB|CD,A|B|CD,0.004253484687816098,0.002126742343908052,1.0,16.388747102815657,16.388747102815657,0.0,0.0019969738917764873,0.0019969738917764873
interior_v1_n4096,20,2,11,AB|CD,AB|C|D,0.004253484687816098,0.002126742343908046,1.0,16.388747102815614,16.388747102815614,0.0,0.0019969738917764816,0.0019969738917764816
interior_v1_n4096,21,3,3,ABC|D,ABC|D,0.05998395229969726,0.05998395229969726,14.102308272442686,462.23832768601613,462.23832768601613,0.05573046761188116,0.059854183847565696,0.059854183847565696
interior_v1_n4096,22,3,9,ABC|D,A|BC|D,0.05998395229969726,0.0001297684521315646,14.102308272442686,1.0,14.102308272442686,0.05573046761188116,0.0,0.05573046761188116
interior_v1_n4096,23,3,11,ABC|D,AB|C|D,0.05998395229969726,0.002126742343908046,14.102308272442686,16.388747102815614,16.388747102815614,0.05573046761188116,0.0019969738917764816,0.05573046761188116
interior_v1_n4096,24,3,12,ABC|D,AC|B|D,0.05998395229969726,0.05998395229969726,14.102308272442686,462.23832768601613,462.23832768601613,0.05573046761188116,0.059854183847565696,0.059854183847565696
interior_v1_n4096,25,4,4,ABD|C,ABD|C,0.12014092920223661,0.12014092920223661,28.24529486290958,925.8099887053656,925.8099887053656,0.11588744451442051,0.12001116075010504,0.12001116075010504
interior_v1_n4096,26,4,10,ABD|C,A|BD|C,0.12014092920223661,0.05998395229969725,28.24529486290958,462.2383276860161,462.2383276860161,0.11588744451442051,0.05985418384756569,0.11588744451442051
interior_v1_n4096,27,4,11,ABD|C,AB|C|D,0.12014092920223661,0.002126742343908046,28.24529486290958,16.388747102815614,28.24529486290958,0.11588744451442051,0.0019969738917764816,0.11588744451442051
interior_v1_n4096,28,4,13,ABD|C,AD|B|C,0.12014092920223661,0.12009767305152609,28.24529486290958,925.4766553720324,925.4766553720324,0.11588744451442051,0.11996790459939452,0.11996790459939452
interior_v1_n4096,29,5,5,AC|BD,AC|BD,0.11996790459939452,0.11996790459939452,28.204616544885372,924.4766553720323,924.4766553720323,0.11571441991157842,0.11983813614726295,0.11983813614726295
interior_v1_n4096,30,5,10,AC|BD,A|BD|C,0.11996790459939452,0.05998395229969725,28.204616544885372,462.2383276860161,462.2383276860161,0.11571441991157842,0.05985418384756569,0.11571441991157842
interior_v1_n4096,31,5,12,AC|BD,AC|B|D,0.11996790459939452,0.05998395229969726,28.204616544885372,462.23832768601613,462.23832768601613,0.11571441991157842,0.059854183847565696,0.11571441991157842
interior_v1_n4096,32,6,6,ACD|B,ACD|B,0.12014092920223661,0.12014092920223661,28.24529486290958,925.8099887053656,925.8099887053656,0.11588744451442051,0.12001116075010504,0.12001116075010504
interior_v1_n4096,33,6,8,ACD|B,A|B|CD,0.12014092920223661,0.002126742343908052,28.24529486290958,16.388747102815657,28.24529486290958,0.11588744451442051,0.0019969738917764873,0.11588744451442051
interior_v1_n4096,34,6,12,ACD|B,AC|B|D,0.12014092920223661,0.05998395229969726,28.24529486290958,462.23832768601613,462.23832768601613,0.11588744451442051,0.059854183847565696,0.11588744451442051
interior_v1_n4096,35,6,13,ACD|B,AD|B|C,0.12014092920223661,0.12009767305152609,28.24529486290958,925.4766553720324,925.4766553720324,0.11588744451442051,0.11996790459939452,0.11996790459939452
interior_v1_n4096,36,7,7,AD|BC,AD|BC,0.12022744150365766,0.12022744150365766,28.265634021921688,926.4766553720324,926.4766553720324,0.11597395681584156,0.12009767305152609,0.12009767305152609
interior_v1_n4096,37,7,9,AD|BC,A|BC|D,0.12022744150365766,0.0001297684521315646,28.265634021921688,1.0,28.265634021921688,0.11597395681584156,0.0,0.11597395681584156
interior_v1_n4096,38,7,13,AD|BC,AD|B|C,0.12022744150365766,0.12009767305152609,28.265634021921688,925.4766553720324,925.4766553720324,0.11597395681584156,0.11996790459939452,0.11996790459939452
interior_v1_n8192,0,0,0,ABCD,ABCD,0.12257975910186654,0.12257975910186654,54.092005673153395,3181.6911950566696,3181.6911950566696,0.12031362462272474,0.12254123249711862,0.12254123249711862
interior_v1_n8192,1,0,1,ABCD,A|BCD,0.12257975910186654,0.061251352946185354,54.092005673153395,1589.8455975283348,1589.8455975283348,0.12031362462272474,0.06121282634143744,0.12031362462272474
interior_v1_n8192,2,0,2,ABCD,AB|CD,0.12257975910186654,0.002266134479141796,54.092005673153395,58.81998930270368,58.81998930270368,0.12031362462272474,0.002227607874393882,0.12031362462272474
interior_v1_n8192,3,0,3,ABCD,ABC|D,0.12257975910186654,0.06125135294618535,54.092005673153395,1589.8455975283346,1589.8455975283346,0.12031362462272474,0.06121282634143743,0.12031362462272474
interior_v1_n8192,4,0,4,ABCD,ABD|C,0.12257975910186654,0.12255407469870126,54.092005673153395,3181.0245283900026,3181.0245283900026,0.12031362462272474,0.12251554809395335,0.12251554809395335
interior_v1_n8192,5,0,5,ABCD,AC|BD,0.12257975910186654,0.1225027058923707,54.092005673153395,3179.691195056669,3179.691195056669,0.12031362462272474,0.12246417928762278,0.12246417928762278
interior_v1_n8192,6,0,6,ABCD,ACD|B,0.12257975910186654,0.12255407469870126,54.092005673153395,3181.0245283900026,3181.0245283900026,0.12031362462272474,0.12251554809395335,0.12251554809395335
interior_v1_n8192,7,0,7,ABCD,AD|BC,0.12257975910186654,0.12257975910186654,54.092005673153395,3181.6911950566696,3181.6911950566696,0.12031362462272474,0.12254123249711862,0.12254123249711862
interior_v1_n8192,8,0,8,ABCD,A|B|CD,0.12257975910186654,0.001133067239570896,54.092005673153395,29.40999465135179,54.092005673153395,0.12031362462272474,0.0010945406348229821,0.12031362462272474
interior_v1_n8192,9,0,9,ABCD,A|BC|D,0.12257975910186654,3.852660474791403e-05,54.092005673153395,1.0,54.092005673153395,0.12031362462272474,0.0,0.12031362462272474
interior_v1_n8192,10,0,10,ABCD,A|BD|C,0.12257975910186654,0.061251352946185354,54.092005673153395,1589.8455975283348,1589.8455975283348,0.12031362462272474,0.06121282634143744,0.12031362462272474
interior_v1_n8192,11,0,11,ABCD,AB|C|D,0.12257975910186654,0.0011330672395709,54.092005673153395,29.40999465135189,54.092005673153395,0.12031362462272474,0.001094540634822986,0.12031362462272474
interior_v1_n8192,12,0,12,ABCD,AC|B|D,0.12257975910186654,0.06125135294618535,54.092005673153395,1589.8455975283346,1589.8455975283346,0.12031362462272474,0.06121282634143743,0.12031362462272474
interior_v1_n8192,13,0,13,ABCD,AD|B|C,0.12257975910186654,0.12254123249711862,54.092005673153395,3180.6911950566696,3180.6911950566696,0.12031362462272474,0.12250270589237071,0.12250270589237071
interior_v1_n8192,14,1,1,A|BCD,A|BCD,0.061251352946185354,0.061251352946185354,27.0290018134236,1589.8455975283348,1589.8455975283348,0.058985218467043556,0.06121282634143744,0.06121282634143744
interior_v1_n8192,15,1,8,A|BCD,A|B|CD,0.061251352946185354,0.001133067239570896,27.0290018134236,29.40999465135179,29.40999465135179,0.058985218467043556,0.0010945406348229821,0.058985218467043556
interior_v1_n8192,16,1,9,A|BCD,A|BC|D,0.061251352946185354,3.852660474791403e-05,27.0290018134236,1.0,27.0290018134236,0.058985218467043556,0.0,0.058985218467043556
interior_v1_n8192,17,1,10,A|BCD,A|BD|C,0.061251352946185354,0.061251352946185354,27.0290018134236,1589.8455975283348,1589.8455975283348,0.058985218467043556,0.06121282634143744,0.06121282634143744
interior_v1_n8192,18,2,2,AB|CD,AB|CD,0.002266134479141796,0.002266134479141796,1.0,58.81998930270368,58.81998930270368,0.0,0.002227607874393882,0.002227607874393882
interior_v1_n8192,19,2,8,AB|CD,A|B|CD,0.002266134479141796,0.001133067239570896,1.0,29.40999465135179,29.40999465135179,0.0,0.0010945406348229821,0.0010945406348229821
interior_v1_n8192,20,2,11,AB|CD,AB|C|D,0.002266134479141796,0.0011330672395709,1.0,29.40999465135189,29.40999465135189,0.0,0.001094540634822986,0.001094540634822986
interior_v1_n8192,21,3,3,ABC|D,ABC|D,0.06125135294618535,0.06125135294618535,27.029001813423598,1589.8455975283346,1589.8455975283346,0.05898521846704355,0.06121282634143743,0.06121282634143743
interior_v1_n8192,22,3,9,ABC|D,A|BC|D,0.06125135294618535,3.852660474791403e-05,27.029001813423598,1.0,27.029001813423598,0.05898521846704355,0.0,0.05898521846704355
interior_v1_n8192,23,3,11,ABC|D,AB|C|D,0.06125135294618535,0.0011330672395709,27.029001813423598,29.40999465135189,29.40999465135189,0.05898521846704355,0.001094540634822986,0.05898521846704355
interior_v1_n8192,24,3,12,ABC|D,AC|B|D,0.06125135294618535,0.06125135294618535,27.029001813423598,1589.8455975283346,1589.8455975283346,0.05898521846704355,0.06121282634143743,0.06121282634143743
interior_v1_n8192,25,4,4,ABD|C,ABD|C,0.12255407469870126,0.12255407469870126,54.08067165771799,3181.0245283900026,3181.0245283900026,0.12028794021955946,0.12251554809395335,0.12251554809395335
interior_v1_n8192,26,4,10,ABD|C,A|BD|C,0.12255407469870126,0.061251352946185354,54.08067165771799,1589.8455975283348,1589.8455975283348,0.12028794021955946,0.06121282634143744,0.12028794021955946
interior_v1_n8192,27,4,11,ABD|C,AB|C|D,0.12255407469870126,0.0011330672395709,54.08067165771799,29.40999465135189,54.08067165771799,0.12028794021955946,0.001094540634822986,0.12028794021955946
interior_v1_n8192,28,4,13,ABD|C,AD|B|C,0.12255407469870126,0.12254123249711862,54.08067165771799,3180.6911950566696,3180.6911950566696,0.12028794021955946,0.12250270589237071,0.12250270589237071
interior_v1_n8192,29,5,5,AC|BD,AC|BD,0.1225027058923707,0.1225027058923707,54.058003626847196,3179.691195056669,3179.691195056669,0.1202365714132289,0.12246417928762278,0.12246417928762278
interior_v1_n8192,30,5,10,AC|BD,A|BD|C,0.1225027058923707,0.061251352946185354,54.058003626847196,1589.8455975283348,1589.8455975283348,0.1202365714132289,0.06121282634143744,0.1202365714132289
interior_v1_n8192,31,5,12,AC|BD,AC|B|D,0.1225027058923707,0.06125135294618535,54.058003626847196,1589.8455975283346,1589.8455975283346,0.1202365714132289,0.06121282634143743,0.1202365714132289
interior_v1_n8192,32,6,6,ACD|B,ACD|B,0.12255407469870126,0.12255407469870126,54.08067165771799,3181.0245283900026,3181.0245283900026,0.12028794021955946,0.12251554809395335,0.12251554809395335
interior_v1_n8192,33,6,8,ACD|B,A|B|CD,0.12255407469870126,0.001133067239570896,54.08067165771799,29.40999465135179,54.08067165771799,0.12028794021955946,0.0010945406348229821,0.12028794021955946
interior_v1_n8192,34,6,12,ACD|B,AC|B|D,0.12255407469870126,0.06125135294618535,54.08067165771799,1589.8455975283346,1589.8455975283346,0.12028794021955946,0.06121282634143743,0.12028794021955946
interior_v1_n8192,35,6,13,ACD|B,AD|B|C,0.12255407469870126,0.12254123249711862,54.08067165771799,3180.6911950566696,3180.6911950566696,0.12028794021955946,0.12250270589237071,0.12250270589237071
interior_v1_n8192,36,7,7,AD|BC,AD|BC,0.12257975910186654,0.12257975910186654,54.092005673153395,3181.6911950566696,3181.6911950566696,0.12031362462272474,0.12254123249711862,0.12254123249711862
interior_v1_n8192,37,7,9,AD|BC,A|BC|D,0.12257975910186654,3.852660474791403e-05,54.092005673153395,1.0,54.092005673153395,0.12031362462272474,0.0,0.12031362462272474
interior_v1_n8192,38,7,13,AD|BC,AD|B|C,0.12257975910186654,0.12254123249711862,54.092005673153395,3180.6911950566696,3180.6911950566696,0.12031362462272474,0.12250270589237071,0.12250270589237071
endpoint_n128,0,0,0,ABCD,ABCD,0.0006420877890981119,0.0006420877890981119,13.95266913557032,11152.510883387225,11152.510883387225,0.0005960687956812035,0.0006420302157143411,0.0006420302157143411
endpoint_n128,1,0,1,ABCD,A|BCD,0.0006420877890981119,0.0002429176498699471,13.95266913557032,4219.26998136305,4219.26998136305,0.0005960687956812035,0.00024286007648617621,0.0005960687956812035
endpoint_n128,2,0,2,ABCD,AB|CD,0.0006420877890981119,4.6018993416908426e-05,13.95266913557032,799.3102090377464,799.3102090377464,0.0005960687956812035,4.596142003313755e-05,0.0005960687956812035
endpoint_n128,3,0,3,ABCD,ABC|D,0.0006420877890981119,0.00024291764986994683,13.95266913557032,4219.269981363045,4219.269981363045,0.0005960687956812035,0.00024286007648617594,0.0005960687956812035
endpoint_n128,4,0,4,ABCD,ABD|C,0.0006420877890981119,0.000642058987182693,13.95266913557032,11152.010618967584,11152.010618967584,0.0005960687956812035,0.0006420014137989222,0.0006420014137989222
endpoint_n128,5,0,5,ABCD,AC|BD,0.0006420877890981119,0.00047797778974990624,13.95266913557032,8302.061793903184,8302.061793903184,0.0005960687956812035,0.00047792021636613535,0.0005960687956812035
endpoint_n128,6,0,6,ABCD,ACD|B,0.0006420877890981119,0.000642058987182693,13.95266913557032,11152.010618967584,11152.010618967584,0.0005960687956812035,0.0006420014137989222,0.0006420014137989222
endpoint_n128,7,0,7,ABCD,AD|BC,0.0006420877890981119,0.0006420877890981118,13.95266913557032,11152.510883387224,11152.510883387224,0.0005960687956812035,0.000642030215714341,0.000642030215714341
endpoint_n128,8,0,8,ABCD,A|B|CD,0.0006420877890981119,2.3009496708454223e-05,13.95266913557032,399.65510451887343,399.65510451887343,0.0005960687956812035,2.2951923324683347e-05,0.0005960687956812035
endpoint_n128,9,0,9,ABCD,A|BC|D,0.0006420877890981119,5.757338377087491e-08,13.95266913557032,1.0,13.95266913557032,0.0005960687956812035,0.0,0.0005960687956812035
endpoint_n128,10,0,10,ABCD,A|BD|C,0.0006420877890981119,0.00023898889487495307,13.95266913557032,4151.030896951591,4151.030896951591,0.0005960687956812035,0.00023893132149118218,0.0005960687956812035
endpoint_n128,11,0,11,ABCD,AB|C|D,0.0006420877890981119,2.3009496708454203e-05,13.95266913557032,399.65510451887303,399.65510451887303,0.0005960687956812035,2.2951923324683327e-05,0.0005960687956812035
endpoint_n128,12,0,12,ABCD,AC|B|D,0.0006420877890981119,0.00023898889487495317,13.95266913557032,4151.030896951593,4151.030896951593,0.0005960687956812035,0.0002389313214911823,0.0005960687956812035
endpoint_n128,13,0,13,ABCD,AD|B|C,0.0006420877890981119,0.000642030215714341,13.95266913557032,11151.510883387224,11151.510883387224,0.0005960687956812035,0.0006419726423305701,0.0006419726423305701
endpoint_n128,14,1,1,A|BCD,A|BCD,0.0002429176498699471,0.0002429176498699471,5.278638923481834,4219.26998136305,4219.26998136305,0.00019689865645303867,0.00024286007648617621,0.00024286007648617621
endpoint_n128,15,1,8,A|BCD,A|B|CD,0.0002429176498699471,2.3009496708454223e-05,5.278638923481834,399.65510451887343,399.65510451887343,0.00019689865645303867,2.2951923324683347e-05,0.00019689865645303867
endpoint_n128,16,1,9,A|BCD,A|BC|D,0.0002429176498699471,5.757338377087491e-08,5.278638923481834,1.0,5.278638923481834,0.00019689865645303867,0.0,0.00019689865645303867
endpoint_n128,17,1,10,A|BCD,A|BD|C,0.0002429176498699471,0.00023898889487495307,5.278638923481834,4151.030896951591,4151.030896951591,0.00019689865645303867,0.00023893132149118218,0.00023893132149118218
endpoint_n128,18,2,2,AB|CD,AB|CD,4.6018993416908426e-05,4.6018993416908426e-05,1.0,799.3102090377464,799.3102090377464,0.0,4.596142003313755e-05,4.596142003313755e-05
endpoint_n128,19,2,8,AB|CD,A|B|CD,4.6018993416908426e-05,2.3009496708454223e-05,1.0,399.65510451887343,399.65510451887343,0.0,2.2951923324683347e-05,2.2951923324683347e-05
endpoint_n128,20,2,11,AB|CD,AB|C|D,4.6018993416908426e-05,2.3009496708454203e-05,1.0,399.65510451887303,399.65510451887303,0.0,2.2951923324683327e-05,2.2951923324683327e-05
endpoint_n128,21,3,3,ABC|D,ABC|D,0.00024291764986994683,0.00024291764986994683,5.278638923481828,4219.269981363045,4219.269981363045,0.0001968986564530384,0.00024286007648617594,0.00024286007648617594
endpoint_n128,22,3,9,ABC|D,A|BC|D,0.00024291764986994683,5.757338377087491e-08,5.278638923481828,1.0,5.278638923481828,0.0001968986564530384,0.0,0.0001968986564530384
endpoint_n128,23,3,11,ABC|D,AB|C|D,0.00024291764986994683,2.3009496708454203e-05,5.278638923481828,399.65510451887303,399.65510451887303,0.0001968986564530384,2.2951923324683327e-05,0.0001968986564530384
endpoint_n128,24,3,12,ABC|D,AC|B|D,0.00024291764986994683,0.00023898889487495317,5.278638923481828,4151.030896951593,4151.030896951593,0.0001968986564530384,0.0002389313214911823,0.0002389313214911823
endpoint_n128,25,4,4,ABD|C,ABD|C,0.000642058987182693,0.000642058987182693,13.952043265396282,11152.010618967584,11152.010618967584,0.0005960399937657846,0.0006420014137989222,0.0006420014137989222
endpoint_n128,26,4,10,ABD|C,A|BD|C,0.000642058987182693,0.00023898889487495307,13.952043265396282,4151.030896951591,4151.030896951591,0.0005960399937657846,0.00023893132149118218,0.0005960399937657846
endpoint_n128,27,4,11,ABD|C,AB|C|D,0.000642058987182693,2.3009496708454203e-05,13.952043265396282,399.65510451887303,399.65510451887303,0.0005960399937657846,2.2951923324683327e-05,0.0005960399937657846
endpoint_n128,28,4,13,ABD|C,AD|B|C,0.000642058987182693,0.000642030215714341,13.952043265396282,11151.510883387224,11151.510883387224,0.0005960399937657846,0.0006419726423305701,0.0006419726423305701
endpoint_n128,29,5,5,AC|BD,AC|BD,0.00047797778974990624,0.00047797778974990624,10.38653291304469,8302.061793903184,8302.061793903184,0.00043195879633299783,0.00047792021636613535,0.00047792021636613535
endpoint_n128,30,5,10,AC|BD,A|BD|C,0.00047797778974990624,0.00023898889487495307,10.38653291304469,4151.030896951591,4151.030896951591,0.00043195879633299783,0.00023893132149118218,0.00043195879633299783
endpoint_n128,31,5,12,AC|BD,AC|B|D,0.00047797778974990624,0.00023898889487495317,10.38653291304469,4151.030896951593,4151.030896951593,0.00043195879633299783,0.0002389313214911823,0.00043195879633299783
endpoint_n128,32,6,6,ACD|B,ACD|B,0.000642058987182693,0.000642058987182693,13.952043265396282,11152.010618967584,11152.010618967584,0.0005960399937657846,0.0006420014137989222,0.0006420014137989222
endpoint_n128,33,6,8,ACD|B,A|B|CD,0.000642058987182693,2.3009496708454223e-05,13.952043265396282,399.65510451887343,399.65510451887343,0.0005960399937657846,2.2951923324683347e-05,0.0005960399937657846
endpoint_n128,34,6,12,ACD|B,AC|B|D,0.000642058987182693,0.00023898889487495317,13.952043265396282,4151.030896951593,4151.030896951593,0.0005960399937657846,0.0002389313214911823,0.0005960399937657846
endpoint_n128,35,6,13,ACD|B,AD|B|C,0.000642058987182693,0.000642030215714341,13.952043265396282,11151.510883387224,11151.510883387224,0.0005960399937657846,0.0006419726423305701,0.0006419726423305701
endpoint_n128,36,7,7,AD|BC,AD|BC,0.0006420877890981118,0.0006420877890981118,13.952669135570316,11152.510883387224,11152.510883387224,0.0005960687956812034,0.000642030215714341,0.000642030215714341
endpoint_n128,37,7,9,AD|BC,A|BC|D,0.0006420877890981118,5.757338377087491e-08,13.952669135570316,1.0,13.952669135570316,0.0005960687956812034,0.0,0.0005960687956812034
endpoint_n128,38,7,13,AD|BC,AD|B|C,0.0006420877890981118,0.000642030215714341,13.952669135570316,11151.510883387224,11151.510883387224,0.0005960687956812034,0.0006419726423305701,0.0006419726423305701
endpoint_n256,0,0,0,ABCD,ABCD,0.00017242697398502321,0.00017242697398502321,103.55584935855252,230821.11151946476,230821.11151946476,0.00017076191136371235,0.0001724262269694108,0.0001724262269694108
endpoint_n256,1,0,1,ABCD,A|BCD,0.00017242697398502321,4.095813751667787e-05,103.55584935855252,54829.024768409145,54829.024768409145,0.00017076191136371235,4.095739050106544e-05,0.00017076191136371235
endpoint_n256,2,0,2,ABCD,AB|CD,0.00017242697398502321,1.6650626213108524e-06,103.55584935855252,2228.952907529811,2228.952907529811,0.00017076191136371235,1.6643156056984158e-06,0.00017076191136371235
endpoint_n256,3,0,3,ABCD,ABC|D,0.00017242697398502321,4.095813751667775e-05,103.55584935855252,54829.02476840898,54829.02476840898,0.00017076191136371235,4.0957390501065316e-05,0.00017076191136371235
endpoint_n256,4,0,4,ABCD,ABD|C,0.00017242697398502321,0.0001724266004561663,103.55584935855252,230820.61149128506,230820.61149128506,0.00017076191136371235,0.00017242585344055388,0.00017242585344055388
endpoint_n256,5,0,5,ABCD,AC|BD,0.00017242697398502321,8.1067241272644e-05,103.55584935855252,108521.48191148805,108521.48191148805,0.00017076191136371235,8.106649425703156e-05,0.00017076191136371235
endpoint_n256,6,0,6,ABCD,ACD|B,0.00017242697398502321,0.0001724266004561663,103.55584935855252,230820.61149128506,230820.61149128506,0.00017076191136371235,0.00017242585344055388,0.00017242585344055388
endpoint_n256,7,0,7,ABCD,AD|BC,0.00017242697398502321,0.0001724269739850232,103.55584935855252,230821.11151946473,230821.11151946473,0.00017076191136371235,0.00017242622696941076,0.00017242622696941076
endpoint_n256,8,0,8,ABCD,A|B|CD,0.00017242697398502321,8.325313106554257e-07,103.55584935855252,1114.4764537649048,1114.4764537649048,0.00017076191136371235,8.317842950429891e-07,0.00017076191136371235
endpoint_n256,9,0,9,ABCD,A|BC|D,0.00017242697398502321,7.470156124366585e-10,103.55584935855252,1.0,103.55584935855252,0.00017076191136371235,0.0,0.00017076191136371235
endpoint_n256,10,0,10,ABCD,A|BD|C,0.00017242697398502321,4.053362063632202e-05,103.55584935855252,54260.74095574405,54260.74095574405,0.00017076191136371235,4.0532873620709585e-05,0.00017076191136371235
endpoint_n256,11,0,11,ABCD,AB|C|D,0.00017242697398502321,8.325313106554268e-07,103.55584935855252,1114.4764537649064,1114.4764537649064,0.00017076191136371235,8.317842950429902e-07,0.00017076191136371235
endpoint_n256,12,0,12,ABCD,AC|B|D,0.00017242697398502321,4.053362063632197e-05,103.55584935855252,54260.74095574399,54260.74095574399,0.00017076191136371235,4.053287362070954e-05,0.00017076191136371235
endpoint_n256,13,0,13,ABCD,AD|B|C,0.00017242697398502321,0.00017242622696941076,103.55584935855252,230820.11151946476,230820.11151946476,0.00017076191136371235,0.00017242547995379833,0.00017242547995379833
endpoint_n256,14,1,1,A|BCD,A|BCD,4.095813751667787e-05,4.095813751667787e-05,24.598556830512955,54829.024768409145,54829.024768409145,3.929307489536702e-05,4.095739050106544e-05,4.095739050106544e-05
endpoint_n256,15,1,8,A|BCD,A|B|CD,4.095813751667787e-05,8.325313106554257e-07,24.598556830512955,1114.4764537649048,1114.4764537649048,3.929307489536702e-05,8.317842950429891e-07,3.929307489536702e-05
endpoint_n256,16,1,9,A|BCD,A|BC|D,4.095813751667787e-05,7.470156124366585e-10,24.598556830512955,1.0,24.598556830512955,3.929307489536702e-05,0.0,3.929307489536702e-05
endpoint_n256,17,1,10,A|BCD,A|BD|C,4.095813751667787e-05,4.053362063632202e-05,24.598556830512955,54260.74095574405,54260.74095574405,3.929307489536702e-05,4.0532873620709585e-05,4.0532873620709585e-05
endpoint_n256,18,2,2,AB|CD,AB|CD,1.6650626213108524e-06,1.6650626213108524e-06,1.0,2228.952907529811,2228.952907529811,0.0,1.6643156056984158e-06,1.6643156056984158e-06
endpoint_n256,19,2,8,AB|CD,A|B|CD,1.6650626213108524e-06,8.325313106554257e-07,1.0,1114.4764537649048,1114.4764537649048,0.0,8.317842950429891e-07,8.317842950429891e-07
endpoint_n256,20,2,11,AB|CD,AB|C|D,1.6650626213108524e-06,8.325313106554268e-07,1.0,1114.4764537649064,1114.4764537649064,0.0,8.317842950429902e-07,8.317842950429902e-07
endpoint_n256,21,3,3,ABC|D,ABC|D,4.095813751667775e-05,4.095813751667775e-05,24.59855683051288,54829.02476840898,54829.02476840898,3.92930748953669e-05,4.0957390501065316e-05,4.0957390501065316e-05
endpoint_n256,22,3,9,ABC|D,A|BC|D,4.095813751667775e-05,7.470156124366585e-10,24.59855683051288,1.0,24.59855683051288,3.92930748953669e-05,0.0,3.92930748953669e-05
endpoint_n256,23,3,11,ABC|D,AB|C|D,4.095813751667775e-05,8.325313106554268e-07,24.59855683051288,1114.4764537649064,1114.4764537649064,3.92930748953669e-05,8.317842950429902e-07,3.92930748953669e-05
endpoint_n256,24,3,12,ABC|D,AC|B|D,4.095813751667775e-05,4.053362063632197e-05,24.59855683051288,54260.74095574399,54260.74095574399,3.92930748953669e-05,4.053287362070954e-05,4.053287362070954e-05
endpoint_n256,25,4,4,ABD|C,ABD|C,0.0001724266004561663,0.0001724266004561663,103.55562502533398,230820.61149128506,230820.61149128506,0.00017076153783485544,0.00017242585344055388,0.00017242585344055388
endpoint_n256,26,4,10,ABD|C,A|BD|C,0.0001724266004561663,4.053362063632202e-05,103.55562502533398,54260.74095574405,54260.74095574405,0.00017076153783485544,4.0532873620709585e-05,0.00017076153783485544
endpoint_n256,27,4,11,ABD|C,AB|C|D,0.0001724266004561663,8.325313106554268e-07,103.55562502533398,1114.4764537649064,1114.4764537649064,0.00017076153783485544,8.317842950429902e-07,0.00017076153783485544
endpoint_n256,28,4,13,ABD|C,AD|B|C,0.0001724266004561663,0.00017242622696941076,103.55562502533398,230820.11151946476,230820.11151946476,0.00017076153783485544,0.00017242547995379833,0.00017242547995379833
endpoint_n256,29,5,5,AC|BD,AC|BD,8.1067241272644e-05,8.1067241272644e-05,48.68720265236767,108521.48191148805,108521.48191148805,7.940217865133314e-05,8.106649425703156e-05,8.106649425703156e-05
endpoint_n256,30,5,10,AC|BD,A|BD|C,8.1067241272644e-05,4.053362063632202e-05,48.68720265236767,54260.74095574405,54260.74095574405,7.940217865133314e-05,4.0532873620709585e-05,7.940217865133314e-05
endpoint_n256,31,5,12,AC|BD,AC|B|D,8.1067241272644e-05,4.053362063632197e-05,48.68720265236767,54260.74095574399,54260.74095574399,7.940217865133314e-05,4.053287362070954e-05,7.940217865133314e-05
endpoint_n256,32,6,6,ACD|B,ACD|B,0.0001724266004561663,0.0001724266004561663,103.55562502533398,230820.61149128506,230820.61149128506,0.00017076153783485544,0.00017242585344055388,0.00017242585344055388
endpoint_n256,33,6,8,ACD|B,A|B|CD,0.0001724266004561663,8.325313106554257e-07,103.55562502533398,1114.4764537649048,1114.4764537649048,0.00017076153783485544,8.317842950429891e-07,0.00017076153783485544
endpoint_n256,34,6,12,ACD|B,AC|B|D,0.0001724266004561663,4.053362063632197e-05,103.55562502533398,54260.74095574399,54260.74095574399,0.00017076153783485544,4.053287362070954e-05,0.00017076153783485544
endpoint_n256,35,6,13,ACD|B,AD|B|C,0.0001724266004561663,0.00017242622696941076,103.55562502533398,230820.11151946476,230820.11151946476,0.00017076153783485544,0.00017242547995379833,0.00017242547995379833
endpoint_n256,36,7,7,AD|BC,AD|BC,0.0001724269739850232,0.0001724269739850232,103.5558493585525,230821.11151946473,230821.11151946473,0.00017076191136371232,0.00017242622696941076,0.00017242622696941076
endpoint_n256,37,7,9,AD|BC,A|BC|D,0.0001724269739850232,7.470156124366585e-10,103.5558493585525,1.0,103.5558493585525,0.00017076191136371232,0.0,0.00017076191136371232
endpoint_n256,38,7,13,AD|BC,AD|B|C,0.0001724269739850232,0.00017242622696941076,103.5558493585525,230820.11151946476,230820.11151946476,0.00017076191136371232,0.00017242547995379833,0.00017242547995379833
endpoint_n512,0,0,0,ABCD,ABCD,4.734826920757631e-05,4.734826920757631e-05,892.5488996140496,6064477.138442226,6064477.138442226,4.729522083204411e-05,4.7348261400098745e-05,4.7348261400098745e-05
endpoint_n512,1,0,1,ABCD,A|BCD,4.734826920757631e-05,5.0162676139942175e-06,892.5488996140496,642495.2965441939,642495.2965441939,4.729522083204411e-05,5.016259806516652e-06,4.729522083204411e-05
endpoint_n512,2,0,2,ABCD,AB|CD,4.734826920757631e-05,5.304837553219813e-08,892.5488996140496,6794.560097563943,6794.560097563943,4.729522083204411e-05,5.304056805463218e-08,4.729522083204411e-05
endpoint_n512,3,0,3,ABCD,ABC|D,4.734826920757631e-05,5.016267613994289e-06,892.5488996140496,642495.296544203,642495.296544203,4.729522083204411e-05,5.016259806516723e-06,4.729522083204411e-05
endpoint_n512,4,0,4,ABCD,ABD|C,4.734826920757631e-05,4.73482653038155e-05,892.5488996140496,6064476.638439405,6064476.638439405,4.729522083204411e-05,4.7348257496337933e-05,4.7348257496337933e-05
endpoint_n512,5,0,5,ABCD,AC|BD,4.734826920757631e-05,9.99084778320809e-06,892.5488996140496,1279651.1675917103,1279651.1675917103,4.729522083204411e-05,9.990839975730523e-06,4.729522083204411e-05
endpoint_n512,6,0,6,ABCD,ACD|B,4.734826920757631e-05,4.73482653038155e-05,892.5488996140496,6064476.638439405,6064476.638439405,4.729522083204411e-05,4.7348257496337933e-05,4.7348257496337933e-05
endpoint_n512,7,0,7,ABCD,AD|BC,4.734826920757631e-05,4.7348269207576304e-05,892.5488996140496,6064477.138442225,6064477.138442225,4.729522083204411e-05,4.734826140009874e-05,4.734826140009874e-05
endpoint_n512,8,0,8,ABCD,A|B|CD,4.734826920757631e-05,2.6524187766099035e-08,892.5488996140496,3397.2800487819677,3397.2800487819677,4.729522083204411e-05,2.651638028853309e-08,4.729522083204411e-05
endpoint_n512,9,0,9,ABCD,A|BC|D,4.734826920757631e-05,7.80747756594538e-12,892.5488996140496,1.0,892.5488996140496,4.729522083204411e-05,0.0,4.729522083204411e-05
endpoint_n512,10,0,10,ABCD,A|BD|C,4.734826920757631e-05,4.995423891604019e-06,892.5488996140496,639825.5837958519,639825.5837958519,4.729522083204411e-05,4.9954160841264535e-06,4.729522083204411e-05
endpoint_n512,11,0,11,ABCD,AB|C|D,4.734826920757631e-05,2.6524187766099095e-08,892.5488996140496,3397.280048781975,3397.280048781975,4.729522083204411e-05,2.651638028853315e-08,4.729522083204411e-05
endpoint_n512,12,0,12,ABCD,AC|B|D,4.734826920757631e-05,4.99542389160407e-06,892.5488996140496,639825.5837958584,639825.5837958584,4.729522083204411e-05,4.995416084126504e-06,4.729522083204411e-05
endpoint_n512,13,0,13,ABCD,AD|B|C,4.734826920757631e-05,4.734826140009874e-05,892.5488996140496,6064476.138442226,6064476.138442226,4.729522083204411e-05,4.7348253592621174e-05,4.7348253592621174e-05
endpoint_n512,14,1,1,A|BCD,A|BCD,5.0162676139942175e-06,5.0162676139942175e-06,94.56024927567394,642495.2965441939,642495.2965441939,4.963219238462019e-06,5.016259806516652e-06,5.016259806516652e-06
endpoint_n512,15,1,8,A|BCD,A|B|CD,5.0162676139942175e-06,2.6524187766099035e-08,94.56024927567394,3397.2800487819677,3397.2800487819677,4.963219238462019e-06,2.651638028853309e-08,4.963219238462019e-06
endpoint_n512,16,1,9,A|BCD,A|BC|D,5.0162676139942175e-06,7.80747756594538e-12,94.56024927567394,1.0,94.56024927567394,4.963219238462019e-06,0.0,4.963219238462019e-06
endpoint_n512,17,1,10,A|BCD,A|BD|C,5.0162676139942175e-06,4.995423891604019e-06,94.56024927567394,639825.5837958519,639825.5837958519,4.963219238462019e-06,4.9954160841264535e-06,4.9954160841264535e-06
endpoint_n512,18,2,2,AB|CD,AB|CD,5.304837553219813e-08,5.304837553219813e-08,1.0,6794.560097563943,6794.560097563943,0.0,5.304056805463218e-08,5.304056805463218e-08
endpoint_n512,19,2,8,AB|CD,A|B|CD,5.304837553219813e-08,2.6524187766099035e-08,1.0,3397.2800487819677,3397.2800487819677,0.0,2.651638028853309e-08,2.651638028853309e-08
endpoint_n512,20,2,11,AB|CD,AB|C|D,5.304837553219813e-08,2.6524187766099095e-08,1.0,3397.280048781975,3397.280048781975,0.0,2.651638028853315e-08,2.651638028853315e-08
endpoint_n512,21,3,3,ABC|D,ABC|D,5.016267613994289e-06,5.016267613994289e-06,94.56024927567529,642495.296544203,642495.296544203,4.96321923846209e-06,5.016259806516723e-06,5.016259806516723e-06
endpoint_n512,22,3,9,ABC|D,A|BC|D,5.016267613994289e-06,7.80747756594538e-12,94.56024927567529,1.0,94.56024927567529,4.96321923846209e-06,0.0,4.96321923846209e-06
endpoint_n512,23,3,11,ABC|D,AB|C|D,5.016267613994289e-06,2.6524187766099095e-08,94.56024927567529,3397.280048781975,3397.280048781975,4.96321923846209e-06,2.651638028853315e-08,4.96321923846209e-06
endpoint_n512,24,3,12,ABC|D,AC|B|D,5.016267613994289e-06,4.99542389160407e-06,94.56024927567529,639825.5837958584,639825.5837958584,4.96321923846209e-06,4.995416084126504e-06,4.995416084126504e-06
endpoint_n512,25,4,4,ABD|C,ABD|C,4.73482653038155e-05,4.73482653038155e-05,892.5488260253529,6064476.638439405,6064476.638439405,4.72952169282833e-05,4.7348257496337933e-05,4.7348257496337933e-05
endpoint_n512,26,4,10,ABD|C,A|BD|C,4.73482653038155e-05,4.995423891604019e-06,892.5488260253529,639825.5837958519,639825.5837958519,4.72952169282833e-05,4.9954160841264535e-06,4.72952169282833e-05
endpoint_n512,27,4,11,ABD|C,AB|C|D,4.73482653038155e-05,2.6524187766099095e-08,892.5488260253529,3397.280048781975,3397.280048781975,4.72952169282833e-05,2.651638028853315e-08,4.72952169282833e-05
endpoint_n512,28,4,13,ABD|C,AD|B|C,4.73482653038155e-05,4.734826140009874e-05,892.5488260253529,6064476.138442226,6064476.138442226,4.72952169282833e-05,4.7348253592621174e-05,4.7348253592621174e-05
endpoint_n512,29,5,5,AC|BD,AC|BD,9.99084778320809e-06,9.99084778320809e-06,188.3346602601255,1279651.1675917103,1279651.1675917103,9.93779940767589e-06,9.990839975730523e-06,9.990839975730523e-06
endpoint_n512,30,5,10,AC|BD,A|BD|C,9.99084778320809e-06,4.995423891604019e-06,188.3346602601255,639825.5837958519,639825.5837958519,9.93779940767589e-06,4.9954160841264535e-06,9.93779940767589e-06
endpoint_n512,31,5,12,AC|BD,AC|B|D,9.99084778320809e-06,4.99542389160407e-06,188.3346602601255,639825.5837958584,639825.5837958584,9.93779940767589e-06,4.995416084126504e-06,9.93779940767589e-06
endpoint_n512,32,6,6,ACD|B,ACD|B,4.73482653038155e-05,4.73482653038155e-05,892.5488260253529,6064476.638439405,6064476.638439405,4.72952169282833e-05,4.7348257496337933e-05,4.7348257496337933e-05
endpoint_n512,33,6,8,ACD|B,A|B|CD,4.73482653038155e-05,2.6524187766099035e-08,892.5488260253529,3397.2800487819677,3397.2800487819677,4.72952169282833e-05,2.651638028853309e-08,4.72952169282833e-05
endpoint_n512,34,6,12,ACD|B,AC|B|D,4.73482653038155e-05,4.99542389160407e-06,892.5488260253529,639825.5837958584,639825.5837958584,4.72952169282833e-05,4.995416084126504e-06,4.72952169282833e-05
endpoint_n512,35,6,13,ACD|B,AD|B|C,4.73482653038155e-05,4.734826140009874e-05,892.5488260253529,6064476.138442226,6064476.138442226,4.72952169282833e-05,4.7348253592621174e-05,4.7348253592621174e-05
endpoint_n512,36,7,7,AD|BC,AD|BC,4.7348269207576304e-05,4.7348269207576304e-05,892.5488996140494,6064477.138442225,6064477.138442225,4.7295220832044105e-05,4.734826140009874e-05,4.734826140009874e-05
endpoint_n512,37,7,9,AD|BC,A|BC|D,4.7348269207576304e-05,7.80747756594538e-12,892.5488996140494,1.0,892.5488996140494,4.7295220832044105e-05,0.0,4.7295220832044105e-05
endpoint_n512,38,7,13,AD|BC,AD|B|C,4.7348269207576304e-05,4.734826140009874e-05,892.5488996140494,6064476.138442226,6064476.138442226,4.7295220832044105e-05,4.7348253592621174e-05,4.7348253592621174e-05
endpoint_n1024,0,0,0,ABCD,ABCD,1.3050399768491458e-05,1.3050399768491458e-05,8354.877140410674,181781965.73354003,181781965.73354003,1.3048837758715711e-05,1.305039969669996e-05,1.305039969669996e-05
endpoint_n1024,1,0,1,ABCD,A|BCD,1.3050399768491458e-05,5.159788182436424e-07,8354.877140410674,7187185.490183681,7187185.490183681,1.3048837758715711e-05,5.159787464521436e-07,1.3048837758715711e-05
endpoint_n1024,2,0,2,ABCD,AB|CD,1.3050399768491458e-05,1.56200977574758e-09,8354.877140410674,21757.586937371143,21757.586937371143,1.3048837758715711e-05,1.5619379842488149e-09,1.3048837758715711e-05
endpoint_n1024,3,0,3,ABCD,ABC|D,1.3050399768491458e-05,5.159788182436391e-07,8354.877140410674,7187185.490183636,7187185.490183636,1.3048837758715711e-05,5.159787464521404e-07,1.3048837758715711e-05
endpoint_n1024,4,0,4,ABCD,ABD|C,1.3050399768491458e-05,1.3050399732595691e-05,8354.877140410674,181781965.2335398,181781965.2335398,1.3048837758715711e-05,1.3050399660804192e-05,1.3050399660804192e-05
endpoint_n1024,5,0,5,ABCD,AC|BD,1.3050399768491458e-05,1.0305195894552382e-06,8354.877140410674,14354340.09848328,14354340.09848328,1.3048837758715711e-05,1.0305195176637393e-06,1.3048837758715711e-05
endpoint_n1024,6,0,6,ABCD,ACD|B,1.3050399768491458e-05,1.3050399732595691e-05,8354.877140410674,181781965.2335398,181781965.2335398,1.3048837758715711e-05,1.3050399660804192e-05,1.3050399660804192e-05
endpoint_n1024,7,0,7,ABCD,AD|BC,1.3050399768491458e-05,1.3050399768491458e-05,8354.877140410674,181781965.73354003,181781965.73354003,1.3048837758715711e-05,1.305039969669996e-05,1.305039969669996e-05
endpoint_n1024,8,0,8,ABCD,A|B|CD,1.3050399768491458e-05,7.810048878737855e-10,8354.877140410674,10878.79346868551,10878.79346868551,1.3048837758715711e-05,7.809330963750204e-10,1.3048837758715711e-05
endpoint_n1024,9,0,9,ABCD,A|BC|D,1.3050399768491458e-05,7.179149876518014e-14,8354.877140410674,1.0,8354.877140410674,1.3048837758715711e-05,0.0,1.3048837758715711e-05
endpoint_n1024,10,0,10,ABCD,A|BD|C,1.3050399768491458e-05,5.152597947276159e-07,8354.877140410674,7177170.049241596,7177170.049241596,1.3048837758715711e-05,5.152597229361172e-07,1.3048837758715711e-05
endpoint_n1024,11,0,11,ABCD,AB|C|D,1.3050399768491458e-05,7.810048878737945e-10,8354.877140410674,10878.793468685635,10878.793468685635,1.3048837758715711e-05,7.809330963750294e-10,1.3048837758715711e-05
endpoint_n1024,12,0,12,ABCD,AC|B|D,1.3050399768491458e-05,5.152597947276223e-07,8354.877140410674,7177170.049241684,7177170.049241684,1.3048837758715711e-05,5.152597229361235e-07,1.3048837758715711e-05
endpoint_n1024,13,0,13,ABCD,AD|B|C,1.3050399768491458e-05,1.305039969669996e-05,8354.877140410674,181781964.73354003,181781964.73354003,1.3048837758715711e-05,1.305039962490846e-05,1.305039962490846e-05
endpoint_n1024,14,1,1,A|BCD,A|BCD,5.159788182436424e-07,5.159788182436424e-07,330.3300825993194,7187185.490183681,7187185.490183681,5.144168084678948e-07,5.159787464521436e-07,5.159787464521436e-07
endpoint_n1024,15,1,8,A|BCD,A|B|CD,5.159788182436424e-07,7.810048878737855e-10,330.3300825993194,10878.79346868551,10878.79346868551,5.144168084678948e-07,7.809330963750204e-10,5.144168084678948e-07
endpoint_n1024,16,1,9,A|BCD,A|BC|D,5.159788182436424e-07,7.179149876518014e-14,330.3300825993194,1.0,330.3300825993194,5.144168084678948e-07,0.0,5.144168084678948e-07
endpoint_n1024,17,1,10,A|BCD,A|BD|C,5.159788182436424e-07,5.152597947276159e-07,330.3300825993194,7177170.049241596,7177170.049241596,5.144168084678948e-07,5.152597229361172e-07,5.152597229361172e-07
endpoint_n1024,18,2,2,AB|CD,AB|CD,1.56200977574758e-09,1.56200977574758e-09,1.0,21757.586937371143,21757.586937371143,0.0,1.5619379842488149e-09,1.5619379842488149e-09
endpoint_n1024,19,2,8,AB|CD,A|B|CD,1.56200977574758e-09,7.810048878737855e-10,1.0,10878.79346868551,10878.79346868551,0.0,7.809330963750204e-10,7.809330963750204e-10
endpoint_n1024,20,2,11,AB|CD,AB|C|D,1.56200977574758e-09,7.810048878737945e-10,1.0,10878.793468685635,10878.793468685635,0.0,7.809330963750294e-10,7.809330963750294e-10
endpoint_n1024,21,3,3,ABC|D,ABC|D,5.159788182436391e-07,5.159788182436391e-07,330.3300825993173,7187185.490183636,7187185.490183636,5.144168084678916e-07,5.159787464521404e-07,5.159787464521404e-07
endpoint_n1024,22,3,9,ABC|D,A|BC|D,5.159788182436391e-07,7.179149876518014e-14,330.3300825993173,1.0,330.3300825993173,5.144168084678916e-07,0.0,5.144168084678916e-07
endpoint_n1024,23,3,11,ABC|D,AB|C|D,5.159788182436391e-07,7.810048878737945e-10,330.3300825993173,10878.793468685635,10878.793468685635,5.144168084678916e-07,7.809330963750294e-10,5.144168084678916e-07
endpoint_n1024,24,3,12,ABC|D,AC|B|D,5.159788182436391e-07,5.152597947276223e-07,330.3300825993173,7177170.049241684,7177170.049241684,5.144168084678916e-07,5.152597229361235e-07,5.152597229361235e-07
endpoint_n1024,25,4,4,ABD|C,ABD|C,1.3050399732595691e-05,1.3050399732595691e-05,8354.877117430173,181781965.2335398,181781965.2335398,1.3048837722819944e-05,1.3050399660804192e-05,1.3050399660804192e-05
endpoint_n1024,26,4,10,ABD|C,A|BD|C,1.3050399732595691e-05,5.152597947276159e-07,8354.877117430173,7177170.049241596,7177170.049241596,1.3048837722819944e-05,5.152597229361172e-07,1.3048837722819944e-05
endpoint_n1024,27,4,11,ABD|C,AB|C|D,1.3050399732595691e-05,7.810048878737945e-10,8354.877117430173,10878.793468685635,10878.793468685635,1.3048837722819944e-05,7.809330963750294e-10,1.3048837722819944e-05
endpoint_n1024,28,4,13,ABD|C,AD|B|C,1.3050399732595691e-05,1.305039969669996e-05,8354.877117430173,181781964.73354003,181781964.73354003,1.3048837722819944e-05,1.305039962490846e-05,1.305039962490846e-05
endpoint_n1024,29,5,5,AC|BD,AC|BD,1.0305195894552382e-06,1.0305195894552382e-06,659.7395262536243,14354340.09848328,14354340.09848328,1.0289575796794907e-06,1.0305195176637393e-06,1.0305195176637393e-06
endpoint_n1024,30,5,10,AC|BD,A|BD|C,1.0305195894552382e-06,5.152597947276159e-07,659.7395262536243,7177170.049241596,7177170.049241596,1.0289575796794907e-06,5.152597229361172e-07,1.0289575796794907e-06
endpoint_n1024,31,5,12,AC|BD,AC|B|D,1.0305195894552382e-06,5.152597947276223e-07,659.7395262536243,7177170.049241684,7177170.049241684,1.0289575796794907e-06,5.152597229361235e-07,1.0289575796794907e-06
endpoint_n1024,32,6,6,ACD|B,ACD|B,1.3050399732595691e-05,1.3050399732595691e-05,8354.877117430173,181781965.2335398,181781965.2335398,1.3048837722819944e-05,1.3050399660804192e-05,1.3050399660804192e-05
endpoint_n1024,33,6,8,ACD|B,A|B|CD,1.3050399732595691e-05,7.810048878737855e-10,8354.877117430173,10878.79346868551,10878.79346868551,1.3048837722819944e-05,7.809330963750204e-10,1.3048837722819944e-05
endpoint_n1024,34,6,12,ACD|B,AC|B|D,1.3050399732595691e-05,5.152597947276223e-07,8354.877117430173,7177170.049241684,7177170.049241684,1.3048837722819944e-05,5.152597229361235e-07,1.3048837722819944e-05
endpoint_n1024,35,6,13,ACD|B,AD|B|C,1.3050399732595691e-05,1.305039969669996e-05,8354.877117430173,181781964.73354003,181781964.73354003,1.3048837722819944e-05,1.305039962490846e-05,1.305039962490846e-05
endpoint_n1024,36,7,7,AD|BC,AD|BC,1.3050399768491458e-05,1.3050399768491458e-05,8354.877140410674,181781965.73354003,181781965.73354003,1.3048837758715711e-05,1.305039969669996e-05,1.305039969669996e-05
endpoint_n1024,37,7,9,AD|BC,A|BC|D,1.3050399768491458e-05,7.179149876518014e-14,8354.877140410674,1.0,8354.877140410674,1.3048837758715711e-05,0.0,1.3048837758715711e-05
endpoint_n1024,38,7,13,AD|BC,AD|B|C,1.3050399768491458e-05,1.305039969669996e-05,8354.877140410674,181781964.73354003,181781964.73354003,1.3048837758715711e-05,1.305039962490846e-05,1.305039962490846e-05
endpoint_n2048,0,0,0,ABCD,ABCD,3.582477962935695e-06,3.582477962935695e-06,82785.27832182214,5935111554.208913,5935111554.208913,3.5824346885995382e-06,3.5824779623320876e-06,3.5824779623320876e-06
endpoint_n2048,1,0,1,ABCD,A|BCD,3.582477962935695e-06,4.851536597081474e-08,82785.27832182214,80375681.89089374,80375681.89089374,3.5824346885995382e-06,4.851536536720722e-08,3.5824346885995382e-06
endpoint_n2048,2,0,2,ABCD,AB|CD,3.582477962935695e-06,4.327433615683522e-11,82785.27832182214,71692.83808090334,82785.27832182214,3.5824346885995382e-06,4.327373254931576e-11,3.5824346885995382e-06
endpoint_n2048,3,0,3,ABCD,ABC|D,3.582477962935695e-06,4.851536597081487e-08,82785.27832182214,80375681.89089397,80375681.89089397,3.5824346885995382e-06,4.851536536720735e-08,3.5824346885995382e-06
endpoint_n2048,4,0,4,ABCD,ABD|C,3.582477962935695e-06,3.5824779626338914e-06,82785.27832182214,5935111553.708913,5935111553.708913,3.5824346885995382e-06,3.582477962030284e-06,3.582477962030284e-06
endpoint_n2048,5,0,5,ABCD,AC|BD,3.582477962935695e-06,9.698863103342885e-08,82785.27832182214,160681614.9684551,160681614.9684551,3.5824346885995382e-06,9.698863042982133e-08,3.5824346885995382e-06
endpoint_n2048,6,0,6,ABCD,ACD|B,3.582477962935695e-06,3.5824779626338914e-06,82785.27832182214,5935111553.708913,5935111553.708913,3.5824346885995382e-06,3.582477962030284e-06,3.582477962030284e-06
endpoint_n2048,7,0,7,ABCD,AD|BC,3.582477962935695e-06,3.582477962935695e-06,82785.27832182214,5935111554.208913,5935111554.208913,3.5824346885995382e-06,3.5824779623320876e-06,3.5824779623320876e-06
endpoint_n2048,8,0,8,ABCD,A|B|CD,3.582477962935695e-06,2.163716807841808e-11,82785.27832182214,35846.41904045245,82785.27832182214,3.5824346885995382e-06,2.1636564470898623e-11,3.5824346885995382e-06
endpoint_n2048,9,0,9,ABCD,A|BC|D,3.582477962935695e-06,6.036075194568438e-16,82785.27832182214,1.0,82785.27832182214,3.5824346885995382e-06,0.0,3.5824346885995382e-06
endpoint_n2048,10,0,10,ABCD,A|BD|C,3.582477962935695e-06,4.849431551671432e-08,82785.27832182214,80340807.48422737,80340807.48422737,3.5824346885995382e-06,4.84943149131068e-08,3.5824346885995382e-06
endpoint_n2048,11,0,11,ABCD,AB|C|D,3.582477962935695e-06,2.163716807841714e-11,82785.27832182214,35846.4190404509,82785.27832182214,3.5824346885995382e-06,2.1636564470897686e-11,3.5824346885995382e-06
endpoint_n2048,12,0,12,ABCD,AC|B|D,3.582477962935695e-06,4.849431551671454e-08,82785.27832182214,80340807.48422773,80340807.48422773,3.5824346885995382e-06,4.849431491310702e-08,3.5824346885995382e-06
endpoint_n2048,13,0,13,ABCD,AD|B|C,3.582477962935695e-06,3.5824779623320876e-06,82785.27832182214,5935111553.208913,5935111553.208913,3.5824346885995382e-06,3.58247796172848e-06,3.58247796172848e-06
endpoint_n2048,14,1,1,A|BCD,A|BCD,4.851536597081474e-08,4.851536597081474e-08,1121.1117322513032,80375681.89089374,80375681.89089374,4.84720916346579e-08,4.851536536720722e-08,4.851536536720722e-08
endpoint_n2048,15,1,8,A|BCD,A|B|CD,4.851536597081474e-08,2.163716807841808e-11,1121.1117322513032,35846.41904045245,35846.41904045245,4.84720916346579e-08,2.1636564470898623e-11,4.84720916346579e-08
endpoint_n2048,16,1,9,A|BCD,A|BC|D,4.851536597081474e-08,6.036075194568438e-16,1121.1117322513032,1.0,1121.1117322513032,4.84720916346579e-08,0.0,4.84720916346579e-08
endpoint_n2048,17,1,10,A|BCD,A|BD|C,4.851536597081474e-08,4.849431551671432e-08,1121.1117322513032,80340807.48422737,80340807.48422737,4.84720916346579e-08,4.84943149131068e-08,4.84943149131068e-08
endpoint_n2048,18,2,2,AB|CD,AB|CD,4.327433615683522e-11,4.327433615683522e-11,1.0,71692.83808090334,71692.83808090334,0.0,4.327373254931576e-11,4.327373254931576e-11
endpoint_n2048,19,2,8,AB|CD,A|B|CD,4.327433615683522e-11,2.163716807841808e-11,1.0,35846.41904045245,35846.41904045245,0.0,2.1636564470898623e-11,2.1636564470898623e-11
endpoint_n2048,20,2,11,AB|CD,AB|C|D,4.327433615683522e-11,2.163716807841714e-11,1.0,35846.4190404509,35846.4190404509,0.0,2.1636564470897686e-11,2.1636564470897686e-11
endpoint_n2048,21,3,3,ABC|D,ABC|D,4.851536597081487e-08,4.851536597081487e-08,1121.1117322513062,80375681.89089397,80375681.89089397,4.8472091634658035e-08,4.851536536720735e-08,4.851536536720735e-08
endpoint_n2048,22,3,9,ABC|D,A|BC|D,4.851536597081487e-08,6.036075194568438e-16,1121.1117322513062,1.0,1121.1117322513062,4.8472091634658035e-08,0.0,4.8472091634658035e-08
endpoint_n2048,23,3,11,ABC|D,AB|C|D,4.851536597081487e-08,2.163716807841714e-11,1121.1117322513062,35846.4190404509,35846.4190404509,4.8472091634658035e-08,2.1636564470897686e-11,4.8472091634658035e-08
endpoint_n2048,24,3,12,ABC|D,AC|B|D,4.851536597081487e-08,4.849431551671454e-08,1121.1117322513062,80340807.48422773,80340807.48422773,4.8472091634658035e-08,4.849431491310702e-08,4.849431491310702e-08
endpoint_n2048,25,4,4,ABD|C,ABD|C,3.5824779626338914e-06,3.5824779626338914e-06,82785.27831484795,5935111553.708913,5935111553.708913,3.5824346882977345e-06,3.582477962030284e-06,3.582477962030284e-06
endpoint_n2048,26,4,10,ABD|C,A|BD|C,3.5824779626338914e-06,4.849431551671432e-08,82785.27831484795,80340807.48422737,80340807.48422737,3.5824346882977345e-06,4.84943149131068e-08,3.5824346882977345e-06
endpoint_n2048,27,4,11,ABD|C,AB|C|D,3.5824779626338914e-06,2.163716807841714e-11,82785.27831484795,35846.4190404509,82785.27831484795,3.5824346882977345e-06,2.1636564470897686e-11,3.5824346882977345e-06
endpoint_n2048,28,4,13,ABD|C,AD|B|C,3.5824779626338914e-06,3.5824779623320876e-06,82785.27831484795,5935111553.208913,5935111553.208913,3.5824346882977345e-06,3.58247796172848e-06,3.58247796172848e-06
endpoint_n2048,29,5,5,AC|BD,AC|BD,9.698863103342885e-08,9.698863103342885e-08,2241.2505805270316,160681614.9684551,160681614.9684551,9.694535669727201e-08,9.698863042982133e-08,9.698863042982133e-08
endpoint_n2048,30,5,10,AC|BD,A|BD|C,9.698863103342885e-08,4.849431551671432e-08,2241.2505805270316,80340807.48422737,80340807.48422737,9.694535669727201e-08,4.84943149131068e-08,9.694535669727201e-08
endpoint_n2048,31,5,12,AC|BD,AC|B|D,9.698863103342885e-08,4.849431551671454e-08,2241.2505805270316,80340807.48422773,80340807.48422773,9.694535669727201e-08,4.849431491310702e-08,9.694535669727201e-08
endpoint_n2048,32,6,6,ACD|B,ACD|B,3.5824779626338914e-06,3.5824779626338914e-06,82785.27831484795,5935111553.708913,5935111553.708913,3.5824346882977345e-06,3.582477962030284e-06,3.582477962030284e-06
endpoint_n2048,33,6,8,ACD|B,A|B|CD,3.5824779626338914e-06,2.163716807841808e-11,82785.27831484795,35846.41904045245,82785.27831484795,3.5824346882977345e-06,2.1636564470898623e-11,3.5824346882977345e-06
endpoint_n2048,34,6,12,ACD|B,AC|B|D,3.5824779626338914e-06,4.849431551671454e-08,82785.27831484795,80340807.48422773,80340807.48422773,3.5824346882977345e-06,4.849431491310702e-08,3.5824346882977345e-06
endpoint_n2048,35,6,13,ACD|B,AD|B|C,3.5824779626338914e-06,3.5824779623320876e-06,82785.27831484795,5935111553.208913,5935111553.208913,3.5824346882977345e-06,3.58247796172848e-06,3.58247796172848e-06
endpoint_n2048,36,7,7,AD|BC,AD|BC,3.582477962935695e-06,3.582477962935695e-06,82785.27832182214,5935111554.208913,5935111554.208913,3.5824346885995382e-06,3.5824779623320876e-06,3.5824779623320876e-06
endpoint_n2048,37,7,9,AD|BC,A|BC|D,3.582477962935695e-06,6.036075194568438e-16,82785.27832182214,1.0,82785.27832182214,3.5824346885995382e-06,0.0,3.5824346885995382e-06
endpoint_n2048,38,7,13,AD|BC,AD|B|C,3.582477962935695e-06,3.5824779623320876e-06,82785.27832182214,5935111553.208913,5935111553.208913,3.5824346885995382e-06,3.58247796172848e-06,3.58247796172848e-06
endpoint_n4096,0,0,0,ABCD,ABCD,9.772534719981606e-07,9.772534719981606e-07,856906.397861339,206368059088.27924,206368059088.27924,9.772523315544967e-07,9.77253471993425e-07,9.77253471993425e-07
endpoint_n4096,1,0,1,ABCD,A|BCD,9.772534719981606e-07,4.334173910494446e-09,856906.397861339,915253906.2675028,915253906.2675028,9.772523315544967e-07,4.334173905758958e-09,9.772523315544967e-07
endpoint_n4096,2,0,2,ABCD,AB|CD,9.772534719981606e-07,1.1404436639021285e-12,856906.397861339,240829.1729450628,856906.397861339,9.772523315544967e-07,1.1404389284141063e-12,9.772523315544967e-07
endpoint_n4096,3,0,3,ABCD,ABC|D,9.772534719981606e-07,4.334173910494504e-09,856906.397861339,915253906.2675151,915253906.2675151,9.772523315544967e-07,4.334173905759016e-09,9.772523315544967e-07
endpoint_n4096,4,0,4,ABCD,ABD|C,9.772534719981606e-07,9.77253471995793e-07,856906.397861339,206368059087.77924,206368059087.77924,9.772523315544967e-07,9.772534719910574e-07,9.772534719910574e-07
endpoint_n4096,5,0,5,ABCD,AC|BD,9.772534719981606e-07,8.667217496369374e-09,856906.397861339,1830269120.2156088,1830269120.2156088,9.772523315544967e-07,8.667217491633886e-09,9.772523315544967e-07
endpoint_n4096,6,0,6,ABCD,ACD|B,9.772534719981606e-07,9.77253471995793e-07,856906.397861339,206368059087.77924,206368059087.77924,9.772523315544967e-07,9.772534719910574e-07,9.772534719910574e-07
endpoint_n4096,7,0,7,ABCD,AD|BC,9.772534719981606e-07,9.772534719981608e-07,856906.397861339,206368059088.27927,206368059088.27927,9.772523315544967e-07,9.772534719934253e-07,9.772534719934253e-07
endpoint_n4096,8,0,8,ABCD,A|B|CD,9.772534719981606e-07,5.702218319510763e-13,856906.397861339,120414.58647253393,856906.397861339,9.772523315544967e-07,5.70217096463054e-13,9.772523315544967e-07
endpoint_n4096,9,0,9,ABCD,A|BC|D,9.772534719981606e-07,4.73548802230153e-18,856906.397861339,1.0,856906.397861339,9.772523315544967e-07,0.0,9.772523315544967e-07
endpoint_n4096,10,0,10,ABCD,A|BD|C,9.772534719981606e-07,4.333608748184662e-09,856906.397861339,915134560.1077992,915134560.1077992,9.772523315544967e-07,4.333608743449174e-09,9.772523315544967e-07
endpoint_n4096,11,0,11,ABCD,AB|C|D,9.772534719981606e-07,5.702218319510522e-13,856906.397861339,120414.58647252887,856906.397861339,9.772523315544967e-07,5.702170964630299e-13,9.772523315544967e-07
endpoint_n4096,12,0,12,ABCD,AC|B|D,9.772534719981606e-07,4.333608748184711e-09,856906.397861339,915134560.1078095,915134560.1078095,9.772523315544967e-07,4.333608743449223e-09,9.772523315544967e-07
endpoint_n4096,13,0,13,ABCD,AD|B|C,9.772534719981606e-07,9.772534719934253e-07,856906.397861339,206368059087.27927,206368059087.27927,9.772523315544967e-07,9.772534719886897e-07,9.772534719886897e-07
endpoint_n4096,14,1,1,A|BCD,A|BCD,4.334173910494446e-09,4.334173910494446e-09,3800.4278928296103,915253906.2675028,915253906.2675028,4.333033466830544e-09,4.334173905758958e-09,4.334173905758958e-09
endpoint_n4096,15,1,8,A|BCD,A|B|CD,4.334173910494446e-09,5.702218319510763e-13,3800.4278928296103,120414.58647253393,120414.58647253393,4.333033466830544e-09,5.70217096463054e-13,4.333033466830544e-09
endpoint_n4096,16,1,9,A|BCD,A|BC|D,4.334173910494446e-09,4.73548802230153e-18,3800.4278928296103,1.0,3800.4278928296103,4.333033466830544e-09,0.0,4.333033466830544e-09
endpoint_n4096,17,1,10,A|BCD,A|BD|C,4.334173910494446e-09,4.333608748184662e-09,3800.4278928296103,915134560.1077992,915134560.1077992,4.333033466830544e-09,4.333608743449174e-09,4.333608743449174e-09
endpoint_n4096,18,2,2,AB|CD,AB|CD,1.1404436639021285e-12,1.1404436639021285e-12,1.0,240829.1729450628,240829.1729450628,0.0,1.1404389284141063e-12,1.1404389284141063e-12
endpoint_n4096,19,2,8,AB|CD,A|B|CD,1.1404436639021285e-12,5.702218319510763e-13,1.0,120414.58647253393,120414.58647253393,0.0,5.70217096463054e-13,5.70217096463054e-13
endpoint_n4096,20,2,11,AB|CD,AB|C|D,1.1404436639021285e-12,5.702218319510522e-13,1.0,120414.58647252887,120414.58647252887,0.0,5.702170964630299e-13,5.702170964630299e-13
endpoint_n4096,21,3,3,ABC|D,ABC|D,4.334173910494504e-09,4.334173910494504e-09,3800.427892829661,915253906.2675151,915253906.2675151,4.333033466830602e-09,4.334173905759016e-09,4.334173905759016e-09
endpoint_n4096,22,3,9,ABC|D,A|BC|D,4.334173910494504e-09,4.73548802230153e-18,3800.427892829661,1.0,3800.427892829661,4.333033466830602e-09,0.0,4.333033466830602e-09
endpoint_n4096,23,3,11,ABC|D,AB|C|D,4.334173910494504e-09,5.702218319510522e-13,3800.427892829661,120414.58647252887,120414.58647252887,4.333033466830602e-09,5.702170964630299e-13,4.333033466830602e-09
endpoint_n4096,24,3,12,ABC|D,AC|B|D,4.334173910494504e-09,4.333608748184711e-09,3800.427892829661,915134560.1078095,915134560.1078095,4.333033466830602e-09,4.333608743449223e-09,4.333608743449223e-09
endpoint_n4096,25,4,4,ABD|C,ABD|C,9.77253471995793e-07,9.77253471995793e-07,856906.397859263,206368059087.77924,206368059087.77924,9.77252331552129e-07,9.772534719910574e-07,9.772534719910574e-07
endpoint_n4096,26,4,10,ABD|C,A|BD|C,9.77253471995793e-07,4.333608748184662e-09,856906.397859263,915134560.1077992,915134560.1077992,9.77252331552129e-07,4.333608743449174e-09,9.77252331552129e-07
endpoint_n4096,27,4,11,ABD|C,AB|C|D,9.77253471995793e-07,5.702218319510522e-13,856906.397859263,120414.58647252887,856906.397859263,9.77252331552129e-07,5.702170964630299e-13,9.77252331552129e-07
endpoint_n4096,28,4,13,ABD|C,AD|B|C,9.77253471995793e-07,9.772534719934253e-07,856906.397859263,206368059087.27927,206368059087.27927,9.77252331552129e-07,9.772534719886897e-07,9.772534719886897e-07
endpoint_n4096,29,5,5,AC|BD,AC|BD,8.667217496369374e-09,8.667217496369374e-09,7599.864658560797,1830269120.2156088,1830269120.2156088,8.666077052705471e-09,8.667217491633886e-09,8.667217491633886e-09
endpoint_n4096,30,5,10,AC|BD,A|BD|C,8.667217496369374e-09,4.333608748184662e-09,7599.864658560797,915134560.1077992,915134560.1077992,8.666077052705471e-09,4.333608743449174e-09,8.666077052705471e-09
endpoint_n4096,31,5,12,AC|BD,AC|B|D,8.667217496369374e-09,4.333608748184711e-09,7599.864658560797,915134560.1078095,915134560.1078095,8.666077052705471e-09,4.333608743449223e-09,8.666077052705471e-09
endpoint_n4096,32,6,6,ACD|B,ACD|B,9.77253471995793e-07,9.77253471995793e-07,856906.397859263,206368059087.77924,206368059087.77924,9.77252331552129e-07,9.772534719910574e-07,9.772534719910574e-07
endpoint_n4096,33,6,8,ACD|B,A|B|CD,9.77253471995793e-07,5.702218319510763e-13,856906.397859263,120414.58647253393,856906.397859263,9.77252331552129e-07,5.70217096463054e-13,9.77252331552129e-07
endpoint_n4096,34,6,12,ACD|B,AC|B|D,9.77253471995793e-07,4.333608748184711e-09,856906.397859263,915134560.1078095,915134560.1078095,9.77252331552129e-07,4.333608743449223e-09,9.77252331552129e-07
endpoint_n4096,35,6,13,ACD|B,AD|B|C,9.77253471995793e-07,9.772534719934253e-07,856906.397859263,206368059087.27927,206368059087.27927,9.77252331552129e-07,9.772534719886897e-07,9.772534719886897e-07
endpoint_n4096,36,7,7,AD|BC,AD|BC,9.772534719981608e-07,9.772534719981608e-07,856906.3978613393,206368059088.27927,206368059088.27927,9.77252331554497e-07,9.772534719934253e-07,9.772534719934253e-07
endpoint_n4096,37,7,9,AD|BC,A|BC|D,9.772534719981608e-07,4.73548802230153e-18,856906.3978613393,1.0,856906.3978613393,9.77252331554497e-07,0.0,9.77252331554497e-07
endpoint_n4096,38,7,13,AD|BC,AD|B|C,9.772534719981608e-07,9.772534719934253e-07,856906.3978613393,206368059087.27927,206368059087.27927,9.77252331554497e-07,9.772534719886897e-07,9.772534719886897e-07
endpoint_n8192,0,0,0,ABCD,ABCD,2.6488064020845356e-07,2.6488064020845356e-07,9190474.404466106,7545127487457.09,7545127487457.09,2.648806113872384e-07,2.6488064020841846e-07,2.6488064020841846e-07
endpoint_n8192,1,0,1,ABCD,A|BCD,2.6488064020845356e-07,3.7423556038870433e-10,9190474.404466106,10660103400.726397,10660103400.726397,2.648806113872384e-07,3.7423556035359817e-10,2.648806113872384e-07
endpoint_n8192,2,0,2,ABCD,AB|CD,2.6488064020845356e-07,2.882121515726489e-14,9190474.404466106,820972.5804568413,9190474.404466106,2.648806113872384e-07,2.8821180051080056e-14,2.648806113872384e-07
endpoint_n8192,3,0,3,ABCD,ABC|D,2.6488064020845356e-07,3.7423556038870774e-10,9190474.404466106,10660103400.726494,10660103400.726494,2.648806113872384e-07,3.742355603536016e-10,2.648806113872384e-07
endpoint_n8192,4,0,4,ABCD,ABD|C,2.6488064020845356e-07,2.6488064020843603e-07,9190474.404466106,7545127487456.591,7545127487456.591,2.648806113872384e-07,2.6488064020840093e-07,2.6488064020840093e-07
endpoint_n8192,5,0,5,ABCD,AC|BD,2.6488064020845356e-07,7.484423810056068e-10,9190474.404466106,21319388148.787067,21319388148.787067,2.648806113872384e-07,7.484423809705006e-10,2.648806113872384e-07
endpoint_n8192,6,0,6,ABCD,ACD|B,2.6488064020845356e-07,2.6488064020843603e-07,9190474.404466106,7545127487456.591,7545127487456.591,2.648806113872384e-07,2.6488064020840093e-07,2.6488064020840093e-07
endpoint_n8192,7,0,7,ABCD,AD|BC,2.6488064020845356e-07,2.6488064020845356e-07,9190474.404466106,7545127487457.09,7545127487457.09,2.648806113872384e-07,2.6488064020841846e-07,2.6488064020841846e-07
endpoint_n8192,8,0,8,ABCD,A|B|CD,2.6488064020845356e-07,1.441060757863109e-14,9190474.404466106,410486.290228382,9190474.404466106,2.648806113872384e-07,1.441057247244625e-14,2.648806113872384e-07
endpoint_n8192,9,0,9,ABCD,A|BC|D,2.6488064020845356e-07,3.51061848389954e-20,9190474.404466106,1.0,9190474.404466106,2.648806113872384e-07,0.0,2.648806113872384e-07
endpoint_n8192,10,0,10,ABCD,A|BD|C,2.6488064020845356e-07,3.7422119050280913e-10,9190474.404466106,10659694074.393698,10659694074.393698,2.648806113872384e-07,3.7422119046770297e-10,2.648806113872384e-07
endpoint_n8192,11,0,11,ABCD,AB|C|D,2.6488064020845356e-07,1.4410607578633803e-14,9190474.404466106,410486.2902284593,9190474.404466106,2.648806113872384e-07,1.4410572472448963e-14,2.648806113872384e-07
endpoint_n8192,12,0,12,ABCD,AC|B|D,2.6488064020845356e-07,3.742211905027976e-10,9190474.404466106,10659694074.39337,10659694074.39337,2.648806113872384e-07,3.7422119046769144e-10,2.648806113872384e-07
endpoint_n8192,13,0,13,ABCD,AD|B|C,2.6488064020845356e-07,2.6488064020841846e-07,9190474.404466106,7545127487456.09,7545127487456.09,2.648806113872384e-07,2.6488064020838336e-07,2.6488064020838336e-07
endpoint_n8192,14,1,1,A|BCD,A|BCD,3.7423556038870433e-10,3.7423556038870433e-10,12984.725256956131,10660103400.726397,10660103400.726397,3.7420673917354705e-10,3.7423556035359817e-10,3.7423556035359817e-10
endpoint_n8192,15,1,8,A|BCD,A|B|CD,3.7423556038870433e-10,1.441060757863109e-14,12984.725256956131,410486.290228382,410486.290228382,3.7420673917354705e-10,1.441057247244625e-14,3.7420673917354705e-10
endpoint_n8192,16,1,9,A|BCD,A|BC|D,3.7423556038870433e-10,3.51061848389954e-20,12984.725256956131,1.0,12984.725256956131,3.7420673917354705e-10,0.0,3.7420673917354705e-10
endpoint_n8192,17,1,10,A|BCD,A|BD|C,3.7423556038870433e-10,3.7422119050280913e-10,12984.725256956131,10659694074.393698,10659694074.393698,3.7420673917354705e-10,3.7422119046770297e-10,3.7422119046770297e-10
endpoint_n8192,18,2,2,AB|CD,AB|CD,2.882121515726489e-14,2.882121515726489e-14,1.0,820972.5804568413,820972.5804568413,0.0,2.8821180051080056e-14,2.8821180051080056e-14
endpoint_n8192,19,2,8,AB|CD,A|B|CD,2.882121515726489e-14,1.441060757863109e-14,1.0,410486.290228382,410486.290228382,0.0,1.441057247244625e-14,1.441057247244625e-14
endpoint_n8192,20,2,11,AB|CD,AB|C|D,2.882121515726489e-14,1.4410607578633803e-14,1.0,410486.2902284593,410486.2902284593,0.0,1.4410572472448963e-14,1.4410572472448963e-14
endpoint_n8192,21,3,3,ABC|D,ABC|D,3.7423556038870774e-10,3.7423556038870774e-10,12984.72525695625,10660103400.726494,10660103400.726494,3.7420673917355046e-10,3.742355603536016e-10,3.742355603536016e-10
endpoint_n8192,22,3,9,ABC|D,A|BC|D,3.7423556038870774e-10,3.51061848389954e-20,12984.72525695625,1.0,12984.72525695625,3.7420673917355046e-10,0.0,3.7420673917355046e-10
endpoint_n8192,23,3,11,ABC|D,AB|C|D,3.7423556038870774e-10,1.4410607578633803e-14,12984.72525695625,410486.2902284593,410486.2902284593,3.7420673917355046e-10,1.4410572472448963e-14,3.7420673917355046e-10
endpoint_n8192,24,3,12,ABC|D,AC|B|D,3.7423556038870774e-10,3.742211905027976e-10,12984.72525695625,10659694074.39337,10659694074.39337,3.7420673917355046e-10,3.7422119046769144e-10,3.7422119046769144e-10
endpoint_n8192,25,4,4,ABD|C,ABD|C,2.6488064020843603e-07,2.6488064020843603e-07,9190474.404465498,7545127487456.591,7545127487456.591,2.6488061138722087e-07,2.6488064020840093e-07,2.6488064020840093e-07
endpoint_n8192,26,4,10,ABD|C,A|BD|C,2.6488064020843603e-07,3.7422119050280913e-10,9190474.404465498,10659694074.393698,10659694074.393698,2.6488061138722087e-07,3.7422119046770297e-10,2.6488061138722087e-07
endpoint_n8192,27,4,11,ABD|C,AB|C|D,2.6488064020843603e-07,1.4410607578633803e-14,9190474.404465498,410486.2902284593,9190474.404465498,2.6488061138722087e-07,1.4410572472448963e-14,2.6488061138722087e-07
endpoint_n8192,28,4,13,ABD|C,AD|B|C,2.6488064020843603e-07,2.6488064020841846e-07,9190474.404465498,7545127487456.09,7545127487456.09,2.6488061138722087e-07,2.6488064020838336e-07,2.6488064020838336e-07
endpoint_n8192,29,5,5,AC|BD,AC|BD,7.484423810056068e-10,7.484423810056068e-10,25968.453339724947,21319388148.787067,21319388148.787067,7.484135597904496e-10,7.484423809705006e-10,7.484423809705006e-10
endpoint_n8192,30,5,10,AC|BD,A|BD|C,7.484423810056068e-10,3.7422119050280913e-10,25968.453339724947,10659694074.393698,10659694074.393698,7.484135597904496e-10,3.7422119046770297e-10,7.484135597904496e-10
endpoint_n8192,31,5,12,AC|BD,AC|B|D,7.484423810056068e-10,3.742211905027976e-10,25968.453339724947,10659694074.39337,10659694074.39337,7.484135597904496e-10,3.7422119046769144e-10,7.484135597904496e-10
endpoint_n8192,32,6,6,ACD|B,ACD|B,2.6488064020843603e-07,2.6488064020843603e-07,9190474.404465498,7545127487456.591,7545127487456.591,2.6488061138722087e-07,2.6488064020840093e-07,2.6488064020840093e-07
endpoint_n8192,33,6,8,ACD|B,A|B|CD,2.6488064020843603e-07,1.441060757863109e-14,9190474.404465498,410486.290228382,9190474.404465498,2.6488061138722087e-07,1.441057247244625e-14,2.6488061138722087e-07
endpoint_n8192,34,6,12,ACD|B,AC|B|D,2.6488064020843603e-07,3.742211905027976e-10,9190474.404465498,10659694074.39337,10659694074.39337,2.6488061138722087e-07,3.7422119046769144e-10,2.6488061138722087e-07
endpoint_n8192,35,6,13,ACD|B,AD|B|C,2.6488064020843603e-07,2.6488064020841846e-07,9190474.404465498,7545127487456.09,7545127487456.09,2.6488061138722087e-07,2.6488064020838336e-07,2.6488064020838336e-07
endpoint_n8192,36,7,7,AD|BC,AD|BC,2.6488064020845356e-07,2.6488064020845356e-07,9190474.404466106,7545127487457.09,7545127487457.09,2.648806113872384e-07,2.6488064020841846e-07,2.6488064020841846e-07
endpoint_n8192,37,7,9,AD|BC,A|BC|D,2.6488064020845356e-07,3.51061848389954e-20,9190474.404466106,1.0,9190474.404466106,2.648806113872384e-07,0.0,2.648806113872384e-07
endpoint_n8192,38,7,13,AD|BC,AD|B|C,2.6488064020845356e-07,2.6488064020841846e-07,9190474.404466106,7545127487456.09,7545127487456.09,2.648806113872384e-07,2.6488064020838336e-07,2.6488064020838336e-07
