candidate_id,source_file,source_sha256,max_raw_cell_relative_difference,new_rho,old_rho,rho_relative_difference,old_opt2_raw,new_opt2_raw,old_opt3_raw,new_opt3_raw,old_saved_opt2_normalized,new_unit_amplitude_opt2,old_saved_opt3_normalized,new_unit_amplitude_opt3,old_saved_to_new_risk_factor,note
interior_v1_n2048,phase8_research_work/research/experiments/raw/finite_degree.json,c2b9725cb067054f0323b9f5a7982e512b7da1c80abc81a4411098faa43ea0f3,1.0176082892289128e-13,7.266445768627272,7.266445768627746,6.52811138479592e-14,0.03333193541249533,0.033331935412494115,0.0017741337489044907,0.0017741337489044914,1.6669061923481373e-05,0.007885316459474087,8.872315680157252e-07,0.0004197057830101639,473.0510028501484,Old normalization was a curvature upper bound; new losses have actual outcome-wise maximum amplitude exactly one.
interior_v1_n4096,phase8_research_work/research/experiments/raw/finite_degree.json,c2b9725cb067054f0323b9f5a7982e512b7da1c80abc81a4411098faa43ea0f3,1.7518685580861012e-13,14.102308272442684,14.10230827243995,1.9384494009955233e-13,0.017301319936284178,0.01730131993628385,0.000527841445955055,0.0005278414459550551,4.520935807442955e-06,0.004253484687816098,1.3792804840664602e-07,0.0001297684521315646,940.841646283377,Old normalization was a curvature upper bound; new losses have actual outcome-wise maximum amplitude exactly one.
interior_v1_n8192,phase8_research_work/research/experiments/raw/finite_degree.json,c2b9725cb067054f0323b9f5a7982e512b7da1c80abc81a4411098faa43ea0f3,7.148013004955683e-13,27.029001813423598,27.029001813407078,6.112887973586112e-13,0.009109460358640374,0.009109460358641316,0.00015487014646945184,0.00015487014646945195,1.239189824791062e-06,0.002266134479141796,2.1067494902353365e-08,3.852660474791403e-05,1828.7226329702037,Old normalization was a curvature upper bound; new losses have actual outcome-wise maximum amplitude exactly one.
endpoint_n128,phase8_research_work/research/experiments/raw/endpoint_polynomial.json,69d6a9b90654375ca0c33cbede34507d4f59d8fdc552ae8866426634502358a8,1.1649013166396555e-14,5.278638923481828,5.27863892348186,6.106226635438361e-15,4.603115531080835e-05,4.6031155310808295e-05,5.758859925763132e-08,5.758859925763131e-08,1.3452441300250767e-08,4.6018993416908426e-05,1.683006315713838e-11,5.757338377087491e-08,3420.865580439335,Old normalization was a curvature upper bound; new losses have actual outcome-wise maximum amplitude exactly one.
endpoint_n256,phase8_research_work/research/experiments/raw/endpoint_polynomial.json,69d6a9b90654375ca0c33cbede34507d4f59d8fdc552ae8866426634502358a8,3.5964738622577143e-13,24.59855683051288,24.598556830502744,4.121147867408581e-13,1.665109539633214e-06,1.6651095396329148e-06,7.470366619267147e-10,7.470366619267145e-10,1.3929003964651702e-10,1.6650626213108524e-06,6.249124383738426e-14,7.470156124366585e-10,11953.92452709728,Old normalization was a curvature upper bound; new losses have actual outcome-wise maximum amplitude exactly one.
endpoint_n512,phase8_research_work/research/experiments/raw/endpoint_polynomial.json,69d6a9b90654375ca0c33cbede34507d4f59d8fdc552ae8866426634502358a8,1.1769314243332377e-13,94.56024927567394,94.5602492756769,3.1308289294429414e-14,5.304852518129417e-08,5.30485251812939e-08,7.807499590784904e-12,7.807499590784902e-12,1.249736119028936e-12,5.304837553219813e-08,1.8393186624061189e-16,7.80747756594538e-12,42447.66132983139,Old normalization was a curvature upper bound; new losses have actual outcome-wise maximum amplitude exactly one.
endpoint_n1024,phase8_research_work/research/experiments/raw/endpoint_polynomial.json,69d6a9b90654375ca0c33cbede34507d4f59d8fdc552ae8866426634502358a8,4.432555912107774e-12,330.3300825993173,330.33008260002816,2.1520563109334034e-12,1.5620101954991334e-09,1.5620101955024421e-09,7.179151805752462e-14,7.179151805752462e-14,1.0232291202863994e-14,1.56200977574758e-09,4.702861228287471e-19,7.179149876518014e-14,152654.93766541526,Old normalization was a curvature upper bound; new losses have actual outcome-wise maximum amplitude exactly one.
endpoint_n2048,phase8_research_work/research/experiments/raw/endpoint_polynomial.json,69d6a9b90654375ca0c33cbede34507d4f59d8fdc552ae8866426634502358a8,3.114324762789937e-11,1121.1117322513032,1121.111732199638,4.608380343995577e-11,4.327433722163546e-11,4.327433722096148e-11,6.036075342996968e-16,6.036075342996968e-16,7.802131338649855e-17,4.327433615683522e-11,1.0882720711549812e-21,6.036075194568438e-16,554647.6248414932,Old normalization was a curvature upper bound; new losses have actual outcome-wise maximum amplitude exactly one.
endpoint_n4096,phase8_research_work/research/experiments/raw/endpoint_polynomial.json,69d6a9b90654375ca0c33cbede34507d4f59d8fdc552ae8866426634502358a8,5.7460298627562135e-11,3800.4278928296103,3800.4278927246946,2.7606361641119292e-11,1.1404436663517488e-12,1.140443666384523e-12,4.7354880326092284e-18,4.7354880326092284e-18,5.611575514815368e-19,1.1404436639021285e-12,2.3301062102873763e-24,4.73548802230153e-18,2032305.6526481607,Old normalization was a curvature upper bound; new losses have actual outcome-wise maximum amplitude exactly one.
endpoint_n8192,phase8_research_work/research/experiments/raw/endpoint_polynomial.json,69d6a9b90654375ca0c33cbede34507d4f59d8fdc552ae8866426634502358a8,2.1383422263344857e-10,12984.725256956131,12984.725258329005,1.0572986930412753e-10,2.882121515961903e-14,2.882121516266544e-14,3.510618484557363e-20,3.510618484557363e-20,3.843070752997366e-21,2.882121515726489e-14,4.6811194976390694e-27,3.51061848389954e-20,7499527.593861254,Old normalization was a curvature upper bound; new losses have actual outcome-wise maximum amplitude exactly one.
