candidate_id,A_unscaled_composed_generator,loss0_max_unscaled,loss1_max_unscaled,loss0_max_normalized,loss1_max_normalized,cost_scale_from_raw_generator,full_raw_curvature_integral,symmetry_relative_error,canonical_report_domain,raw_full_report_domain,affine_raw_coordinate_slope,affine_raw_coordinate_shift,raw_curvature_constant,scaled_kernel_normalizer,log_kernel_normalizer,log_kernel_peak,pointwise_oscillatory_tail_density_upper
interior_v1_n2048,4.227089119859775,4.227089119859775,4.227089119859775,1.0,1.0,0.23656941494367476,2.1135445599298874,0.0,"[0.0, 1.0]","[-1.5, 2.5]",4.0,-1.5,0.028386139982471862,0.016006606174090308,80.74007440427678,84.87482816035241,8.610556439825852e-36
interior_v1_n4096,4.067563705082247,4.067563705082247,4.067563705082246,1.0,0.9999999999999998,0.24584740953178996,2.0337818525411233,2.1835636368531471e-16,"[0.0, 1.0]","[-1.5, 2.5]",4.0,-1.5,0.008445463135280882,0.008362081898156456,87.9339221466574,92.717969998666,6.468191057164003e-39
interior_v1_n8192,4.0198233787480895,4.019823378748089,4.0198233787480895,0.9999999999999998,1.0,0.24876714864806676,2.0099116893740447,2.2094961295954608e-16,"[0.0, 1.0]","[-1.5, 2.5]",4.0,-1.5,0.002477922343511231,0.004353088624212638,95.12351843926497,100.56038809654291,4.8795620231603035e-42
endpoint_n128,1.000264279876565,1.000264279876565,1.000264279876565,1.0,1.0,0.9997357899488346,2.00052855975313,0.0,"[0.0, 1.0]","[0.0, 1.0]",1.0,0.0,0.000528559753129943,0.000584492971658573,69.40470263003547,76.84946843169615,7.209757037786787e-31
endpoint_n256,1.00002817811262,1.00002817811262,1.00002817811262,1.0,1.0,0.9999718226813638,2.00005635622524,0.0,"[0.0, 1.0]","[0.0, 1.0]",1.0,0.0,5.6356225240010597e-05,0.0001673043568459376,78.8638706876707,87.55956659586569,5.621550789994173e-35
endpoint_n512,1.000002820992995,1.000002820992995,1.000002820992995,1.0,1.0,0.999997179014963,2.0000056419859895,0.0,"[0.0, 1.0]","[0.0, 1.0]",1.0,0.0,5.641985989375451e-06,4.7116714929368115e-05,88.54315803268442,98.50604077085438,3.517183734959546e-39
endpoint_n1024,1.0000002687274232,1.0000002687274232,1.0000002687274232,1.0,1.0,0.999999731272649,2.0000005374548464,0.0,"[0.0, 1.0]","[0.0, 1.0]",1.0,0.0,5.374548458100377e-07,1.3101439711970132e-05,98.3015796392876,109.5443680714064,2.033135859378403e-43
endpoint_n2048,1.0000000245902387,1.0000000245902387,1.0000000245902387,1.0,1.0,0.9999999754097618,2.000000049180478,0.0,"[0.0, 1.0]","[0.0, 1.0]",1.0,0.0,4.9180477484404766e-08,3.6058929331188702e-06,108.0836875552028,120.61662868014153,1.1477595394147384e-47
endpoint_n4096,1.000000002176692,1.000000002176692,1.000000002176692,1.0,1.0,0.9999999978233081,2.000000004353384,0.0,"[0.0, 1.0]","[0.0, 1.0]",1.0,0.0,4.353384251061303e-09,9.841039378608464e-07,117.86935707918377,131.7008913967488,6.4563733324734634e-52
endpoint_n8192,1.000000000187381,1.000000000187381,1.000000000187381,1.0,1.0,0.999999999812619,2.000000000374762,0.0,"[0.0, 1.0]","[0.0, 1.0]",1.0,0.0,3.747619104292109e-10,2.666834643689221e-07,127.65204614525473,142.78924955380174,3.6426777704477385e-56
