candidate_id,partition_id,partition,cells,cell_count,cost_raw,cost_normalized
interior_v1_n2048,0,ABCD,"[[0, 1, 2, 3]]",1,0.4879576695743598,0.11543586040848526
interior_v1_n2048,1,A|BCD,"[[0], [1, 2, 3]]",2,0.2422047010382754,0.05729822442123247
interior_v1_n2048,2,AB|CD,"[[0, 1], [2, 3]]",2,0.033331935412494115,0.007885316459474087
interior_v1_n2048,3,ABC|D,"[[0, 1, 2], [3]]",2,0.24220470103827538,0.05729822442123246
interior_v1_n2048,4,ABD|C,"[[0, 1, 3], [2]]",2,0.4867749137417568,0.11515605655314515
interior_v1_n2048,5,AC|BD,"[[0, 2], [1, 3]]",2,0.4844094020765508,0.11459644884246493
interior_v1_n2048,6,ACD|B,"[[0, 2, 3], [1]]",2,0.4867749137417568,0.11515605655314515
interior_v1_n2048,7,AD|BC,"[[0, 3], [1, 2]]",2,0.4879576695743598,0.11543586040848526
interior_v1_n2048,8,A|B|CD,"[[0], [1], [2, 3]]",3,0.01666596770624705,0.003942658229737042
interior_v1_n2048,9,A|BC|D,"[[0], [1, 2], [3]]",3,0.0017741337489044914,0.0004197057830101639
interior_v1_n2048,10,A|BD|C,"[[0], [1, 3], [2]]",3,0.2422047010382754,0.05729822442123247
interior_v1_n2048,11,AB|C|D,"[[0, 1], [2], [3]]",3,0.016665967706247068,0.003942658229737046
interior_v1_n2048,12,AC|B|D,"[[0, 2], [1], [3]]",3,0.24220470103827538,0.05729822442123246
interior_v1_n2048,13,AD|B|C,"[[0, 3], [1], [2]]",3,0.4861835358254553,0.1150161546254751
interior_v1_n2048,14,A|B|C|D,"[[0], [1], [2], [3]]",4,0.0,0.0
interior_v1_n4096,0,ABCD,"[[0, 1, 2, 3]]",1,0.4890327774151768,0.12022744150365766
interior_v1_n4096,1,A|BCD,"[[0], [1, 2, 3]]",2,0.2439885472616333,0.05998395229969725
interior_v1_n4096,2,AB|CD,"[[0, 1], [2, 3]]",2,0.01730131993628385,0.004253484687816098
interior_v1_n4096,3,ABC|D,"[[0, 1, 2], [3]]",2,0.24398854726163333,0.05998395229969726
interior_v1_n4096,4,ABD|C,"[[0, 1, 3], [2]]",2,0.48868088311787344,0.12014092920223661
interior_v1_n4096,5,AC|BD,"[[0, 2], [1, 3]]",2,0.48797709452326665,0.11996790459939452
interior_v1_n4096,6,ACD|B,"[[0, 2, 3], [1]]",2,0.48868088311787344,0.12014092920223661
interior_v1_n4096,7,AD|BC,"[[0, 3], [1, 2]]",2,0.4890327774151768,0.12022744150365766
interior_v1_n4096,8,A|B|CD,"[[0], [1], [2, 3]]",3,0.008650659968141936,0.002126742343908052
interior_v1_n4096,9,A|BC|D,"[[0], [1, 2], [3]]",3,0.0005278414459550551,0.0001297684521315646
interior_v1_n4096,10,A|BD|C,"[[0], [1, 3], [2]]",3,0.2439885472616333,0.05998395229969725
interior_v1_n4096,11,AB|C|D,"[[0, 1], [2], [3]]",3,0.008650659968141914,0.002126742343908046
interior_v1_n4096,12,AC|B|D,"[[0, 2], [1], [3]]",3,0.24398854726163333,0.05998395229969726
interior_v1_n4096,13,AD|B|C,"[[0, 3], [1], [2]]",3,0.48850493596922173,0.12009767305152609
interior_v1_n4096,14,A|B|C|D,"[[0], [1], [2], [3]]",4,0.0,0.0
interior_v1_n8192,0,ABCD,"[[0, 1, 2, 3]]",1,0.49274898139899204,0.12257975910186654
interior_v1_n8192,1,A|BCD,"[[0], [1, 2, 3]]",2,0.24621962055302657,0.061251352946185354
interior_v1_n8192,2,AB|CD,"[[0, 1], [2, 3]]",2,0.009109460358641316,0.002266134479141796
interior_v1_n8192,3,ABC|D,"[[0, 1, 2], [3]]",2,0.24621962055302654,0.06125135294618535
interior_v1_n8192,4,ABD|C,"[[0, 1, 3], [2]]",2,0.49264573463467903,0.12255407469870126
interior_v1_n8192,5,AC|BD,"[[0, 2], [1, 3]]",2,0.4924392411060531,0.1225027058923707
interior_v1_n8192,6,ACD|B,"[[0, 2, 3], [1]]",2,0.49264573463467903,0.12255407469870126
interior_v1_n8192,7,AD|BC,"[[0, 3], [1, 2]]",2,0.49274898139899204,0.12257975910186654
interior_v1_n8192,8,A|B|CD,"[[0], [1], [2, 3]]",3,0.00455473017932065,0.001133067239570896
interior_v1_n8192,9,A|BC|D,"[[0], [1, 2], [3]]",3,0.00015487014646945195,3.852660474791403e-05
interior_v1_n8192,10,A|BD|C,"[[0], [1, 3], [2]]",3,0.24621962055302657,0.061251352946185354
interior_v1_n8192,11,AB|C|D,"[[0, 1], [2], [3]]",3,0.004554730179320666,0.0011330672395709
interior_v1_n8192,12,AC|B|D,"[[0, 2], [1], [3]]",3,0.24621962055302654,0.06125135294618535
interior_v1_n8192,13,AD|B|C,"[[0, 3], [1], [2]]",3,0.49259411125252256,0.12254123249711862
interior_v1_n8192,14,A|B|C|D,"[[0], [1], [2], [3]]",4,0.0,0.0
endpoint_n128,0,ABCD,"[[0, 1, 2, 3]]",1,0.0006422574799797587,0.0006420877890981119
endpoint_n128,1,A|BCD,"[[0], [1, 2, 3]]",2,0.0002429818481164702,0.0002429176498699471
endpoint_n128,2,AB|CD,"[[0, 1], [2, 3]]",2,4.6031155310808295e-05,4.6018993416908426e-05
endpoint_n128,3,ABC|D,"[[0, 1, 2], [3]]",2,0.00024298184811646993,0.00024291764986994683
endpoint_n128,4,ABD|C,"[[0, 1, 3], [2]]",2,0.0006422286704525732,0.000642058987182693
endpoint_n128,5,AC|BD,"[[0, 2], [1, 3]]",2,0.0004781041096611822,0.00047797778974990624
endpoint_n128,6,ACD|B,"[[0, 2, 3], [1]]",2,0.0006422286704525732,0.000642058987182693
endpoint_n128,7,AD|BC,"[[0, 3], [1, 2]]",2,0.0006422574799797585,0.0006420877890981118
endpoint_n128,8,A|B|CD,"[[0], [1], [2, 3]]",3,2.3015577655404158e-05,2.3009496708454223e-05
endpoint_n128,9,A|BC|D,"[[0], [1, 2], [3]]",3,5.758859925763131e-08,5.757338377087491e-08
endpoint_n128,10,A|BD|C,"[[0], [1, 3], [2]]",3,0.00023905205483059104,0.00023898889487495307
endpoint_n128,11,AB|C|D,"[[0, 1], [2], [3]]",3,2.3015577655404137e-05,2.3009496708454203e-05
endpoint_n128,12,AC|B|D,"[[0, 2], [1], [3]]",3,0.00023905205483059115,0.00023898889487495317
endpoint_n128,13,AD|B|C,"[[0, 3], [1], [2]]",3,0.000642199891380501,0.000642030215714341
endpoint_n128,14,A|B|C|D,"[[0], [1], [2], [3]]",4,0.0,0.0
endpoint_n256,0,ABCD,"[[0, 1, 2, 3]]",1,0.00017243183265171487,0.00017242697398502321
endpoint_n256,1,A|BCD,"[[0], [1, 2, 3]]",2,4.0959291639689515e-05,4.095813751667787e-05
endpoint_n256,2,AB|CD,"[[0, 1], [2, 3]]",2,1.6651095396329148e-06,1.6650626213108524e-06
endpoint_n256,3,ABC|D,"[[0, 1, 2], [3]]",2,4.095929163968939e-05,4.095813751667775e-05
endpoint_n256,4,ABD|C,"[[0, 1, 3], [2]]",2,0.00017243145911233264,0.0001724266004561663
endpoint_n256,5,AC|BD,"[[0, 2], [1, 3]]",2,8.106952559449836e-05,8.1067241272644e-05
endpoint_n256,6,ACD|B,"[[0, 2, 3], [1]]",2,0.00017243145911233264,0.0001724266004561663
endpoint_n256,7,AD|BC,"[[0, 3], [1, 2]]",2,0.00017243183265171485,0.0001724269739850232
endpoint_n256,8,A|B|CD,"[[0], [1], [2, 3]]",3,8.325547698164569e-07,8.325313106554257e-07
endpoint_n256,9,A|BC|D,"[[0], [1, 2], [3]]",3,7.470366619267145e-10,7.470156124366585e-10
endpoint_n256,10,A|BD|C,"[[0], [1, 3], [2]]",3,4.05347627972492e-05,4.053362063632202e-05
endpoint_n256,11,AB|C|D,"[[0, 1], [2], [3]]",3,8.32554769816458e-07,8.325313106554268e-07
endpoint_n256,12,AC|B|D,"[[0, 2], [1], [3]]",3,4.0534762797249155e-05,4.053362063632197e-05
endpoint_n256,13,AD|B|C,"[[0, 3], [1], [2]]",3,0.00017243108561505293,0.00017242622696941076
endpoint_n256,14,A|B|C|D,"[[0], [1], [2], [3]]",4,0.0,0.0
endpoint_n512,0,ABCD,"[[0, 1, 2, 3]]",1,4.734840277671207e-05,4.734826920757631e-05
endpoint_n512,1,A|BCD,"[[0], [1, 2, 3]]",2,5.016281764850017e-06,5.0162676139942175e-06
endpoint_n512,2,AB|CD,"[[0, 1], [2, 3]]",2,5.30485251812939e-08,5.304837553219813e-08
endpoint_n512,3,ABC|D,"[[0, 1, 2], [3]]",2,5.016281764850088e-06,5.016267613994289e-06
endpoint_n512,4,ABD|C,"[[0, 1, 3], [2]]",2,4.7348398872940246e-05,4.73482653038155e-05
endpoint_n512,5,AC|BD,"[[0, 2], [1, 3]]",2,9.990875967319699e-06,9.99084778320809e-06
endpoint_n512,6,ACD|B,"[[0, 2, 3], [1]]",2,4.7348398872940246e-05,4.73482653038155e-05
endpoint_n512,7,AD|BC,"[[0, 3], [1, 2]]",2,4.734840277671206e-05,4.7348269207576304e-05
endpoint_n512,8,A|B|CD,"[[0], [1], [2, 3]]",3,2.652426259064692e-08,2.6524187766099035e-08
endpoint_n512,9,A|BC|D,"[[0], [1, 2], [3]]",3,7.807499590784902e-12,7.80747756594538e-12
endpoint_n512,10,A|BD|C,"[[0], [1, 3], [2]]",3,4.995437983659824e-06,4.995423891604019e-06
endpoint_n512,11,AB|C|D,"[[0, 1], [2], [3]]",3,2.652426259064698e-08,2.6524187766099095e-08
endpoint_n512,12,AC|B|D,"[[0, 2], [1], [3]]",3,4.995437983659875e-06,4.99542389160407e-06
endpoint_n512,13,AD|B|C,"[[0, 3], [1], [2]]",3,4.7348394969212475e-05,4.734826140009874e-05
endpoint_n512,14,A|B|C|D,"[[0], [1], [2], [3]]",4,0.0,0.0
endpoint_n1024,0,ABCD,"[[0, 1, 2, 3]]",1,1.305040327549176e-05,1.3050399768491458e-05
endpoint_n1024,1,A|BCD,"[[0], [1, 2, 3]]",2,5.159789569013007e-07,5.159788182436424e-07
endpoint_n1024,2,AB|CD,"[[0, 1], [2, 3]]",2,1.5620101955024421e-09,1.56200977574758e-09
endpoint_n1024,3,ABC|D,"[[0, 1, 2], [3]]",2,5.159789569012974e-07,5.159788182436391e-07
endpoint_n1024,4,ABD|C,"[[0, 1, 3], [2]]",2,1.3050403239595983e-05,1.3050399732595691e-05
endpoint_n1024,5,AC|BD,"[[0, 2], [1, 3]]",2,1.030519866384112e-06,1.0305195894552382e-06
endpoint_n1024,6,ACD|B,"[[0, 2, 3], [1]]",2,1.3050403239595983e-05,1.3050399732595691e-05
endpoint_n1024,7,AD|BC,"[[0, 3], [1, 2]]",2,1.305040327549176e-05,1.3050399768491458e-05
endpoint_n1024,8,A|B|CD,"[[0], [1], [2, 3]]",3,7.810050977512166e-10,7.810048878737855e-10
endpoint_n1024,9,A|BC|D,"[[0], [1, 2], [3]]",3,7.179151805752462e-14,7.179149876518014e-14
endpoint_n1024,10,A|BD|C,"[[0], [1, 3], [2]]",3,5.152599331920529e-07,5.152597947276159e-07
endpoint_n1024,11,AB|C|D,"[[0, 1], [2], [3]]",3,7.810050977512256e-10,7.810048878737945e-10
endpoint_n1024,12,AC|B|D,"[[0, 2], [1], [3]]",3,5.152599331920592e-07,5.152597947276223e-07
endpoint_n1024,13,AD|B|C,"[[0, 3], [1], [2]]",3,1.3050403203700242e-05,1.305039969669996e-05
endpoint_n1024,14,A|B|C|D,"[[0], [1], [2], [3]]",4,0.0,0.0
endpoint_n2048,0,ABCD,"[[0, 1, 2, 3]]",1,3.5824780510296835e-06,3.582477962935695e-06
endpoint_n2048,1,A|BCD,"[[0], [1, 2, 3]]",2,4.851536716381917e-08,4.851536597081474e-08
endpoint_n2048,2,AB|CD,"[[0, 1], [2, 3]]",2,4.327433722096148e-11,4.327433615683522e-11
endpoint_n2048,3,ABC|D,"[[0, 1, 2], [3]]",2,4.8515367163819305e-08,4.851536597081487e-08
endpoint_n2048,4,ABD|C,"[[0, 1, 3], [2]]",2,3.5824780507278798e-06,3.5824779626338914e-06
endpoint_n2048,5,AC|BD,"[[0, 2], [1, 3]]",2,9.698863341840245e-08,9.698863103342885e-08
endpoint_n2048,6,ACD|B,"[[0, 2, 3], [1]]",2,3.5824780507278798e-06,3.5824779626338914e-06
endpoint_n2048,7,AD|BC,"[[0, 3], [1, 2]]",2,3.5824780510296835e-06,3.582477962935695e-06
endpoint_n2048,8,A|B|CD,"[[0], [1], [2, 3]]",3,2.1637168610481208e-11,2.163716807841808e-11
endpoint_n2048,9,A|BC|D,"[[0], [1, 2], [3]]",3,6.036075342996968e-16,6.036075194568438e-16
endpoint_n2048,10,A|BD|C,"[[0], [1, 3], [2]]",3,4.849431670920112e-08,4.849431551671432e-08
endpoint_n2048,11,AB|C|D,"[[0, 1], [2], [3]]",3,2.163716861048027e-11,2.163716807841714e-11
endpoint_n2048,12,AC|B|D,"[[0, 2], [1], [3]]",3,4.8494316709201336e-08,4.849431551671454e-08
endpoint_n2048,13,AD|B|C,"[[0, 3], [1], [2]]",3,3.582478050426076e-06,3.5824779623320876e-06
endpoint_n2048,14,A|B|C|D,"[[0], [1], [2], [3]]",4,0.0,0.0
endpoint_n4096,0,ABCD,"[[0, 1, 2, 3]]",1,9.772534741253403e-07,9.772534719981606e-07
endpoint_n4096,1,A|BCD,"[[0], [1, 2, 3]]",2,4.3341739199286075e-09,4.334173910494446e-09
endpoint_n4096,2,AB|CD,"[[0, 1], [2, 3]]",2,1.140443666384523e-12,1.1404436639021285e-12
endpoint_n4096,3,ABC|D,"[[0, 1, 2], [3]]",2,4.3341739199286654e-09,4.334173910494504e-09
endpoint_n4096,4,ABD|C,"[[0, 1, 3], [2]]",2,9.772534741229726e-07,9.77253471995793e-07
endpoint_n4096,5,AC|BD,"[[0, 2], [1, 3]]",2,8.667217515235236e-09,8.667217496369374e-09
endpoint_n4096,6,ACD|B,"[[0, 2, 3], [1]]",2,9.772534741229726e-07,9.77253471995793e-07
endpoint_n4096,7,AD|BC,"[[0, 3], [1, 2]]",2,9.772534741253405e-07,9.772534719981608e-07
endpoint_n4096,8,A|B|CD,"[[0], [1], [2, 3]]",3,5.702218331922735e-13,5.702218319510763e-13
endpoint_n4096,9,A|BC|D,"[[0], [1, 2], [3]]",3,4.7354880326092284e-18,4.73548802230153e-18
endpoint_n4096,10,A|BD|C,"[[0], [1, 3], [2]]",3,4.3336087576175934e-09,4.333608748184662e-09
endpoint_n4096,11,AB|C|D,"[[0, 1], [2], [3]]",3,5.702218331922495e-13,5.702218319510522e-13
endpoint_n4096,12,AC|B|D,"[[0, 2], [1], [3]]",3,4.333608757617642e-09,4.333608748184711e-09
endpoint_n4096,13,AD|B|C,"[[0, 3], [1], [2]]",3,9.77253474120605e-07,9.772534719934253e-07
endpoint_n4096,14,A|B|C|D,"[[0], [1], [2], [3]]",4,0.0,0.0
endpoint_n8192,0,ABCD,"[[0, 1, 2, 3]]",1,2.6488064025808715e-07,2.6488064020845356e-07
endpoint_n8192,1,A|BCD,"[[0], [1, 2, 3]]",2,3.74235560458829e-10,3.7423556038870433e-10
endpoint_n8192,2,AB|CD,"[[0, 1], [2, 3]]",2,2.882121516266544e-14,2.882121515726489e-14
endpoint_n8192,3,ABC|D,"[[0, 1, 2], [3]]",2,3.742355604588324e-10,3.7423556038870774e-10
endpoint_n8192,4,ABD|C,"[[0, 1, 3], [2]]",2,2.648806402580696e-07,2.6488064020843603e-07
endpoint_n8192,5,AC|BD,"[[0, 2], [1, 3]]",2,7.484423811458507e-10,7.484423810056068e-10
endpoint_n8192,6,ACD|B,"[[0, 2, 3], [1]]",2,2.648806402580696e-07,2.6488064020843603e-07
endpoint_n8192,7,AD|BC,"[[0, 3], [1, 2]]",2,2.6488064025808715e-07,2.6488064020845356e-07
endpoint_n8192,8,A|B|CD,"[[0], [1], [2, 3]]",3,1.4410607581331363e-14,1.441060757863109e-14
endpoint_n8192,9,A|BC|D,"[[0], [1, 2], [3]]",3,3.510618484557363e-20,3.51061848389954e-20
endpoint_n8192,10,A|BD|C,"[[0], [1, 3], [2]]",3,3.742211905729311e-10,3.7422119050280913e-10
endpoint_n8192,11,AB|C|D,"[[0, 1], [2], [3]]",3,1.4410607581334077e-14,1.4410607578633803e-14
endpoint_n8192,12,AC|B|D,"[[0, 2], [1], [3]]",3,3.7422119057291956e-10,3.742211905027976e-10
endpoint_n8192,13,AD|B|C,"[[0, 3], [1], [2]]",3,2.6488064025805205e-07,2.6488064020841846e-07
endpoint_n8192,14,A|B|C|D,"[[0], [1], [2], [3]]",4,0.0,0.0
