candidate_id,family,n,opt2,opt3,rho,delta,rho_hierarchy_id,delta_hierarchy_id,rho_coarse,rho_fine,delta_coarse,delta_fine,delta_rho_optimizer,rho_delta_optimizer,flat2,flat3,A,cost_scale,D1,delta_over_1e_minus3,rho_optimal_ids,delta_optimal_ids,elapsed_seconds
interior_v1_n2048,interior_v1,2048,0.007885316459474087,0.0004197057830101639,7.266445768627272,0.003522952446726878,22,19,ABC|D,A|BC|D,AB|CD,A|B|CD,0.04941290796175837,9.393862056081232,AB|CD,A|BC|D,4.227089119859775,0.23656941494367476,0.11543586040848526,3.522952446726878,"[16, 22]","[19, 20]",0.012096709000616102
interior_v1_n4096,interior_v1,4096,0.004253484687816098,0.0001297684521315646,14.102308272442684,0.0019969738917764816,16,20,A|BCD,A|BC|D,AB|CD,AB|C|D,0.055730467611881156,16.388747102815614,AB|CD,A|BC|D,4.067563705082247,0.24584740953178996,0.12022744150365766,1.9969738917764817,"[16, 22]","[19, 20]",0.005943166001088684
interior_v1_n8192,interior_v1,8192,0.002266134479141796,3.852660474791403e-05,27.029001813423598,0.0010945406348229821,22,19,ABC|D,A|BC|D,AB|CD,A|B|CD,0.05898521846704355,29.40999465135179,AB|CD,A|BC|D,4.0198233787480895,0.24876714864806676,0.12257975910186654,1.094540634822982,"[16, 22]","[19, 20]",0.00582041699817637
endpoint_n128,endpoint,128,4.6018993416908426e-05,5.757338377087491e-08,5.278638923481828,2.2951923324683327e-05,22,20,ABC|D,A|BC|D,AB|CD,AB|C|D,0.0001968986564530384,399.65510451887303,AB|CD,A|BC|D,1.000264279876565,0.9997357899488346,0.0006420877890981119,0.022951923324683328,"[16, 22]","[19, 20]",0.005108999997901265
endpoint_n256,endpoint,256,1.6650626213108524e-06,7.470156124366585e-10,24.59855683051288,8.317842950429891e-07,22,19,ABC|D,A|BC|D,AB|CD,A|B|CD,3.92930748953669e-05,1114.4764537649048,AB|CD,A|BC|D,1.00002817811262,0.9999718226813638,0.00017242697398502321,0.0008317842950429891,"[16, 22]","[19, 20]",0.004853582999203354
endpoint_n512,endpoint,512,5.304837553219813e-08,7.80747756594538e-12,94.56024927567394,2.651638028853309e-08,16,19,A|BCD,A|BC|D,AB|CD,A|B|CD,4.963219238462019e-06,3397.2800487819677,AB|CD,A|BC|D,1.000002820992995,0.999997179014963,4.734826920757631e-05,2.651638028853309e-05,"[16, 22]","[19, 20]",0.005002791996957967
endpoint_n1024,endpoint,1024,1.56200977574758e-09,7.179149876518014e-14,330.3300825993173,7.809330963750204e-10,22,19,ABC|D,A|BC|D,AB|CD,A|B|CD,5.144168084678916e-07,10878.79346868551,AB|CD,A|BC|D,1.0000002687274232,0.999999731272649,1.3050399768491458e-05,7.809330963750204e-07,"[16, 22]","[19, 20]",0.004984915998647921
endpoint_n2048,endpoint,2048,4.327433615683522e-11,6.036075194568438e-16,1121.1117322513032,2.1636564470897686e-11,16,20,A|BCD,A|BC|D,AB|CD,AB|C|D,4.84720916346579e-08,35846.4190404509,AB|CD,A|BC|D,1.0000000245902387,0.9999999754097618,3.582477962935695e-06,2.1636564470897684e-08,"[16, 22]","[19, 20]",0.005153999998583458
endpoint_n4096,endpoint,4096,1.1404436639021285e-12,4.73548802230153e-18,3800.4278928296103,5.702170964630299e-13,16,20,A|BCD,A|BC|D,AB|CD,AB|C|D,4.333033466830544e-09,120414.58647252887,AB|CD,A|BC|D,1.000000002176692,0.9999999978233081,9.772534719981606e-07,5.702170964630299e-10,"[16, 22]","[19, 20]",0.004983165999874473
endpoint_n8192,endpoint,8192,2.882121515726489e-14,3.51061848389954e-20,12984.725256956131,1.441057247244625e-14,16,19,A|BCD,A|BC|D,AB|CD,A|B|CD,3.7420673917354705e-10,410486.290228382,AB|CD,A|BC|D,1.000000000187381,0.999999999812619,2.6488064020845356e-07,1.441057247244625e-11,"[16, 22]","[19, 20]",0.004995874998712679
