regime,ntrain,poststeps,nseeds,spectral_post_risk,spectral_post_risk_95half,spectral_gated_risk,spectral_gated_risk_95half,spectral_initial_gain,spectral_initial_gain_95half,spectral_negative_axis_alignment,spectral_negative_axis_alignment_95half,spectral_accepted,spectral_accepted_95half,random_post_risk,random_post_risk_95half,random_gated_risk,random_gated_risk_95half,random_initial_gain,random_initial_gain_95half,random_negative_axis_alignment,random_negative_axis_alignment_95half,random_accepted,random_accepted_95half,oracle_post_risk,oracle_post_risk_95half,oracle_gated_risk,oracle_gated_risk_95half,oracle_initial_gain,oracle_initial_gain_95half,oracle_negative_axis_alignment,oracle_negative_axis_alignment_95half,oracle_accepted,oracle_accepted_95half,continued_width1,continued_width1_95half,fixed_width2_equal_steps,fixed_width2_equal_steps_95half,fixed_width2_approx_equal_compute,fixed_width2_approx_equal_compute_95half,spectral_minus_random,spectral_minus_random_95half,gated_spectral_minus_random,gated_spectral_minus_random_95half,spectral_minus_oracle,spectral_minus_oracle_95half,gated_spectral_minus_oracle,gated_spectral_minus_oracle_95half,gated_minus_continued,gated_minus_continued_95half
four_state,256,30,64,0.6613971436565467,0.0020567963007769685,0.6631000433991336,0.002679432043882031,0.007598199786512105,0.0,1.0,0.0,0.953125,0.053216314680005476,0.6750837985561068,0.0037350751918138127,0.6759553632613222,0.003858615910655859,-0.0010360849967346094,0.0014486559197106608,0.4744175659863251,0.08664874527729106,0.875,0.08326418927169754,0.6613971436565467,0.0020567963007769685,0.6631000433991336,0.002679432043882031,0.007598199786512105,0.0,1.0,0.0,0.953125,0.053216314680005476,0.6972604413922017,0.0014502054303513429,0.6888693170631621,0.002201925126231074,0.6888693170631621,0.002201925126231074,-0.013686654899560152,0.0030616903561825407,-0.012855319862188483,0.003335887395185162,0.0,0.0,0.0,0.0,-0.034160397993068074,0.002201378167909325
four_state,256,300,64,0.6548328885889663,0.0015546363533254985,0.6666894508305287,0.003646993062356219,0.007598199786512105,0.0,1.0,0.0,0.5625,0.12489628390754631,0.6553732177103799,0.002033537639251909,0.6669200114627691,0.0036798627318293795,-0.0010360849967346094,0.0014486559197106608,0.4744175659863251,0.08664874527729106,0.5625,0.12489628390754631,0.6548328885889663,0.0015546363533254985,0.6666894508305287,0.003646993062356219,0.007598199786512105,0.0,1.0,0.0,0.5625,0.12489628390754631,0.6824416721863734,0.000935590999479674,0.6597472690262021,0.002900075808979574,0.6597472690262021,0.002900075808979574,-0.0005403291214135398,0.0007757132857203231,-0.00023056063224039317,0.0004607324515542683,0.0,0.0,0.0,0.0,-0.015752221355844732,0.003589608578249978
four_state,1024,30,64,0.6560607540429452,0.0007171121676831142,0.6560607540429452,0.0007171121676831142,0.007598199786512105,0.0,1.0,0.0,1.0,0.0,0.6680937409922973,0.0031894485837203356,0.66806551043383,0.003175400920581499,-0.0006480499316047512,0.001481376175855045,0.49800960435135977,0.08852805115366352,0.921875,0.06756631891622951,0.6560607540429452,0.0007171121676831142,0.6560607540429452,0.0007171121676831142,0.007598199786512105,0.0,1.0,0.0,1.0,0.0,0.6932324988089517,0.0003842259085488127,0.6878151540503399,0.0016574187485068554,0.6878151540503399,0.0016574187485068554,-0.012032986949352273,0.0031041307226331266,-0.012004756390884826,0.003090406714212364,0.0,0.0,0.0,0.0,-0.03717174476600647,0.0006869360097236037
four_state,1024,300,64,0.6492782034582714,0.0003012390888691541,0.65020842708621,0.0013259278525355562,0.007598199786512105,0.0,1.0,0.0,0.96875,0.04380564641394348,0.6492801573353606,0.0003011215103718783,0.6502103809669233,0.0013258142513447614,-0.0006480499316047512,0.001481376175855045,0.49800960435135977,0.08852805115366352,0.96875,0.04380564641394348,0.6492782034582714,0.0003012390888691541,0.65020842708621,0.0013259278525355562,0.007598199786512105,0.0,1.0,0.0,0.96875,0.04380564641394348,0.6800162888183358,0.0008339211671132679,0.6525626189008392,0.002067967477586515,0.6525626189008392,0.002067967477586515,-1.953877089318559e-06,2.9288180809163814e-06,-1.9538807133206992e-06,2.9288179276089355e-06,0.0,0.0,0.0,0.0,-0.029807861732125726,0.0015853358529290481
rotated_nuisance,256,30,64,0.7095561067621954,0.002373478360670713,0.7112443065813017,0.0019331387221923114,0.0012449836861869006,0.00024440046988259657,0.6874554306732825,0.11668970396095196,0.125,0.08326418927169754,0.7121085444470134,0.0025533780833121365,0.711588347684718,0.001975688501059217,-0.00015190992363256668,0.00011465076659933252,0.11533722069241634,0.030567915008023243,0.078125,0.06756631891622951,0.7083476406255906,0.002489414524526019,0.7112499302068718,0.001984760293069784,0.0018995499466279986,0.0,1.0,1.1693068097159233e-16,0.15625,0.09141471943228137,0.7118148454449049,0.0019310904408257807,0.7035094399891165,0.0021716360419775688,0.7035094399891165,0.0021716360419775688,-0.0025524376848179674,0.0012275097257857701,-0.0003440411034163881,0.00044218673501323133,0.0012084661366047796,0.0008136964757940373,-5.62362557009026e-06,0.0002837076771882974,-0.0005705388636031549,0.0004641782845232632
rotated_nuisance,256,300,64,0.7220643947978408,0.004738195438779624,0.7164335110696959,0.004095620998146594,0.0012449836861869006,0.00024440046988259657,0.6874554306732825,0.11668970396095196,0.0,0.0,0.7214900204391973,0.004757340318022989,0.7164335110696959,0.004095620998146594,-0.00015190992363256668,0.00011465076659933252,0.11533722069241634,0.030567915008023243,0.0,0.0,0.721770861979655,0.004754370947169764,0.7164335110696959,0.004095620998146594,0.0018995499466279986,0.0,1.0,1.1693068097159233e-16,0.0,0.0,0.7164335110696959,0.004095620998146594,0.7209368896148509,0.0042632132974462925,0.7209368896148509,0.0042632132974462925,0.0005743743586434109,0.0008646048627226538,0.0,0.0,0.0002935328181857492,0.0006219566160164018,0.0,0.0,0.0,0.0
rotated_nuisance,1024,30,64,0.6917503900256718,0.0008395842954844973,0.693889871959293,0.0009066111727091484,0.001795024955199823,0.00011097035150281376,0.9489873311187329,0.05334460185379783,0.59375,0.12365102564862045,0.6945777229500854,0.0009075381088981979,0.6956768709945496,0.0008835671164148997,-0.00014374226615060381,0.0001252970918384567,0.1031270463655243,0.03373013014225725,0.453125,0.12532920126770108,0.6915496909423795,0.0007773171777694381,0.6936922631776749,0.0008937297639450933,0.0018995499466279986,0.0,1.0,1.1693068097159233e-16,0.640625,0.1208022705355694,0.6974356215065268,0.0006449763076626905,0.6952552590533316,0.00057620849094786,0.6952552590533316,0.00057620849094786,-0.0028273329244135025,0.0005884402336538604,-0.0017869990352565902,0.0006433295889331944,0.00020069908329232305,0.00026077392636076273,0.00019760878161807598,0.00023674946010312654,-0.0035457495472339066,0.0007607396481063566
rotated_nuisance,1024,300,64,0.6895459807455011,0.0007496928727670937,0.692908357559979,0.000986482417666671,0.001795024955199823,0.00011097035150281376,0.9489873311187329,0.05334460185379783,0.3125,0.1166972405765417,0.6897084783321449,0.0007905737738001552,0.6928586566565721,0.0009583409315570773,-0.00014374226615060381,0.0001252970918384567,0.1031270463655243,0.03373013014225725,0.328125,0.11821242484033419,0.6895459306444818,0.0007496713218955132,0.692908357559979,0.0009864824176666735,0.0018995499466279986,0.0,1.0,1.1693068097159233e-16,0.3125,0.1166972405765417,0.6948839393657134,0.00048237854642508627,0.6915857261320875,0.0008573510670759342,0.6915857261320875,0.0008573510670759342,-0.00016249758664377625,0.00025079883492267537,4.970090340699826e-05,0.00016105192331379814,5.010101948241252e-08,8.943661440811593e-08,6.938893903907228e-18,9.726807451469695e-18,-0.0019755818057343635,0.0007829242360406665
sample_pretrained,256,30,64,0.7161085757779785,0.003255735867557957,0.7146303572586029,0.003195072584590874,0.0002918993050403402,0.0002717399496853034,0.15625,0.09141471943228137,0.09375,0.07338526599583853,0.7158298000336512,0.003276618951139366,0.7147644262501633,0.0030958799285460224,2.1482466975069475e-05,0.00017182713283015675,0.11533722069241634,0.030567915008023243,0.046875,0.053216314680005476,0.7153208672027854,0.0036211600204966153,0.7151536246369476,0.003483322150511372,0.0019246372894051178,0.0003519843804835585,0.4843750000000001,0.12582214004849618,0.0625,0.06094314628818758,0.7152789162013165,0.003469887475571219,0.7173386060656829,0.003424645175053422,0.7126343815755232,0.0030997483521220397,0.00027877574432729445,0.0006297312435911893,-0.0001340689915604685,0.0003047211838599804,0.0007877085751930891,0.0009491853953859894,-0.0005232673783448025,0.0005283275874566247,-0.0006485589427136246,0.0005451629905249173
sample_pretrained,256,300,64,0.7207324037900147,0.005794238268449258,0.717871584055881,0.005826691842547619,0.0002918993050403402,0.0002717399496853034,0.15625,0.09141471943228137,0.015625,0.031224070976886578,0.7201742654377546,0.005772980099696392,0.7177654409170726,0.005670093361122938,2.1482466975069475e-05,0.00017182713283015675,0.11533722069241634,0.030567915008023243,0.015625,0.031224070976886578,0.7208807722736293,0.006611077164462994,0.7180618829385825,0.00615154341903059,0.0019246372894051178,0.0003519843804835585,0.4843750000000001,0.12582214004849618,0.015625,0.031224070976886578,0.7180841129995392,0.0061502577897437705,0.7215123457205033,0.004545959381194884,0.7211490834872931,0.004440258560789717,0.0005581383522601444,0.0007922373619172867,0.00010614313880839658,0.00021211013759122552,-0.000148368483614535,0.0012138148546933945,-0.00019029888270163248,0.0004277229005639127,-0.00021252894365824185,0.00042470520457137107
sample_pretrained,1024,30,64,0.6944697483692877,0.0007197704048447734,0.6945922570573835,0.0006835553131432708,0.0002466835187913772,0.00019614051645840531,0.20312499999999994,0.10129220259787139,0.125,0.08326418927169754,0.6945991141875143,0.0006317778516381254,0.6948077760604761,0.0006208913800146193,-0.00013464469090288499,9.25401694649129e-05,0.1031270463655243,0.03373013014225725,0.109375,0.07857885542354542,0.6939204926667952,0.0006492403302761308,0.6943247484242878,0.000679093671707468,0.000603157087794166,0.00016364341911455482,0.5781250000000001,0.12433746104225,0.21875,0.10408023658962193,0.6952706677253364,0.0006026017212843427,0.6926305213768466,0.0007226740702675842,0.6933534757983375,0.0007188778549646885,-0.00012936581822668193,0.0003347225266247573,-0.00021551900309274043,0.0003299593639941106,0.0005492557024924048,0.0002888903553188857,0.0002675086330956155,0.00026171550842627876,-0.0006784106679529386,0.0004660874367969544
sample_pretrained,1024,300,64,0.6932416003929467,0.0008480783873235934,0.6937629593545449,0.0007924231969818098,0.0002466835187913772,0.00019614051645840531,0.20312499999999994,0.10129220259787139,0.140625,0.08752293043240626,0.6931309945541735,0.0008346870108334989,0.6938477216362045,0.0007090056860178037,-0.00013464469090288499,9.25401694649129e-05,0.1031270463655243,0.03373013014225725,0.171875,0.09498467217027047,0.6927608253853008,0.0008235339950248021,0.6937620326981644,0.0007693271839733985,0.000603157087794166,0.00016364341911455482,0.5781250000000001,0.12433746104225,0.15625,0.09141471943228137,0.6947052535693783,0.00047475902096772105,0.6913630391091365,0.0008631785130667009,0.6914402746072006,0.000870498410365129,0.00011060583877326585,0.00048688668905031834,-8.476228165958492e-05,0.00033908691429228413,0.0004807750076460601,0.0004064488969127896,9.266563806027001e-07,0.00015437692862416095,-0.0009422942148334078,0.0006084763480967213
random_start,256,30,64,0.7129516815883417,0.0028326938714427876,0.7114733499239803,0.002593170748461338,0.0002248667623034068,0.00011391526054084882,0.046875,0.053216314680005476,0.03125,0.04380564641394348,0.712294125829373,0.0028175226409968973,0.7114761326613368,0.0025910462567800027,0.00022568187396983068,0.00010365039258924751,0.16205649540475978,0.04719310442312586,0.0625,0.06094314628818758,0.7119171644654225,0.002768684018963639,0.7114722863402573,0.002594899893213223,0.0009957979983623057,0.00015234815629937542,0.04687500000000002,0.053216314680005504,0.046875,0.053216314680005476,0.7115198961179304,0.002575084443035064,0.7171914696493258,0.003270002967743335,0.7131437889884022,0.0025917048114153783,0.0006575557589685657,0.0004438225532604507,-2.7827373564708047e-06,1.0186240647552065e-05,0.0010345171229189931,0.0003929948373442536,1.0635837229770045e-06,1.1138978554038836e-05,-4.654619395012653e-05,8.517967615359575e-05
random_start,256,300,64,0.7164549103153204,0.0029919066656786775,0.7124410333293516,0.0026649432888237313,0.0002248667623034068,0.00011391526054084882,0.046875,0.053216314680005476,0.0,0.0,0.716510316686301,0.0029376275247042787,0.7124410333293516,0.0026649432888237313,0.00022568187396983068,0.00010365039258924751,0.16205649540475978,0.04719310442312586,0.0,0.0,0.7192242845522708,0.005051784210928098,0.7123602786150378,0.0026488384267731877,0.0009957979983623057,0.00015234815629937542,0.04687500000000002,0.053216314680005504,0.03125,0.04380564641394348,0.7124410333293516,0.0026649432888237313,0.7212380994527677,0.004480863771536165,0.7209770349530013,0.004339906805592519,-5.540637098067763e-05,0.000965860553695286,0.0,0.0,-0.0027693742369504035,0.004017188634664244,8.07547143137511e-05,0.0001573822376783719,0.0,0.0
random_start,1024,30,64,0.694734483890229,0.0005057640473196877,0.69449980074506,0.0004929946567278113,5.407697565629199e-05,3.385208204435241e-05,0.046875000000000014,0.0532163146800055,0.015625,0.031224070976886578,0.6944981532428788,0.0005124957120155415,0.694489497188554,0.0004933268311200648,-1.600770576626505e-05,2.941615594843402e-05,0.16003898325556995,0.04697178931406914,0.03125,0.04380564641394348,0.6944592833625237,0.0005021514397508567,0.6944977613723817,0.0004932030386291746,0.00019870210159488554,4.213154253556688e-05,0.12500000000000003,0.08326418927169756,0.015625,0.031224070976886578,0.6945000464492779,0.0004930254882978497,0.6926393365835689,0.0007278426342207777,0.6935196530669945,0.000648416525867004,0.00023633064735024446,0.0001803690717297091,1.0303556505950398e-05,1.698357846786867e-05,0.0002752005277052872,0.00015302414712093228,2.0393726783418664e-06,4.60042597785423e-06,-2.457042179090929e-07,4.910007001160913e-07
random_start,1024,300,64,0.6937332297193215,0.000868551049631528,0.694071363438296,0.0005309016715767824,5.407697565629199e-05,3.385208204435241e-05,0.046875000000000014,0.0532163146800055,0.09375,0.07338526599583853,0.6937145253800608,0.0008393043374958745,0.6940690112043808,0.0005472510073035886,-1.600770576626505e-05,2.941615594843402e-05,0.16003898325556995,0.04697178931406914,0.078125,0.06756631891622951,0.6935408358369164,0.0008497913328258541,0.6941217481574478,0.0004959491557394942,0.00019870210159488554,4.213154253556688e-05,0.12500000000000003,0.08326418927169756,0.09375,0.07338526599583853,0.6942074900357398,0.00047735589818720663,0.6912475778577603,0.0007725738602792904,0.6912410386633946,0.0007605695782526518,1.8704339260575825e-05,0.0006092586810950229,2.352233915208987e-06,0.00016917459235810714,0.00019239388240509248,0.0004937958106084064,-5.0384719151825436e-05,0.00013605688790251525,-0.00013612659744383776,0.00020057786429670133
no_signal,256,30,64,0.7149169003797167,0.001881030114781364,0.7125341186923707,0.001605213209180203,-0.00019293433525915428,2.64311727273873e-06,0.1408096889870709,0.08750489711018603,0.015625,0.031224070976886578,0.7146040411077116,0.002047923343050891,0.7125934742444963,0.0016256775195152224,-7.090305180288206e-05,5.884190600245554e-06,0.11533722069241634,0.030567915008023243,0.015625,0.031224070976886578,0.7146217278805507,0.002005538434069404,0.7126022558605511,0.001627708563229442,-7.36939150890771e-05,5.70175065179606e-06,0.1259398905240829,0.04665327482399996,0.0,0.0,0.7126022558605511,0.001627708563229442,0.7037102472924551,0.0017925259344650835,0.7037102472924551,0.0017925259344650835,0.0003128592720051584,0.0008098423179808974,-5.93555521255576e-05,0.0001375634442191415,0.00029517249916605204,0.0008531671970328393,-6.813716818049494e-05,0.00013616126562763722,-6.813716818049494e-05,0.00013616126562763722
no_signal,256,300,64,0.734282221278671,0.004586577235281442,0.7217051055033463,0.003785588275913966,-0.00019293433525915428,2.64311727273873e-06,0.1408096889870709,0.08750489711018603,0.015625,0.031224070976886578,0.7339541040063977,0.0045008139634493075,0.7217048531717212,0.0037855391256797627,-7.090305180288206e-05,5.884190600245554e-06,0.11533722069241634,0.030567915008023243,0.015625,0.031224070976886578,0.733931690325083,0.004274577237368899,0.7217052469350924,0.0037856158536893215,-7.36939150890771e-05,5.70175065179606e-06,0.1259398905240829,0.04665327482399996,0.015625,0.031224070976886578,0.7215980928763308,0.0037707407960557156,0.7319824225115004,0.004482741163405359,0.7319824225115004,0.004482741163405359,0.00032811727227325706,0.0007984756155901531,2.5233162507208584e-07,5.042445165416923e-07,0.00035053095358796374,0.0008275171319409198,-1.4143174612360476e-07,2.826287922783e-07,0.0001070126270154171,0.0002138476711265583
no_signal,1024,30,64,0.6986617987673697,0.0004965382233364144,0.6977020233476368,0.0005853575479811601,-0.000192516896563499,3.2853129501571812e-06,0.06924866648511047,0.061987667205209526,0.0,0.0,0.6979710762199736,0.0005406588438061706,0.6976783038366839,0.000584824435948361,-7.175577767279395e-05,5.082240155495264e-06,0.1031270463655243,0.03373013014225725,0.03125,0.04380564641394348,0.6979588939632647,0.0005113255569124379,0.6976929319267317,0.0005848356908023858,-7.36939150890771e-05,5.70175065179606e-06,0.1259398905240829,0.04665327482399996,0.03125,0.04380564641394348,0.6977020233476368,0.0005853575479811601,0.6963987992674107,0.0006043032597557325,0.6963987992674107,0.0006043032597557325,0.0006907225473960742,0.0001786493807027637,2.3719510952837503e-05,3.499372444689979e-05,0.0007029048041049292,0.00018655491371062115,9.091420905112113e-06,1.3006242140939012e-05,0.0,0.0
no_signal,1024,300,64,0.7006375009760204,0.0005990289333266828,0.6980538244694736,0.0005112987604685509,-0.000192516896563499,3.2853129501571812e-06,0.06924866648511047,0.061987667205209526,0.0,0.0,0.7006836493214667,0.0006111826055419479,0.6980538244694736,0.0005112987604685509,-7.175577767279395e-05,5.082240155495264e-06,0.1031270463655243,0.03373013014225725,0.0,0.0,0.7006598436875601,0.0006007391458471759,0.6980538244694736,0.0005112987604685509,-7.36939150890771e-05,5.70175065179606e-06,0.1259398905240829,0.04665327482399996,0.0,0.0,0.6980538244694736,0.0005112987604685509,0.7000785502701772,0.0006057291800694321,0.7000785502701772,0.0006057291800694321,-4.614834544619702e-05,6.351313017587517e-05,0.0,0.0,-2.2342711539637822e-05,2.1757812398319496e-05,0.0,0.0,0.0,0.0
