regime,method,mean,t95_halfwidth,n,minus_random,paired95_halfwidth
teacher,conditional_information,0.4043603986904637,0.002479152627952165,32,0.0018576318846408712,0.0019675606689469323
teacher,aligned_information,0.4035021366757747,0.0026208842122116102,32,0.0009993698699519715,0.001588469934817877
teacher,activation_entropy,0.40364395779277806,0.002684080505672344,32,0.0011411909869553163,0.001817288105336319
teacher,random,0.40250276680582275,0.002078167745415813,32,0.0,0.0
teacher,trained_validation,0.4017573453655222,0.0020531151995720775,32,-0.0007454214403005612,0.0011347592104670396
teacher,population_oracle,0.40076003955427075,0.002059031964209487,32,-0.0017427272515519766,0.0007340825241963371
teacher,continued_width2,0.4014224105280494,0.0027621575110943863,32,-0.0010803562777734182,0.0014567667089423063
teacher,fixed_width3_steps,0.40490642328214516,0.003559000110577247,32,0.002403656476322371,0.003480570253939861
teacher,fixed_width3_parameter_compute,0.40093213108970926,0.002151260975992262,32,-0.0015706357161135182,0.0025749893598563016
localized,conditional_information,0.5113000979502346,0.016500860758070612,32,-0.004637229987874003,0.013314158077715637
localized,aligned_information,0.5185715702160443,0.015598975573486424,32,0.0026342422779357354,0.009911770939132147
localized,activation_entropy,0.49347813895808046,0.014848855573024806,32,-0.022459188980028116,0.011680501667706376
localized,random,0.5159373279381085,0.015608746628887622,32,0.0,0.0
localized,trained_validation,0.4883589998119049,0.01323544088592202,32,-0.027578328126203665,0.011715939792324723
localized,population_oracle,0.48786860863709725,0.013206967800724436,32,-0.028068719301011295,0.01182984672094307
localized,continued_width2,0.5426981069606087,0.00849036993493371,32,0.02676077902250018,0.012171192199825797
localized,fixed_width3_steps,0.49051981174704967,0.012397958647671813,32,-0.025417516191058906,0.01828556379409907
localized,fixed_width3_parameter_compute,0.48874482360618887,0.011304373043582928,32,-0.0271925043319197,0.017373179336372384
linear_null,conditional_information,0.5360171065845523,0.0030642192907325864,32,1.2077333862783868e-05,0.002632773149502228
linear_null,aligned_information,0.5353394995553806,0.003136829915685014,32,-0.0006655296953088363,0.002349837949834232
linear_null,activation_entropy,0.537243953881547,0.003588156819669526,32,0.0012389246308575318,0.0020358125933462334
linear_null,random,0.5360050292506895,0.0036143531085274577,32,0.0,0.0
linear_null,trained_validation,0.533125559926785,0.002409745411946155,32,-0.0028794693239044683,0.002260852775578024
linear_null,population_oracle,0.5319348965241945,0.0024295639875065735,32,-0.004070132726495,0.0021114967885251883
linear_null,continued_width2,0.5294988256262028,0.0024017696317830527,32,-0.006506203624486659,0.002504078669332419
linear_null,fixed_width3_steps,0.5336805195178551,0.002828836321335842,32,-0.0023245097328343928,0.0032974086218500107
linear_null,fixed_width3_parameter_compute,0.5335880707706526,0.0030705715413977485,32,-0.0024169584800368404,0.0033150404929683675
