task,method,n,mean,se,ci95_low,ci95_high,mean_total_proxy,mean_fit_accesses,mean_proposal_accesses,final_width,persistent_words
null,historical_moment,12,0.2607250287890248,0.0016111577188400734,0.2571788945592907,0.2642711630187589,13999571.0,113669.0,0.0,7,2218
null,reservoir_residual,12,0.25809342316119904,0.0007393876990832719,0.25646604180796245,0.25972080451443563,13999531.0,122551.0,828.0,7,2214
null,fresh_residual,12,0.2582989401675606,0.0017918039625752398,0.2543552062361391,0.2622426740989821,13999278.0,115738.0,6144.0,7,2214
null,learned_probe,12,0.25678098320390125,0.0018270492695791017,0.2527596748748014,0.2608022915330011,13999534.0,93338.0,16188.0,7,2214
null,random_replay128,12,0.2585507069764717,0.0009340658747389476,0.2564948418476233,0.2606065721053201,13999575.0,124285.0,0.0,7,2074
null,random_matched138,12,0.2578204499868931,0.0010272017358763344,0.2555595942098089,0.26008130576397726,13999575.0,124285.0,0.0,7,2214
null,fixed7_replay138,12,0.25695121949347655,0.0007713675187676889,0.25525345103169217,0.2586489879552609,13999727.0,49469.0,0.0,7,2214
lowrank_noiseless,historical_moment,12,1.6884762873400745e-05,4.285113350105023e-06,7.453291980509025e-06,2.6316233766292467e-05,13999571.0,113669.0,0.0,7,2218
lowrank_noiseless,reservoir_residual,12,1.2503509469112709e-05,3.1329444878084233e-06,5.60794514405547e-06,1.9399073794169948e-05,13999531.0,122551.0,828.0,7,2214
lowrank_noiseless,fresh_residual,12,4.416308028211284e-05,1.3349052093763453e-05,1.4782014722449261e-05,7.354414584177641e-05,13999278.0,115738.0,6144.0,7,2214
lowrank_noiseless,learned_probe,12,8.72742115706047e-05,3.763665603267188e-05,4.436490167220448e-06,0.00017011193297398894,13999534.0,93338.0,16188.0,7,2214
lowrank_noiseless,random_replay128,12,1.6807324520952754e-05,1.0084770616315159e-05,-5.389105948485115e-06,3.900375499039062e-05,13999575.0,124285.0,0.0,7,2074
lowrank_noiseless,random_matched138,12,2.0517116026518993e-05,7.042251550394666e-06,5.017224870468e-06,3.6017007182569986e-05,13999575.0,124285.0,0.0,7,2214
lowrank_noiseless,fixed7_replay138,12,1.4327893183157646e-05,4.096137772022865e-06,5.312354733244494e-06,2.3343431633070797e-05,13999727.0,49469.0,0.0,7,2214
indefinite_noisy,historical_moment,12,0.09698715840015655,0.0004751006346845179,0.09594146895366581,0.09803284784664729,13999571.0,113669.0,0.0,7,2218
indefinite_noisy,reservoir_residual,12,0.10035812081501964,0.00138152565270413,0.09731740335513193,0.10339883827490735,13999531.0,122551.0,828.0,7,2214
indefinite_noisy,fresh_residual,12,0.10235326020111364,0.0016550240810825226,0.09871057675905671,0.10599594364317057,13999278.0,115738.0,6144.0,7,2214
indefinite_noisy,learned_probe,12,0.10631410302117833,0.0015759257743574282,0.10284551377841171,0.10978269226394495,13999534.0,93338.0,16188.0,7,2214
indefinite_noisy,random_replay128,12,0.09708974838368377,0.0007073901172776384,0.0955327932331602,0.09864670353420733,13999575.0,124285.0,0.0,7,2074
indefinite_noisy,random_matched138,12,0.10212816086321046,0.0011601148084882937,0.09957476538572517,0.10468155634069574,13999575.0,124285.0,0.0,7,2214
indefinite_noisy,fixed7_replay138,12,0.11627752452433317,0.009276996027330753,0.0958589939379491,0.13669605511071725,13999727.0,49469.0,0.0,7,2214
nonlinear,historical_moment,12,0.16190908355632258,0.0010963732524179495,0.15949598229782927,0.1643221848148159,13999571.0,113669.0,0.0,7,2218
nonlinear,reservoir_residual,12,0.16491389608730045,0.0027873617682086043,0.15877895419966653,0.17104883797493436,13999531.0,122551.0,828.0,7,2214
nonlinear,fresh_residual,12,0.16576991463164517,0.0018482487309125863,0.16170194660274836,0.16983788266054198,13999278.0,115738.0,6144.0,7,2214
nonlinear,learned_probe,12,0.16636099673251403,0.002630389230923051,0.16057154906998755,0.17215044439504051,13999534.0,93338.0,16188.0,7,2214
nonlinear,random_replay128,12,0.16025921576055976,0.0010857820629648516,0.15786942555288044,0.16264900596823909,13999575.0,124285.0,0.0,7,2074
nonlinear,random_matched138,12,0.16294694010701927,0.002491322799949045,0.15746357559533347,0.16843030461870506,13999575.0,124285.0,0.0,7,2214
nonlinear,fixed7_replay138,12,0.1626044971803459,0.002064265228934825,0.15806108004496716,0.16714791431572462,13999727.0,49469.0,0.0,7,2214
