task,first,second,metric,n,mean,se,ci95_low,ci95_high
null,historical_moment,fresh_residual,final_risk_first_minus_second,12,0.002426088621464243,0.0011168315093146195,-3.204095685998068e-05,0.004884218199788467
null,historical_moment,reservoir_residual,final_risk_first_minus_second,12,0.0026316056278257774,0.0014061065807183537,-0.0004632140898425145,0.005726425345494069
null,historical_moment,learned_probe,final_risk_first_minus_second,12,0.003944045585123628,0.0022588396898001167,-0.0010276270511524292,0.008915718221399685
null,historical_moment,random_matched138,final_risk_first_minus_second,12,0.0029045788021316945,0.0022778218098704495,-0.0021088731987262423,0.007918030802989631
null,historical_moment,fixed7_replay138,final_risk_first_minus_second,12,0.003773809295548214,0.0018602022954089823,-0.0003204683514153577,0.007868086942511785
null,random_replay128,random_matched138,final_risk_first_minus_second,12,0.0007302569895786815,0.0015255270392727082,-0.0026274053851790833,0.004087919364336446
null,historical_moment,random_replay128,exploratory_attribution_control_final_risk_first_minus_second,12,0.002174321812553013,0.0016140452993432025,-0.0013781679390170417,0.005726811564123068
lowrank_noiseless,historical_moment,fresh_residual,final_risk_first_minus_second,12,-2.7278317408712095e-05,1.3627983137675118e-05,-5.727330605671412e-05,2.7166712392899226e-06
lowrank_noiseless,historical_moment,reservoir_residual,final_risk_first_minus_second,12,4.381253404288035e-06,4.768529452879846e-06,-6.114209156960406e-06,1.4876715965536476e-05
lowrank_noiseless,historical_moment,learned_probe,final_risk_first_minus_second,12,-7.038944869720394e-05,3.927299678936112e-05,-0.0001568287318229143,1.6049834428506443e-05
lowrank_noiseless,historical_moment,random_matched138,final_risk_first_minus_second,12,-3.6323531531182483e-06,8.957538282309245e-06,-2.334776198343364e-05,1.6083055677197145e-05
lowrank_noiseless,historical_moment,fixed7_replay138,final_risk_first_minus_second,12,2.5568696902430976e-06,7.44925110325031e-06,-1.3838821441807101e-05,1.8952560822293296e-05
lowrank_noiseless,random_replay128,random_matched138,final_risk_first_minus_second,12,-3.7097915055662407e-06,1.3588518352091889e-05,-3.3617918746153374e-05,2.6198335735020892e-05
lowrank_noiseless,historical_moment,random_replay128,exploratory_attribution_control_final_risk_first_minus_second,12,7.743835244799131e-08,1.1084928991633387e-05,-2.432032585880666e-05,2.4475202563702643e-05
indefinite_noisy,historical_moment,fresh_residual,final_risk_first_minus_second,12,-0.005366101800957088,0.0015960516870506317,-0.008878987878894752,-0.001853215723019424
indefinite_noisy,historical_moment,reservoir_residual,final_risk_first_minus_second,12,-0.003370962414863097,0.001224778019893183,-0.006066680661054414,-0.0006752441686717799
indefinite_noisy,historical_moment,learned_probe,final_risk_first_minus_second,12,-0.009326944621021791,0.0013706503776506605,-0.012343725761904895,-0.006310163480138688
indefinite_noisy,historical_moment,random_matched138,final_risk_first_minus_second,12,-0.005141002463053895,0.0014020377048048977,-0.008226866645218416,-0.002055138280889374
indefinite_noisy,historical_moment,fixed7_replay138,final_risk_first_minus_second,12,-0.01929036612417664,0.009148329769932309,-0.03942570418742221,0.0008449719390689232
indefinite_noisy,random_replay128,random_matched138,final_risk_first_minus_second,12,-0.005038412479526696,0.001270188572801646,-0.007834078678781097,-0.0022427462802722957
indefinite_noisy,historical_moment,random_replay128,exploratory_attribution_control_final_risk_first_minus_second,12,-0.00010258998352719849,0.0008445036879494392,-0.001961330068346574,0.001756150101292177
nonlinear,historical_moment,fresh_residual,final_risk_first_minus_second,12,-0.0038608310753225974,0.0018129539761114787,-0.007851115872673092,0.00012945372202789827
nonlinear,historical_moment,reservoir_residual,final_risk_first_minus_second,12,-0.003004812530977889,0.0026763807573214654,-0.008895486860597254,0.0028858617986414767
nonlinear,historical_moment,learned_probe,final_risk_first_minus_second,12,-0.00445191317619148,0.0026476118177689366,-0.010279267496784157,0.0013754411444011965
nonlinear,historical_moment,random_matched138,final_risk_first_minus_second,12,-0.001037856550696721,0.002407002691307117,-0.006335633754564321,0.004259920653170879
nonlinear,historical_moment,fixed7_replay138,final_risk_first_minus_second,12,-0.0006954136240233411,0.001992377715666551,-0.005080607409502697,0.003689780161456015
nonlinear,random_replay128,random_matched138,final_risk_first_minus_second,12,-0.0026877243464594885,0.002502471776072394,-0.008195627589142992,0.0028201788962240156
nonlinear,historical_moment,random_replay128,exploratory_attribution_control_final_risk_first_minus_second,12,0.0016498677957627675,0.0009889300158130519,-0.0005267524934109489,0.003826488084936484
