task,method,n,mean,ci95_low,ci95_high,mean_width,min_width,max_width,grow,continue,hold,evaluator_risk_increases,mean_total_proxy,mean_rejected_proxy
null,fresh_adaptive,12,0.2536556732968405,0.25200750851675896,0.2553038380769221,1.0833333333333333,1,2,1,4,67,0,13999493.666666666,10621087.583333334
null,random_adaptive,12,0.25501039766791833,0.2530671802636297,0.256953615072207,1.1666666666666667,1,2,2,2,68,0,13999811.25,11565707.416666666
null,fixed2_gated,12,0.2576308059382619,0.25440084747675207,0.2608607643997717,2.0,2,2,0,6,66,0,13999890.0,10912632.5
null,fixed7_gated,12,0.2625939813867331,0.2585192879418343,0.2666686748316319,7.0,7,7,0,4,68,0,13999343.0,11025208.333333334
null,fixed7_ungated,12,0.2650632359309303,0.26219608049022264,0.26793039137163793,7.0,7,7,0,72,0,33,13999727.0,0.0
lowrank_noiseless,fresh_adaptive,12,0.00014368833968512977,3.2155168969357e-05,0.00025522151040090256,2.0,2,2,12,2,58,0,13999419.0,9827246.5
lowrank_noiseless,random_adaptive,12,0.0001797772155416824,-3.840215461501043e-05,0.0003979565856983752,2.0833333333333335,2,3,13,1,58,0,13999254.5,10686225.916666666
lowrank_noiseless,fixed2_gated,12,0.07105061429620887,-0.03385934565767053,0.17596057425008826,2.0,2,2,0,3,69,1,13999890.0,11408661.25
lowrank_noiseless,fixed7_gated,12,0.0005240842878162503,0.0003708645841516913,0.0006773039914808093,7.0,7,7,0,12,60,0,13999343.0,9728125.0
lowrank_noiseless,fixed7_ungated,12,2.151722199280377e-05,7.854498839100398e-06,3.517994514650714e-05,7.0,7,7,0,72,0,8,13999727.0,0.0
indefinite_noisy,fresh_adaptive,12,0.10032749505870801,0.09641363680510122,0.10424135331231481,4.083333333333333,4,5,37,2,33,0,13999360.333333334,7793695.0
indefinite_noisy,random_adaptive,12,0.10499194802970736,0.1023617683340384,0.10762212772537633,4.166666666666667,4,5,38,4,30,0,13999149.916666666,8320490.083333333
indefinite_noisy,fixed2_gated,12,0.5232095381634222,0.32594866407827616,0.7204704122485682,2.0,2,2,0,0,72,0,13999890.0,11904690.0
indefinite_noisy,fixed7_gated,12,0.10259673446424245,0.10013821133908764,0.10505525758939725,7.0,7,7,0,13,59,0,13999343.0,9565989.583333334
indefinite_noisy,fixed7_ungated,12,0.10174558007312114,0.09817144831014622,0.10531971183609605,7.0,7,7,0,72,0,28,13999727.0,0.0
nonlinear,fresh_adaptive,12,0.16203853076383548,0.1583872360203905,0.16568982550728045,2.0,2,2,12,2,58,0,13999420.333333334,9829167.833333334
nonlinear,random_adaptive,12,0.16219580639387476,0.15876835230493658,0.16562326048281295,2.0,2,2,12,2,58,0,13999319.25,10693491.416666666
nonlinear,fixed2_gated,12,0.18418930608560347,0.1610886038032202,0.20729000836798672,2.0,2,2,0,3,69,1,13999890.0,11408661.25
nonlinear,fixed7_gated,12,0.16315945380938915,0.1611552589143842,0.1651636487043941,7.0,7,7,0,1,71,0,13999343.0,11511614.583333334
nonlinear,fixed7_ungated,12,0.17006782916034804,0.16094696822619908,0.179188690094497,7.0,7,7,0,72,0,36,13999727.0,0.0
