L,multiplier,dps,delta,log10_rare_mass,opt2_over_w,opt3_over_w,near3_ratio,rare2_ratio,price,asymptotic,normalized_price,brier_price,total_price,randomized_total_price,stochastic_upper,baseline_over_opt3,best2,best3
256,0.35,313,0.018212132119074638,-111.17938736723247,9.299697982744169,1.2043003262789884,3.861037724484432,27.541201795998695,3.861037724484432,9.608979270291599,0.4018155951716673,1.0,3.4854379861356986,3.2688177801472524,14.048948762627361,0.15112014077354105,AC|DB,A|C|DB
256,0.5,313,0.026017331598678056,-111.17938736723247,13.285488947949807,1.1450684588126692,5.801176709436936,19.274083770672846,5.801176709436936,9.608979270291599,0.6037245524477951,1.0,4.965734961744377,4.248061197145049,9.996569588221973,0.21066504840885295,AC|DB,A|C|DB
256,0.65,313,0.033822531078281474,-111.17938736723247,17.27140501146153,1.090717714224845,7.917449577563719,14.822840180208422,7.917449577563719,9.608979270291599,0.8239636443011551,1.0,6.442556071144119,4.886222292770112,7.8119549070810965,0.2709927995486047,AC|DB,A|C|DB
256,0.8,313,0.041627730557884886,-111.17938736723247,21.257447183899448,1.0401281534870337,10.218667340478081,12.040988948366,10.218667340478081,9.608979270291599,1.0634498267751993,1.0,7.91670954408033,5.226115359504352,6.44536865569532,0.3328111122387499,AC|DB,A|C|DB
256,1.0,313,0.05203466319735611,-111.17938736723247,26.572368027549235,0.9773680483283369,13.593839123858139,9.63022664150004,9.63022664150004,9.608979270291599,1.0022111996093208,1.0,9.499427625168657,5.342518474127614,5.5797353381719805,0.41839541766376537,ACD|B,A|CD|B
256,1.2,313,0.06244159583682733,-111.17938736723247,31.887517374116463,0.9190274247507442,17.34851241396028,8.02318922735388,8.02318922735388,9.608979270291599,0.83496789842803,1.0,7.921760514916354,5.224053720135806,6.553659322563323,0.5084363358317378,ACD|B,A|CD|B
256,1.5,313,0.07805199479603417,-111.17938736723247,39.860675401037646,0.8383229726624187,23.77405647995346,6.416320818897231,6.416320818897231,9.608979270291599,0.6677421855550031,1.0,6.342871468936969,4.8494630928873645,8.013289444246436,0.6536518815858963,ACD|B,A|CD|B
256,2.0,313,0.10406932639471222,-111.17938736723247,53.15045138536284,0.7184277861476908,36.99080993955072,4.809723710359091,4.809723710359091,9.608979270291599,0.5005447066817466,1.0,4.76244636646471,4.13088186137495,10.443301445579445,0.9296224169632871,ACD|B,A|CD|B
256,2.5,313,0.13008665799339028,-111.17938736723247,66.44173863999698,0.6131915483845601,54.176985001698334,3.8459822882009442,3.8459822882009442,9.608979270291599,0.4002487860590662,1.0,3.813247897038981,3.512718211850966,12.870592512243904,1.2607851735270212,ACD|B,A|CD|B
256,3.0,313,0.15610398959206834,-111.17938736723247,79.73458237723716,0.5199892398866149,76.66945415507395,3.2036356130853783,3.2036356130853783,9.608979270291599,0.33340020026790623,1.0,3.17995075208451,3.024462720721441,15.295647485947663,1.666005860856228,ACD|B,A|CD|B
