method,lr,n,mean,sd,se,ci95_low,ci95_high
historical_moment,0.0075,16,0.005651646212341893,0.0010988262398291383,0.0002747065599572846,0.00506612303995865,0.006237169384725136
random_growth128,0.0075,16,0.006213359580560296,0.0011965150094140808,0.0002991287523535202,0.005575781737292522,0.0068509374238280695
random_growth138,0.0075,16,0.006268635308840394,0.0008033416499228217,0.00020083541248070542,0.005840564760176085,0.006696705857504703
fixed7,0.0075,16,0.012754270380719517,0.021072532120068356,0.005268133030017089,0.001525510627941146,0.02398303013349789
historical_moment,0.015,16,0.007588370461735814,0.0013994537437552156,0.0003498634359388039,0.006842654200196069,0.00833408672327556
random_growth128,0.015,16,0.007998966601346299,0.0013783353668845235,0.00034458384172113087,0.007264503528502553,0.008733429674190045
random_growth138,0.015,16,0.008141596316823482,0.0013950776033219423,0.0003487694008304856,0.007398211935918188,0.008884980697728775
fixed7,0.015,16,0.013796898360709837,0.02100535287849244,0.00525133821962311,0.0026039358989134766,0.024989860822506198
historical_moment,0.03,16,0.012798510551110361,0.0028205613502740746,0.0007051403375685186,0.011295539499044075,0.014301481603176647
random_growth128,0.03,16,0.013216202455647669,0.0030226641538249302,0.0007556660384562326,0.011605538421385175,0.014826866489910162
random_growth138,0.03,16,0.012641088910578996,0.0015866600055836103,0.0003966650013959026,0.01179561747361423,0.013486560347543761
fixed7,0.03,16,0.013975176312151224,0.002504978788364616,0.000626244697091154,0.012640367337127064,0.015309985287175384
