method,lr,seed,auc
historical_moment,0.0075,96010000,0.006132876936655323
historical_moment,0.0075,96010001,0.006427327127779124
historical_moment,0.0075,96010002,0.004253846233503361
historical_moment,0.0075,96010003,0.007237809134378405
historical_moment,0.0075,96010004,0.005207181639994412
historical_moment,0.0075,96010005,0.003741728900686989
historical_moment,0.0075,96010006,0.0057006839692955655
historical_moment,0.0075,96010007,0.0043586006650925616
historical_moment,0.0075,96010008,0.00689868441311399
historical_moment,0.0075,96010009,0.007586391711728343
historical_moment,0.0075,96010010,0.004867206367707062
historical_moment,0.0075,96010011,0.005429135521744079
historical_moment,0.0075,96010012,0.005186134068152888
historical_moment,0.0075,96010013,0.006399713027295658
historical_moment,0.0075,96010014,0.004998130272021588
historical_moment,0.0075,96010015,0.006000889408320937
random_growth128,0.0075,96010000,0.006542039251629254
random_growth128,0.0075,96010001,0.004964658160985401
random_growth128,0.0075,96010002,0.004919813707005658
random_growth128,0.0075,96010003,0.008644732375980502
random_growth128,0.0075,96010004,0.006193595727304283
random_growth128,0.0075,96010005,0.00456695859352621
random_growth128,0.0075,96010006,0.008214020351778617
random_growth128,0.0075,96010007,0.005268312162032773
random_growth128,0.0075,96010008,0.0068364081730193605
random_growth128,0.0075,96010009,0.007539641119365786
random_growth128,0.0075,96010010,0.005881161810204893
random_growth128,0.0075,96010011,0.005485464456390644
random_growth128,0.0075,96010012,0.006324177014143447
random_growth128,0.0075,96010013,0.006715851796590731
random_growth128,0.0075,96010014,0.0049700513965366365
random_growth128,0.0075,96010015,0.006346867192470539
random_growth138,0.0075,96010000,0.0070773003213035505
random_growth138,0.0075,96010001,0.0063261599878540855
random_growth138,0.0075,96010002,0.006208185594255
random_growth138,0.0075,96010003,0.007334110865707499
random_growth138,0.0075,96010004,0.005226278151303755
random_growth138,0.0075,96010005,0.005725148639579154
random_growth138,0.0075,96010006,0.006768854339929035
random_growth138,0.0075,96010007,0.0050036325281999335
random_growth138,0.0075,96010008,0.006271491878398677
random_growth138,0.0075,96010009,0.006826337782674185
random_growth138,0.0075,96010010,0.006251601420788589
random_growth138,0.0075,96010011,0.007235387627223284
random_growth138,0.0075,96010012,0.0065083646240479374
random_growth138,0.0075,96010013,0.005685458275188246
random_growth138,0.0075,96010014,0.004747617721157217
random_growth138,0.0075,96010015,0.007102235183836165
fixed7,0.0075,96010000,0.006294850215355437
fixed7,0.0075,96010001,0.004995823621933585
fixed7,0.0075,96010002,0.0053930729644232475
fixed7,0.0075,96010003,0.004629057647151503
fixed7,0.0075,96010004,0.020836585699180597
fixed7,0.0075,96010005,0.005057340104206333
fixed7,0.0075,96010006,0.006336880526820886
fixed7,0.0075,96010007,0.0047527552983069685
fixed7,0.0075,96010008,0.08898402236834796
fixed7,0.0075,96010009,0.00571096032246959
fixed7,0.0075,96010010,0.00592168987426198
fixed7,0.0075,96010011,0.006495513872766277
fixed7,0.0075,96010012,0.006243066229690745
fixed7,0.0075,96010013,0.005501545726789944
fixed7,0.0075,96010014,0.004334808134221108
fixed7,0.0075,96010015,0.022580353485586104
historical_moment,0.015,96010000,0.007013185030438496
historical_moment,0.015,96010001,0.006983996241365326
historical_moment,0.015,96010002,0.005954601896658155
historical_moment,0.015,96010003,0.009875198298439329
historical_moment,0.015,96010004,0.007265221460122277
historical_moment,0.015,96010005,0.005439717692348297
historical_moment,0.015,96010006,0.009239105255689219
historical_moment,0.015,96010007,0.006244862208339479
historical_moment,0.015,96010008,0.009448853412133874
historical_moment,0.015,96010009,0.009653685286493187
historical_moment,0.015,96010010,0.006443473003477367
historical_moment,0.015,96010011,0.007431544761352861
historical_moment,0.015,96010012,0.008236790423283154
historical_moment,0.015,96010013,0.007548274071337099
historical_moment,0.015,96010014,0.006342972718798662
historical_moment,0.015,96010015,0.008292445627496233
random_growth128,0.015,96010000,0.007598835271728777
random_growth128,0.015,96010001,0.007310118560282083
random_growth128,0.015,96010002,0.006776480260013046
random_growth128,0.015,96010003,0.009027242137573922
random_growth128,0.015,96010004,0.0070466874480470554
random_growth128,0.015,96010005,0.005010344550823795
random_growth128,0.015,96010006,0.009218210017510036
random_growth128,0.015,96010007,0.007199967338330586
random_growth128,0.015,96010008,0.009445060921606414
random_growth128,0.015,96010009,0.00931186929185987
random_growth128,0.015,96010010,0.008907450246337078
random_growth128,0.015,96010011,0.007865637372159123
random_growth128,0.015,96010012,0.007634040915374215
random_growth128,0.015,96010013,0.01035497990820235
random_growth128,0.015,96010014,0.006466767398708557
random_growth128,0.015,96010015,0.008809773982983871
random_growth138,0.015,96010000,0.00896903354824838
random_growth138,0.015,96010001,0.0079575027980369
random_growth138,0.015,96010002,0.0074397422779393756
random_growth138,0.015,96010003,0.009002469262391875
random_growth138,0.015,96010004,0.007588688399541396
random_growth138,0.015,96010005,0.005145057792008639
random_growth138,0.015,96010006,0.008150934827512831
random_growth138,0.015,96010007,0.006984726447342965
random_growth138,0.015,96010008,0.009035451893385832
random_growth138,0.015,96010009,0.009678361389579514
random_growth138,0.015,96010010,0.010087735578647405
random_growth138,0.015,96010011,0.008738441451935546
random_growth138,0.015,96010012,0.00868103534377927
random_growth138,0.015,96010013,0.007621224138903076
random_growth138,0.015,96010014,0.005574023866795939
random_growth138,0.015,96010015,0.00961111205312678
fixed7,0.015,96010000,0.008221673079288535
fixed7,0.015,96010001,0.008038923220928251
fixed7,0.015,96010002,0.007296574523636427
fixed7,0.015,96010003,0.008524110882804121
fixed7,0.015,96010004,0.00564922800764707
fixed7,0.015,96010005,0.00618079018371375
fixed7,0.015,96010006,0.009813167076586062
fixed7,0.015,96010007,0.008860206087497456
fixed7,0.015,96010008,0.09214599119153705
fixed7,0.015,96010009,0.010278394169066975
fixed7,0.015,96010010,0.014494116679184186
fixed7,0.015,96010011,0.00815665590385751
fixed7,0.015,96010012,0.010831272596575792
fixed7,0.015,96010013,0.008448999707365425
fixed7,0.015,96010014,0.005526417064437693
fixed7,0.015,96010015,0.008283853397231073
historical_moment,0.03,96010000,0.011086721437478722
historical_moment,0.03,96010001,0.011082781694788248
historical_moment,0.03,96010002,0.009763042894371275
historical_moment,0.03,96010003,0.012080107963915135
historical_moment,0.03,96010004,0.012468328397108286
historical_moment,0.03,96010005,0.006047442761829019
historical_moment,0.03,96010006,0.013071504314002983
historical_moment,0.03,96010007,0.016742694972578458
historical_moment,0.03,96010008,0.011549493618759704
historical_moment,0.03,96010009,0.0178854742862014
historical_moment,0.03,96010010,0.014514039995334996
historical_moment,0.03,96010011,0.012667913924105028
historical_moment,0.03,96010012,0.012860536018539481
historical_moment,0.03,96010013,0.012897840161322276
historical_moment,0.03,96010014,0.01401669805233857
historical_moment,0.03,96010015,0.016041548325092195
random_growth128,0.03,96010000,0.010210709192616218
random_growth128,0.03,96010001,0.011179875120588652
random_growth128,0.03,96010002,0.010101312115537449
random_growth128,0.03,96010003,0.013825029774241371
random_growth128,0.03,96010004,0.014800342870589988
random_growth128,0.03,96010005,0.007316138335016613
random_growth128,0.03,96010006,0.019727298931691215
random_growth128,0.03,96010007,0.011509390935757494
random_growth128,0.03,96010008,0.01537389175032386
random_growth128,0.03,96010009,0.010872886539025227
random_growth128,0.03,96010010,0.012038038057292446
random_growth128,0.03,96010011,0.013832542471361214
random_growth128,0.03,96010012,0.014181992046974
random_growth128,0.03,96010013,0.015000428570355639
random_growth128,0.03,96010014,0.01682853676873128
random_growth128,0.03,96010015,0.014660825810260049
random_growth138,0.03,96010000,0.01218520662772037
random_growth138,0.03,96010001,0.011593867659205002
random_growth138,0.03,96010002,0.009042005024836043
random_growth138,0.03,96010003,0.011188474045922086
random_growth138,0.03,96010004,0.01306237732888269
random_growth138,0.03,96010005,0.01241752603715982
random_growth138,0.03,96010006,0.012752135768956879
random_growth138,0.03,96010007,0.013067844417983882
random_growth138,0.03,96010008,0.01519277542619362
random_growth138,0.03,96010009,0.01572808114044981
random_growth138,0.03,96010010,0.013625903819055075
random_growth138,0.03,96010011,0.012111163617446213
random_growth138,0.03,96010012,0.013936086233264209
random_growth138,0.03,96010013,0.011390650453140099
random_growth138,0.03,96010014,0.012040253614201012
random_growth138,0.03,96010015,0.012923071354847097
fixed7,0.03,96010000,0.011671235394620496
fixed7,0.03,96010001,0.010554629362536093
fixed7,0.03,96010002,0.012344790911839537
fixed7,0.03,96010003,0.012889573397924915
fixed7,0.03,96010004,0.017540738653607633
fixed7,0.03,96010005,0.011902740640366671
fixed7,0.03,96010006,0.013296238585414793
fixed7,0.03,96010007,0.011872249374925174
fixed7,0.03,96010008,0.013103010418358037
fixed7,0.03,96010009,0.019153334333269104
fixed7,0.03,96010010,0.017591389012971206
fixed7,0.03,96010011,0.013876631256732833
fixed7,0.03,96010012,0.012053784137929692
fixed7,0.03,96010013,0.014081900231712132
fixed7,0.03,96010014,0.015607848085423443
fixed7,0.03,96010015,0.016062727196787845
