n,curvature_degree,epsilon,epsilon_fraction_of_v1,v1_sequence,rho_det,stochastic_lower,stochastic_feasible_upper,explicit_channel_upper,hinge_rho_det,leading_n_over_32logn,opt2_normalized,opt3_normalized,hier2_normalized,hier3_normalized,normalization_curvature_upper,quadrature_order,log_normalizer
16,64,0.0625,0.022542110013890053,False,1.0,1.0,1.0,1.7518898558747054,6.888888888888889,0.18033688011112042,0.0037151659915566114,0.0018575829957783057,0.0037151659915566114,0.0018575829957783057,0.5914292472774778,34,1.3951202315055358
32,128,0.0625,0.03606737602222408,False,1.0054426399435317,1.005416379741416,1.0054426399435317,1.8023342041751478,6.888888888888889,0.28853900817779266,0.002700375330339693,0.001342878859052244,0.002700375330339693,0.0013501876651698464,0.8087643732103551,66,1.4079454564715292
64,256,0.0625,0.06011229337037348,False,1.068839584765376,1.0655567698776265,1.068839584765376,1.9566940381681848,6.888888888888889,0.48089834696298783,0.0009892093657188337,0.0004627492187875778,0.0009892093657188337,0.0004946046828594168,2.2216064225845704,130,1.4660143783326418
128,512,0.0625,0.10304964577778311,False,1.8664279987609522,1.6966003153158544,1.8664279987609522,3.2501755696903705,6.888888888888889,0.8243971662222649,0.0001275743392443555,3.4176067688934975e-05,0.0001275743392443555,6.378716962217774e-05,17.22950043507339,258,2.125759930267726
256,1024,0.04332169878499658,0.125,False,3.877506109201362,3.0953762364619757,3.877506109201362,5.4712178503659255,10.320632460778683,1.4426950408889634,3.356884163366448e-05,4.328663925764716e-06,3.356884163366448e-05,1.6784420816832238e-05,46.42797620089194,514,3.31204815934523
256,1024,0.0625,0.18033688011112042,False,6.86776273808408,4.329915531690967,5.182882892101398,5.182882892101398,6.888888888888889,1.4426950408889634,4.9602975883113275e-05,2.8510387577710886e-06,0.0003406614694681286,2.8510387577710886e-06,44.29702540183134,514,6.8301437533069
512,2048,0.024368455566560577,0.125,False,3.7598132079265643,3.3114048203434345,3.7598132079265643,8.725581354247318,19.18098150178833,2.5647911838026016,1.0192541945566753e-05,1.355458553642837e-06,1.0192541945566753e-05,5.096270972783375e-06,90.88005979296612,1026,3.619955283784142
512,2048,0.048736911133121154,0.25,False,9.06991397755391,5.516553884955718,6.462028483245756,6.462028483245756,9.070022608091035,2.5647911838026016,2.3774117939927044e-05,1.0559338051733979e-06,0.00021562920460735946,1.0559338051733979e-06,70.30709366728571,1026,12.698678778454745
512,2048,0.0625,0.3205988979753252,False,6.88888852889455,4.391998927499033,5.333330682625147,5.333330682625147,6.888888888888889,2.5647911838026016,3.555775436996698e-05,1.9754319619471327e-06,0.00024495340619251556,1.9754319619471327e-06,61.79427424366405,1026,17.810504614822996
1024,4096,0.013538030870311432,0.125,False,3.3704564328264546,3.1667739883349495,3.3704564328264546,14.205165800317976,35.52526100978595,4.6166241308446825,3.1304448640723106e-06,4.64394797331222e-07,3.1304448640723106e-06,1.5652224320361549e-06,177.10065933812814,2050,3.932825523448799
1024,4096,0.027076061740622864,0.25,False,17.146182071114385,9.613712299400182,10.565269957065224,10.565269957065224,17.146292615387182,4.6166241308446825,6.70279972691962e-06,1.72185660125345e-07,0.00011492742450397958,1.72185660125345e-07,133.0712748159703,2050,14.021100026188874
1024,4096,0.05415212348124573,0.5,False,8.075270648960974,5.005742690578446,5.949957464177407,5.949957464177407,8.075270648960391,4.6166241308446825,2.0127603252541682e-05,9.834415592112615e-07,0.00016253584377918127,9.834415592112615e-07,93.18209004331258,2050,33.98227597255038
1024,4096,0.0625,0.5770780163555853,False,6.888888888888888,4.392000000000004,5.333333333333156,5.333333333333156,6.888888888888889,4.6166241308446825,2.536335258123628e-05,1.4090751434020117e-06,0.0001747253177818499,1.4090751434020117e-06,86.63151363615614,2050,40.09946329413581
2048,8192,0.007445916978671288,0.125,False,2.9069189841984033,2.8266777998931567,2.9069189841984033,23.27761801533225,65.70225307317526,8.393862056081241,9.718322787622443e-07,1.6715847329165096e-07,9.718322787622443e-07,4.859161393811219e-07,344.13378531529696,4098,4.248701585106053
2048,8192,0.014891833957342575,0.25,False,32.17656803555947,17.164822242350706,18.11897863222451,18.11897863222451,32.176676123882324,8.393862056081241,1.892062431398007e-06,2.736464850773447e-08,6.088007555140404e-05,2.736464850773447e-08,253.28526239619046,4098,15.337997699178757
2048,8192,0.02978366791468515,0.5,False,15.484489025870525,8.775644294782374,9.727195389413938,9.727195389413938,15.48448902587095,8.393862056081241,5.55601237137053e-06,1.561754706879931e-07,8.603201259208785e-05,1.561754706879931e-07,177.49803925363892,4098,37.25909228095302
2048,8192,0.0595673358293703,1.0,True,7.266445768627746,4.587897470687682,5.53026436137385,5.53026436137385,7.266445768627272,8.393862056081241,1.6669061923481373e-05,8.872315680157252e-07,0.0001211248344808751,8.872315680157252e-07,124.97679670541815,4098,80.74007440427704
2048,8192,0.0625,1.0492327570101552,False,6.888888888889312,4.39200000000019,5.333333333333274,5.333333333333274,6.888888888888889,8.393862056081241,1.8012221620007434e-05,1.0006789788892702e-06,0.00012408419338228105,1.0006789788892702e-06,121.98748557254109,4098,85.01101723299301
4096,16384,0.004061409261093429,0.125,False,2.478669440925411,2.4492931131272844,2.478669440925411,38.01693445803148,121.63817761741495,15.38874710281561,3.053941231098961e-07,6.160444754502578e-08,3.053941231098961e-07,1.5269706155494784e-07,667.6745365291566,8194,4.566164467363593
4096,16384,0.008122818522186858,0.25,False,60.11083561616449,31.152432301294045,32.107396561409175,32.107396561409175,60.110939184955896,15.38874710281561,5.326861132355736e-07,4.258209984992592e-09,3.202020738771715e-05,4.258209984992592e-09,484.2668747431118,8194,16.650405119241746
4096,16384,0.016245637044373717,0.5,False,29.387635048611862,15.76714889721161,16.722080436148573,16.722080436148573,29.38763504862376,15.38874710281561,1.5433996822540377e-06,2.4284477439707992e-08,4.535686659622517e-05,2.4284477439707992e-08,339.6211680290089,8194,40.53135446067091
4096,16384,0.032491274088747434,1.0,True,14.10230827243995,8.076891530063257,9.02770688474074,9.02770688474074,14.102308272442686,15.38874710281561,4.520935807442955e-06,1.3792804840664602e-07,6.375563043647278e-05,1.3792804840664602e-07,239.18333329076034,8194,87.9339221466589
4096,16384,0.0625,1.9235933878519513,False,6.888888888888129,4.391999999999808,5.333333333333388,5.333333333333388,6.888888888888889,15.38874710281561,1.2764155715380093e-05,7.091197619655338e-07,8.793085048371983e-05,7.091197619655338e-07,172.14343619707654,8194,175.17435964814197
8192,32768,0.0021999300164256075,0.125,False,2.122271453045583,2.1118613357462896,2.122271453045583,61.43912351653818,225.7952892620454,28.409994651351898,9.737923124186437e-08,2.2942218607831552e-08,9.737923124186437e-08,4.868961562093208e-08,1294.6455964419051,16386,4.884221970570395
8192,32768,0.004399860032851215,0.25,False,112.1704104527286,57.19296657264165,58.147498539519525,58.147498539519525,112.1705089670022,28.409994651351898,1.492506384159727e-07,6.510198564306916e-10,1.674150537145144e-05,6.510198564306916e-10,929.3472091363471,16386,17.95907973251517
8192,32768,0.00879972006570243,0.5,False,55.38052200152476,28.78674883919852,29.743327984641816,29.743327984641816,55.38052200155439,28.409994651351898,4.290674526516517e-07,3.710372985419032e-09,2.376197950171298e-05,3.710372985419032e-09,652.1840386652932,16386,43.7999298817219
8192,32768,0.01759944013140486,1.0,True,27.029001813407078,14.583714805940438,15.538330659007316,15.538330659007316,27.029001813423598,28.409994651351898,1.239189824791062e-06,2.1067494902353365e-08,3.3494064021433217e-05,2.1067494902353365e-08,459.44637457866406,16386,95.1235184392657
8192,32768,0.0625,3.5512493314189872,False,6.88888888888753,4.391999999999648,5.333333333333574,5.333333333333574,6.888888888888889,28.409994651351898,9.035494555714656e-06,5.019719197618943e-07,6.224451805046647e-05,5.019719197618943e-07,243.1815559681165,16386,355.8444797006951
