n,epsilon,inner_shift,inner_weight,rho_det,stochastic_lower,opt2,opt3
1024,0.0625,0.0,0.001,7.7012841064570035,4.840457458299369,0.00015618749999999867,7.812500000000002e-06
1024,0.0625,0.0,0.01,7.713205764233322,4.83778051231834,0.0015562499999999763,7.812500000000002e-05
1024,0.0625,0.0,0.1,7.864583333333698,4.81745924828239,0.014999999999999299,0.0007812500000000003
1024,0.0625,0.0,0.25,6.888888888888888,4.392000000000004,0.03515625000000011,0.001953125000000001
1024,0.0625,0.0,0.4,1.9047619047619133,1.8061926605504657,0.052499999999999915,0.003125000000000001
1024,0.0625,0.0,0.49,1.0,1.0,0.0135511363636364,0.003828125000000001
1024,0.0625,0.1,0.001,3.308270799259783,3.1664976101064037,0.00036273687500000117,5.000000000000003e-06
1024,0.0625,0.1,0.01,3.307649424803018,3.1656931186834787,0.0036205625000000335,5.000000000000002e-05
1024,0.0625,0.1,0.1,3.3128078817734714,3.16760162207526,0.035524999999999106,0.0005000000000000002
1024,0.0625,0.1,0.25,2.808723307587498,2.7157818140455556,0.0859765624999991,0.0012500000000000007
1024,0.0625,0.1,0.4,1.0,1.0,0.09887500000000034,0.002000000000000001
1024,0.0625,0.1,0.49,1.0,1.0,0.012173011363636414,0.0024500000000000017
1024,0.0625,0.25,0.001,1.7766525218876648,1.7731507317398005,0.0006737304687500121,1.953125000000001e-06
1024,0.0625,0.25,0.01,1.7752924101425525,1.7717982825476895,0.006728515625000049,1.9531250000000004e-05
1024,0.0625,0.25,0.1,1.7676470588235567,1.7641759498276461,0.06640624999999939,0.00019531250000000007
1024,0.0625,0.25,0.25,1.4827067669172969,1.4813008535802545,0.1623535156250001,0.0004882812500000002
1024,0.0625,0.25,0.4,1.0,1.0,0.09765625000000203,0.0007812500000000003
1024,0.0625,0.25,0.49,1.0,1.0,0.010680042613636573,0.0009570312500000002
1024,0.0625,0.4,0.001,1.2121600009909916,1.212131458565643,0.0009861275000000115,3.1249999999999976e-07
1024,0.0625,0.4,0.01,1.2110024081204203,1.210974144677855,0.00985025000000015,3.124999999999999e-06
1024,0.0625,0.4,0.1,1.2034779260780224,1.2034513446874517,0.0974000000000006,3.1249999999999974e-05
1024,0.0625,0.4,0.25,1.0058862001307989,1.0058861774559176,0.23890625000000207,7.812499999999993e-05
1024,0.0625,0.4,0.4,1.0,1.0,0.096999999999998,0.0001249999999999999
1024,0.0625,0.4,0.49,1.0,1.0,0.00987613636363648,0.0001531249999999999
