delta,epsilon,inner_weight_power,inner_weight,quadratic_scale,quadratic_coefficient,rho_det,rho_times_delta,convex_lower,opt2,opt3,flat2,flat3
0.2,0.1,1,0.2,0.0625,0.0025000000000000005,1.0,0.2,1.0,0.03019714285714285,9.000000000000003e-05,"((0,), (1, 2, 3))","((0,), (1, 2), (3,))"
0.2,0.1,1,0.2,0.25,0.010000000000000002,1.0,0.2,1.0,0.030788571428571422,0.00036000000000000013,"((0,), (1, 2, 3))","((0,), (1, 2), (3,))"
0.2,0.1,1,0.2,1,0.04000000000000001,1.0,0.2,1.0,0.033154285714285706,0.0014400000000000005,"((0,), (1, 2, 3))","((0,), (1, 2), (3,))"
0.2,0.1,1,0.2,4,0.16000000000000003,1.0260290556900724,0.2052058111380145,1.0257716017829392,0.041536000000000003,0.005760000000000002,"((0, 1), (2, 3))","((0,), (1, 2), (3,))"
0.2,0.1,2,0.04000000000000001,0.0625,0.0025000000000000005,4.00389049481884,0.8007780989637681,3.9636849264729475,0.008007360000000002,1.800000000000001e-05,"((0, 1), (2, 3))","((0,), (1, 2), (3,))"
0.2,0.1,2,0.04000000000000001,0.25,0.010000000000000002,4.015519185692946,0.8031038371385892,3.858128026124897,0.008029440000000002,7.200000000000004e-05,"((0, 1), (2, 3))","((0,), (1, 2), (3,))"
0.2,0.1,2,0.04000000000000001,1,0.04000000000000001,4.061401357207096,0.8122802714414192,3.481250803858954,0.008117760000000002,0.00028800000000000017,"((0, 1), (2, 3))","((0,), (1, 2), (3,))"
0.2,0.1,2,0.04000000000000001,4,0.16000000000000003,3.676666666666665,0.7353333333333331,2.464807906882015,0.008471040000000003,0.0011520000000000007,"((0, 1), (2, 3))","((0,), (1, 2), (3,))"
0.2,0.1,3,0.008000000000000002,0.0625,0.0025000000000000005,4.004362856555448,0.8008725713110897,3.9641472756792395,0.0016015744000000003,3.600000000000002e-06,"((0, 1), (2, 3))","((0,), (1, 2), (3,))"
0.2,0.1,3,0.008000000000000002,0.25,0.010000000000000002,4.017400111585995,0.8034800223171991,3.859856456195776,0.0016062976000000002,1.4400000000000008e-05,"((0, 1), (2, 3))","((0,), (1, 2), (3,))"
0.2,0.1,3,0.008000000000000002,1,0.04000000000000001,4.068791342799749,0.8137582685599498,3.4866153815139413,0.0016251904000000002,5.760000000000003e-05,"((0, 1), (2, 3))","((0,), (1, 2), (3,))"
0.2,0.1,3,0.008000000000000002,4,0.16000000000000003,3.690888888888887,0.7381777777777775,2.4747161243601234,0.0017007616000000003,0.00023040000000000013,"((0, 1), (2, 3))","((0,), (1, 2), (3,))"
0.1,0.05,1,0.1,0.0625,0.0006250000000000001,2.003882945038831,0.20038829450388312,1.9998522868385902,0.010000999999999994,2.000000000000001e-05,"((0, 1), (2, 3))","((0,), (1, 2), (3,))"
0.1,0.05,1,0.1,0.25,0.0025000000000000005,2.015527122484341,0.2015527122484341,1.9990370897975112,0.010003999999999996,8.000000000000003e-05,"((0, 1), (2, 3))","((0,), (1, 2), (3,))"
0.1,0.05,1,0.1,1,0.010000000000000002,2.062034078807243,0.20620340788072433,1.9902472955753185,0.010015999999999995,0.00032000000000000013,"((0, 1), (2, 3))","((0,), (1, 2), (3,))"
0.1,0.05,1,0.1,4,0.04000000000000001,2.246952835188131,0.2246952835188131,1.8748092522848112,0.010063999999999995,0.0012800000000000005,"((0, 1), (2, 3))","((0,), (1, 2), (3,))"
0.1,0.05,2,0.010000000000000002,0.0625,0.0006250000000000001,9.003899473294917,0.9003899473294917,8.754662889571836,0.0010001224999999995,2.0000000000000008e-06,"((0, 1), (2, 3))","((0,), (1, 2), (3,))"
0.1,0.05,2,0.010000000000000002,0.25,0.0025000000000000005,9.015592163761328,0.9015592163761328,8.091750143936403,0.0010004899999999995,8.000000000000003e-06,"((0, 1), (2, 3))","((0,), (1, 2), (3,))"
0.1,0.05,2,0.010000000000000002,1,0.010000000000000002,9.062277152467441,0.9062277152467442,6.201083700406607,0.0010019599999999997,3.200000000000001e-05,"((0, 1), (2, 3))","((0,), (1, 2), (3,))"
0.1,0.05,2,0.010000000000000002,4,0.04000000000000001,3.936874999999995,0.3936874999999995,3.165699583937872,0.0010078399999999996,0.00012800000000000005,"((0, 1), (2, 3))","((0,), (1, 2), (3,))"
0.1,0.05,3,0.0010000000000000002,0.0625,0.0006250000000000001,9.003989277287761,0.9003989277287762,8.754747733176284,0.00010001247499999996,2.0000000000000012e-07,"((0, 1), (2, 3))","((0,), (1, 2), (3,))"
0.1,0.05,3,0.0010000000000000002,0.25,0.0025000000000000005,9.015951140181453,0.9015951140181454,8.09203861210151,0.00010004989999999996,8.000000000000005e-07,"((0, 1), (2, 3))","((0,), (1, 2), (3,))"
0.1,0.05,3,0.0010000000000000002,1,0.010000000000000002,9.063709235567408,0.9063709235567409,6.201750513106195,0.00010019959999999997,3.200000000000002e-06,"((0, 1), (2, 3))","((0,), (1, 2), (3,))"
0.1,0.05,3,0.0010000000000000002,4,0.04000000000000001,3.9374374999999935,0.3937437499999994,3.1663961560323384,0.00010079839999999997,1.2800000000000008e-05,"((0, 1), (2, 3))","((0,), (1, 2), (3,))"
0.03,0.015,1,0.03,0.0625,5.625e-05,7.83496821982118,0.23504904659463538,7.7583114674778395,0.0009000028552500004,7.455374999999999e-07,"((0, 1), (2, 3))","((0,), (1, 2), (3,))"
0.03,0.015,1,0.03,0.25,0.000225,7.839872817045395,0.23519618451136182,7.541391442604834,0.0009000114210000003,2.9821499999999995e-06,"((0, 1), (2, 3))","((0,), (1, 2), (3,))"
0.03,0.015,1,0.03,1,0.0009,7.859490272399554,0.2357847081719866,6.779952077281918,0.0009000456840000004,1.1928599999999998e-05,"((0, 1), (2, 3))","((0,), (1, 2), (3,))"
0.03,0.015,1,0.03,4,0.0036,7.93794516011783,0.2381383548035349,4.806388284018511,0.0009001827360000003,4.771439999999999e-05,"((0, 1), (2, 3))","((0,), (1, 2), (3,))"
0.03,0.015,2,0.0009,0.0625,5.625e-05,32.33498690525164,0.9700496071575492,30.786103117451972,2.700009096097501e-05,2.2366124999999997e-08,"((0, 1), (2, 3))","((0,), (1, 2), (3,))"
0.03,0.015,2,0.0009,0.25,0.000225,32.3399475541584,0.970198426624752,26.920651201274776,2.7000363843900008e-05,8.946449999999999e-08,"((0, 1), (2, 3))","((0,), (1, 2), (3,))"
0.03,0.015,2,0.0009,1,0.0009,32.35978914711623,0.9707936744134869,17.915817028540314,2.700145537560001e-05,3.5785799999999995e-07,"((0, 1), (2, 3))","((0,), (1, 2), (3,))"
0.03,0.015,2,0.0009,4,0.0036,9.433148589105178,0.28299445767315534,7.649503893237673,2.700582150240001e-05,1.4314319999999998e-06,"((0, 1), (2, 3))","((0,), (1, 2), (3,))"
0.03,0.015,3,2.6999999999999996e-05,0.0625,5.625e-05,32.334989982390645,0.9700496994717194,30.786105906594713,8.100027336023778e-07,6.709837499999998e-10,"((0, 1), (2, 3))","((0,), (1, 2), (3,))"
0.03,0.015,3,2.6999999999999996e-05,0.25,0.000225,32.339959862472874,0.9701987958741862,26.920659727274124,8.100109344095103e-07,2.6839349999999994e-09,"((0, 1), (2, 3))","((0,), (1, 2), (3,))"
0.03,0.015,3,2.6999999999999996e-05,1,0.0009,32.35983837650975,0.9707951512952925,17.915832107076728,8.100437376380403e-07,1.0735739999999998e-08,"((0, 1), (2, 3))","((0,), (1, 2), (3,))"
0.03,0.015,3,2.6999999999999996e-05,4,0.0036,9.433152145918214,0.2829945643775464,7.649514910697401,8.101749505521603e-07,4.294295999999999e-08,"((0, 1), (2, 3))","((0,), (1, 2), (3,))"
0.01,0.005,1,0.01,0.0625,6.25e-06,24.500597368774848,0.24500597368774849,24.17351012820756,0.00010000001225000005,3.00125e-08,"((0, 1), (2, 3))","((0,), (1, 2), (3,))"
0.01,0.005,1,0.01,0.25,2.5e-05,24.502389474221303,0.24502389474221303,23.24414871230172,0.00010000004900000004,1.2005e-07,"((0, 1), (2, 3))","((0,), (1, 2), (3,))"
0.01,0.005,1,0.01,1,0.0001,24.509557882835164,0.24509557882835165,20.144983718839548,0.00010000019600000005,4.802e-07,"((0, 1), (2, 3))","((0,), (1, 2), (3,))"
0.01,0.005,1,0.01,4,0.0004,24.538231306541057,0.24538231306541058,13.130843587584174,0.00010000078400000004,1.9208e-06,"((0, 1), (2, 3))","((0,), (1, 2), (3,))"
0.01,0.005,2,0.0001,0.0625,6.25e-06,99.00060012742495,0.9900060012742494,93.5529183516725,1.0000001249750005e-06,3.00125e-10,"((0, 1), (2, 3))","((0,), (1, 2), (3,))"
0.01,0.005,2,0.0001,0.25,2.5e-05,99.00240050879992,0.9900240050879993,80.29831044271805,1.0000004999000006e-06,1.2005e-09,"((0, 1), (2, 3))","((0,), (1, 2), (3,))"
0.01,0.005,2,0.0001,1,0.0001,99.00960202079966,0.9900960202079966,51.25076739239965,1.0000019996000006e-06,4.802e-09,"((0, 1), (2, 3))","((0,), (1, 2), (3,))"
0.01,0.005,2,0.0001,4,0.0004,26.031028696376517,0.2603102869637652,20.93998078743063,1.0000079984000007e-06,1.9208e-08,"((0, 1), (2, 3))","((0,), (1, 2), (3,))"
0.01,0.005,3,1.0000000000000002e-06,0.0625,6.25e-06,99.00060024869966,0.9900060024869966,93.55291845996648,1.0000001249997507e-08,3.0012500000000008e-12,"((0, 1), (2, 3))","((0,), (1, 2), (3,))"
0.01,0.005,3,1.0000000000000002e-06,0.25,2.5e-05,99.00240099389846,0.9900240099389847,80.2983107618228,1.0000004999990006e-08,1.2005000000000003e-11,"((0, 1), (2, 3))","((0,), (1, 2), (3,))"
0.01,0.005,3,1.0000000000000002e-06,1,0.0001,99.00960396118808,0.9900960396118808,51.25076791226859,1.0000019999960007e-08,4.802000000000001e-11,"((0, 1), (2, 3))","((0,), (1, 2), (3,))"
0.01,0.005,3,1.0000000000000002e-06,4,0.0004,26.03102873760933,0.2603102873760933,20.939981134667033,1.0000079999840006e-08,1.9208000000000005e-10,"((0, 1), (2, 3))","((0,), (1, 2), (3,))"
0.003,0.0015,1,0.003,0.0625,5.625e-07,82.83351831552775,0.24850055494658327,81.61120889087628,9.000000030192922e-06,8.336553750000001e-10,"((0, 1), (2, 3))","((0,), (1, 2), (3,))"
0.003,0.0015,1,0.003,0.25,2.25e-06,82.83407326211731,0.24850221978635195,78.15200892527506,9.000000120771169e-06,3.3346215000000003e-09,"((0, 1), (2, 3))","((0,), (1, 2), (3,))"
0.003,0.0015,1,0.003,1,9e-06,82.83629304836379,0.24850887914509137,66.82222365155764,9.00000048308417e-06,1.3338486000000001e-08,"((0, 1), (2, 3))","((0,), (1, 2), (3,))"
0.003,0.0015,1,0.003,4,3.6e-05,82.8451721915624,0.2485355165746872,42.2935062912361,9.00000193233617e-06,5.3353944000000004e-08,"((0, 1), (2, 3))","((0,), (1, 2), (3,))"
0.003,0.0015,2,9e-06,0.0625,5.625e-07,332.3335185867217,0.9970005557601651,313.1685121356381,2.7000000091123874e-08,2.500966125e-12,"((0, 1), (2, 3))","((0,), (1, 2), (3,))"
0.003,0.0015,2,9e-06,0.25,2.25e-06,332.33407434689815,0.9970022230406944,266.98019517071833,2.700000036449395e-08,1.00038645e-11,"((0, 1), (2, 3))","((0,), (1, 2), (3,))"
0.003,0.0015,2,9e-06,1,9e-06,332.33629738749113,0.9970088921624735,167.91699910761048,2.7000001457974264e-08,4.0015458e-11,"((0, 1), (2, 3))","((0,), (1, 2), (3,))"
0.003,0.0015,2,9e-06,4,3.6e-05,84.34242409488049,0.25302727228464145,67.5925636565806,2.7000005831895537e-08,1.60061832e-10,"((0, 1), (2, 3))","((0,), (1, 2), (3,))"
0.003,0.0015,3,2.7e-08,0.0625,5.625e-07,332.3335185900663,0.997000555770199,313.16851213860804,8.100000027337653e-11,7.502898375e-15,"((0, 1), (2, 3))","((0,), (1, 2), (3,))"
0.003,0.0015,3,2.7e-08,0.25,2.25e-06,332.3340743602768,0.9970022230808304,266.9801951793525,8.100000109350147e-11,3.00115935e-14,"((0, 1), (2, 3))","((0,), (1, 2), (3,))"
0.003,0.0015,3,2.7e-08,1,9e-06,332.33629744100597,0.9970088923230179,167.9169991212722,8.10000043740013e-11,1.20046374e-13,"((0, 1), (2, 3))","((0,), (1, 2), (3,))"
0.003,0.0015,3,2.7e-08,4,3.6e-05,84.34242409520742,0.2530272722856223,67.59256366543552,8.100001749600059e-11,4.80185496e-13,"((0, 1), (2, 3))","((0,), (1, 2), (3,))"
0.001,0.0005,1,0.001,0.0625,6.25e-08,249.50006221920796,0.24950006221920798,245.71429439471464,1.0000000001248058e-06,3.1125125e-11,"((0, 1), (2, 3))","((0,), (1, 2), (3,))"
0.001,0.0005,1,0.001,0.25,2.5e-07,249.50024887695596,0.24950024887695596,235.01645082903258,1.0000000004990559e-06,1.245005e-10,"((0, 1), (2, 3))","((0,), (1, 2), (3,))"
0.001,0.0005,1,0.001,1,1e-06,249.50099550794664,0.24950099550794663,200.15852498763172,1.0000000019960558e-06,4.98002e-10,"((0, 1), (2, 3))","((0,), (1, 2), (3,))"
0.001,0.0005,1,0.001,4,4e-06,249.50398203188678,0.24950398203188678,125.62562110656161,1.000000007984056e-06,1.992008e-09,"((0, 1), (2, 3))","((0,), (1, 2), (3,))"
0.001,0.0005,2,1e-06,0.0625,6.25e-08,999.0000622500692,0.9990000622500692,940.6217208929561,1.000000000125056e-09,3.1125124999999996e-14,"((0, 1), (2, 3))","((0,), (1, 2), (3,))"
0.001,0.0005,2,1e-06,0.25,2.5e-07,999.000249000445,0.999000249000445,800.317846270827,1.000000000500055e-09,1.2450049999999999e-13,"((0, 1), (2, 3))","((0,), (1, 2), (3,))"
0.001,0.0005,2,1e-06,1,1e-06,999.0009960019463,0.9990009960019464,501.2501202987531,1.0000000020000519e-09,4.980019999999999e-13,"((0, 1), (2, 3))","((0,), (1, 2), (3,))"
0.001,0.0005,2,1e-06,4,4e-06,251.00301002806822,0.25100301002806824,200.92195653896283,1.00000000800004e-09,1.9920079999999998e-12,"((0, 1), (2, 3))","((0,), (1, 2), (3,))"
0.001,0.0005,3,1e-09,0.0625,6.25e-08,999.0000622501938,0.9990000622501938,940.6217208930667,1.0000000001250561e-12,3.1125125e-17,"((0, 1), (2, 3))","((0,), (1, 2), (3,))"
0.001,0.0005,3,1e-09,0.25,2.5e-07,999.0002490009432,0.9990002490009432,800.3178462711468,1.0000000005000561e-12,1.245005e-16,"((0, 1), (2, 3))","((0,), (1, 2), (3,))"
0.001,0.0005,3,1e-09,1,1e-06,999.00099600394,0.9990009960039401,501.25012029925495,1.000000002000056e-12,4.98002e-16,"((0, 1), (2, 3))","((0,), (1, 2), (3,))"
0.001,0.0005,3,1e-09,4,4e-06,251.0030100280722,0.2510030100280722,200.92195653928545,1.000000008000056e-12,1.992008e-15,"((0, 1), (2, 3))","((0,), (1, 2), (3,))"
